covariate,coef,exp(coef),se(coef),coef_transformed,se_transformed,imp_num,pval,OR,OR_lower,OR_upper,Indel
smoked_substance_use,0.1659537851528472,1.1805185429785487,0.19625710083557263,0.33899336837403676,0.4008938730641079,1,0.3977793926242006,1.4035340374691,0.6397075344768104,3.0793881393712472,mce2D
screen_years,-0.06952876616742873,0.9328332989597351,0.18675078778993548,-0.005448165333686362,0.014633499545003812,1,0.7096637268475731,0.9945666490032029,0.9664465375248255,1.0235049543897312,mce2D
high_lung_involvement,0.048911869384439595,1.050127798252457,0.1871280903512421,0.09781821839762266,0.3742350607464435,1,0.7937981225586308,1.102762304988419,0.5295810681667528,2.2963145293563505,mce2D
F2,0.037718897029747775,1.038439283479486,0.13238981019889146,0.06860965158929258,0.24081347724868124,1,0.7757147368155635,1.0710180573446864,0.6680608005433503,1.71702886657238,mce2D
underweight,0.23538823031302394,1.2653999399977414,0.17769431908377792,0.4721909683299003,0.356456448494948,1,0.18527708583893687,1.6035035728887308,0.7973585452544317,3.224676933068379,mce2D
HIV_High_CD4,-0.10269800339907205,0.902399453903123,0.18660957780950735,-0.27318977606880174,0.4964052570328119,1,0.5820888087715064,0.7609483641361995,0.2876168111558816,2.0132425867406285,mce2D
Indel_Sample1,0.1643145229268076,1.178584948790854,0.19402911916162405,0.5703960916193951,0.6735463747135895,1,0.397075966978621,1.7689675859224216,0.47249385154472523,6.6228297147439,mce2D
fstrom1_baseline,-0.04490745690914198,0.9560859568887357,0.1638166794064462,-0.09627773723273453,0.35120891495020723,1,0.7839828876794295,0.908211736822136,0.4562864159067404,1.807742966141841,mce2D
RIF_pred_MIC_high,0.7142262302305883,2.0426055641903598,0.24173479274244464,1.4762577905625391,0.4996496291109909,1,0.0031308889576788703,4.376537079493937,1.6437208987688925,11.652876606077864,mce2D
screen_sex,-0.028074808706317483,0.9723156264063297,0.1800056791076997,-0.057485566821981186,0.3685769902451123,1,0.8760596331588699,0.9441355171640762,0.4584595593569001,1.9443195295590943,mce2D
diabetes,0.19144403990889267,1.210997063737802,0.1319868148540456,0.896650037615879,0.6181753297726079,1,0.1469251247943224,2.451377318994524,0.7298243831057327,8.23383117800025,mce2D
smear_pos_no_contam_sputum_specimen_1,0.08307300850647892,1.086621138238743,0.22243554492440018,0.18915132893683445,0.5064699073942635,1,0.7087986507430019,1.2082237778689302,0.4477539353959482,3.2602833431647373,mce2D
bl_prevtb,0.3458927410101292,1.4132510238107718,0.16960995576364798,0.7159952922978412,0.35109129350031887,1,0.04141588630097363,2.046222258347322,1.0282609752116671,4.071948300570403,mce2D
TTP_baseline,0.08351253337930245,1.0870988402295978,0.21345521134647213,0.2337014886094993,0.59733310228485,1,0.6956187483165928,1.2632673362287887,0.39178193641053904,4.073297450626543,mce2D
HIV_Low_CD4,0.33378068100809827,1.3962368887250893,0.14278531263812794,1.1204319212213074,0.4793004246924681,1,0.019405922816991838,3.0661782647881624,1.1984395685477887,7.844741944603489,mce2D
Lineage_2,0.6910794011730624,1.995868713992274,0.2642092194402094,1.380329339198365,0.5277190097997029,1,0.008905724508530586,3.976210934001471,1.4134295923252223,11.185738205511539,mce2D
peth_value_baseline,-0.2275668444094526,0.7964691802060723,0.2824177777652826,-0.0006479702686429724,0.0008041519572106881,1,0.420369206704866,0.9993522396187556,0.9977783922885844,1.00092856945951,mce2D
smoked_substance_use,0.16394989675972935,1.178155284216634,0.19566493181867545,0.33490003072823976,0.39968425094250437,1,0.4020804088348535,1.3978006411253663,0.6386065727569633,3.0595467000839447,recC_c.-251delG
screen_years,-0.049639963444881266,0.9515719635254238,0.18403670434273858,-0.0038897098699351455,0.014420828212477317,1,0.7873690526579391,0.9961178452525818,0.968357430192355,1.0246740828265708,recC_c.-251delG
high_lung_involvement,0.04895140884646511,1.0501693205615374,0.1859303492513469,0.09789729285910637,0.3718397137280646,1,0.7923361561678142,1.102849508771581,0.5321152626082628,2.2857398095215444,recC_c.-251delG
F2,0.03126126556188441,1.0317550307337797,0.13409472341905998,0.05686339493834299,0.24391466819637753,1,0.8156618341673803,1.0585112025305554,0.656258462430277,1.7073242175550953,recC_c.-251delG
underweight,0.2354204195470744,1.2654406729081544,0.1773918212588782,0.47225554023129007,0.3558496350588338,1,0.18446864413670172,1.603607117506318,0.7983589837239692,3.2210519825577997,recC_c.-251delG
HIV_High_CD4,-0.11086324386761594,0.8950611456601162,0.1856711540038353,-0.2949103562292684,0.493908930124362,1,0.550444221426893,0.744598333076458,0.282817328830539,1.9603702499872138,recC_c.-251delG
Indel_Sample1,0.051740213984756846,1.053102125769104,0.14777664332307203,0.26353316413503947,0.7526842933362743,1,0.7262453124236778,1.3015204580261335,0.29769049412259657,5.690324468214094,recC_c.-251delG
fstrom1_baseline,-0.06828201155744305,0.9339970384736204,0.16335178764523145,-0.1463907782565114,0.35021222687413883,1,0.6759428010732376,0.8638200751171916,0.43483260855289796,1.71602843829661,recC_c.-251delG
RIF_pred_MIC_high,0.6959025031988748,2.0055182440581314,0.24635728765202516,1.438383873814935,0.5092040165491291,1,0.004731466915255847,4.213880148940784,1.5532699293098613,11.431873864658398,recC_c.-251delG
screen_sex,-0.01975532473219929,0.9804385330223181,0.17976753351691982,-0.04045071337306149,0.3680893668238686,1,0.9124936554217749,0.960356496077347,0.4667821513702024,1.975835187465213,recC_c.-251delG
diabetes,0.18122888799597958,1.1986895135366495,0.13094548765390973,0.8488062063254175,0.6132981548361794,1,0.16635767586848627,2.3368554628162466,0.7024113422521167,7.774494979800675,recC_c.-251delG
smear_pos_no_contam_sputum_specimen_1,0.05733224841437572,1.0590076055483282,0.21777575742001737,0.13054144990632088,0.49585990283485804,1,0.7923480555853992,1.1394451688102416,0.43113841108358913,3.0114117864420082,recC_c.-251delG
bl_prevtb,0.3288738798983457,1.38940261293825,0.1687076119716915,0.6807663817381052,0.3492234488465449,1,0.0512510264961672,1.9753910558954222,0.9963078323170428,3.9166306809378684,recC_c.-251delG
TTP_baseline,0.06731404136954741,1.0696313339245567,0.21086917330413907,0.18837162562096912,0.5900963329564773,1,0.7495583115908615,1.2072820889497122,0.3797675460414383,3.837953130781065,recC_c.-251delG
HIV_Low_CD4,0.32490692348552713,1.383901831227207,0.14209338622301718,1.0906445735550558,0.47697777246381046,1,0.02222074920745326,2.976191828976864,1.1685753041923301,7.579928970851158,recC_c.-251delG
Lineage_2,0.647848129841211,1.9114232656857058,0.2580441222603671,1.293981240718063,0.5154051360221015,1,0.012052279789908903,3.647278382091536,1.32817489000977,10.01572887466228,recC_c.-251delG
peth_value_baseline,-0.22302101565286903,0.8000980345353133,0.2838016523665693,-0.0006350265470377786,0.0008080923800762902,1,0.43196468705075497,0.9993651750396468,0.9977836013386842,1.0009492556723412,recC_c.-251delG
smoked_substance_use,0.17540359601625335,1.1917270958737092,0.19845207461923603,0.358296472621603,0.4053775403437149,1,0.376772485117288,1.430889777244842,0.6464697278140109,3.167117448093164,Rv1894c
screen_years,-0.04062866185593658,0.9601856173001113,0.18487175923440227,-0.0031835983763116586,0.014486261807279386,1,0.826052832384613,0.99682146389949,0.9689171708060881,1.025529385617199,Rv1894c
high_lung_involvement,0.040739817129305904,1.0415810687349167,0.18710050263854147,0.08147503621485867,0.37417988843469174,1,0.8276293899717962,1.0848861343815899,0.5210527113883472,2.2588461759221374,Rv1894c
F2,0.04105944113928317,1.0419140362621957,0.13462158215352826,0.07468601080237161,0.24487300995754133,1,0.7603669523908119,1.077545760033275,0.6668059069440914,1.7412936101405014,Rv1894c
underweight,0.21544375037752803,1.240412208242311,0.17856147859353796,0.43218215700974905,0.35819597849636553,1,0.22760463266866948,1.5406157235563336,0.7634794576012752,3.1087893512238485,Rv1894c
HIV_High_CD4,-0.145047510162525,0.8649811967372633,0.18602407345930586,-0.38584486074824215,0.4948477408491983,1,0.4355531100613548,0.6798759929518874,0.25775941975964095,1.7932666291045447,Rv1894c
Indel_Sample1,0.1558590936212221,1.1686615196249188,0.10293896636947847,1.2776688160324638,0.843851354637859,1,0.13000243804705164,3.5882650619374457,0.6864310832606324,18.757376332027423,Rv1894c
fstrom1_baseline,-0.06403396296516008,0.9379731426405907,0.16121515953523755,-0.13728332630377238,0.34563147940152494,1,0.6912231765358584,0.8717232090258141,0.44276834106182034,1.716250424165182,Rv1894c
RIF_pred_MIC_high,0.7412681555468126,2.098595172816616,0.24840300948905633,1.5321516393602765,0.5134323865969026,1,0.0028438111669105187,4.62812417103925,1.6918839191612656,12.660167225406493,Rv1894c
screen_sex,0.005116654401464731,1.005129766831983,0.18041444025534822,0.010476786558983677,0.369413963579933,1,0.9773745807898232,1.0105318602510216,0.4898964300596464,2.084470467478318,Rv1894c
diabetes,0.18384687438995337,1.2018317777814893,0.1318463110831624,0.8610678447642615,0.6175172643060227,1,0.16319598234847255,2.3656855303065285,0.7052212094565894,7.93576250012965,Rv1894c
smear_pos_no_contam_sputum_specimen_1,0.06672125033260487,1.0689974539547178,0.2185393619244753,0.15191953915759707,0.4975985759538062,1,0.7601335530117233,1.164066570887052,0.4389561537444788,3.0869848159037985,Rv1894c
bl_prevtb,0.3374580708268881,1.4013808484199142,0.16943368872441703,0.6985355904097674,0.3507264220956514,1,0.04640593217206791,2.0108059068814383,1.0111865412857783,3.9986097817401287,Rv1894c
TTP_baseline,0.07716696420147308,1.0802224198104708,0.20995183286311017,0.21594404666724806,0.5875292472993288,1,0.7132117582225086,1.2410329371290505,0.3923534772193595,3.9254469259567015,Rv1894c
HIV_Low_CD4,0.28582566791024144,1.3308604233487966,0.14807798017225293,0.9594569741538315,0.497066802410121,1,0.05357741905524644,2.6102786397307125,0.9853325737417962,6.914979529358269,Rv1894c
Lineage_2,0.6347285245833522,1.8865099308660993,0.2595607116185474,1.267776761138171,0.5184342999402545,1,0.014469348389127277,3.552944730314631,1.2861640771754224,9.814779063331569,Rv1894c
peth_value_baseline,-0.24534769761677655,0.7824324410457958,0.28926712706763125,-0.0006985991915836132,0.0008236546871403916,1,0.39634330505279614,0.9993016447720174,0.9976897400537524,1.0009161537436053,Rv1894c
smoked_substance_use,0.13578369026341644,1.145434098247489,0.19792480241932456,0.27736499345440047,0.40430048278257913,1,0.4926899276951716,1.3196479460061616,0.5974710837580329,2.914736375934055,Rv3705A
screen_years,-0.05230348117138734,0.9490408071189104,0.1853660874622405,-0.004098418951702333,0.01452499659379761,1,0.7778184043762534,0.9959099681054461,0.9679577017968736,1.0246694279415196,Rv3705A
high_lung_involvement,0.038024383816245344,1.0387565614188106,0.18584738012816499,0.07604447606240539,0.3716737848458974,1,0.8378846140224309,1.0790105632312397,0.5207825180032626,2.2356046052169964,Rv3705A
F2,0.03210876148831873,1.0326298095527884,0.1317367500528994,0.058404967063056645,0.23962557853976538,1,0.807436624814349,1.0601442322872492,0.6628195242415232,1.6956437644742393,Rv3705A
underweight,0.24729694818347545,1.2805593160878799,0.17739287089626224,0.496079966583289,0.3558517406411397,1,0.16329839310052618,1.6422708793590253,0.8176044400898003,3.2987267545837193,Rv3705A
HIV_High_CD4,-0.12151893908594784,0.8855742812226182,0.186537129833551,-0.3232558633881719,0.49621253618456673,1,0.5147583755817703,0.7237886396604306,0.273674848111598,1.9142058487153157,Rv3705A
Indel_Sample1,-1.9239506524043228,0.14602891157316542,338.8363514899995,-15.490184414382709,2728.0520757211593,1,0.9954695466829555,1.8736927880550426e-07,0.0,inf,Rv3705A
fstrom1_baseline,-0.08051383206427963,0.9226421414500858,0.16222165508473313,-0.172614752662763,0.3477893195623764,1,0.619668743813546,0.8414617232979427,0.4255940619604155,1.663692929628797,Rv3705A
RIF_pred_MIC_high,0.6936019211180164,2.000909687936466,0.24173617435330527,1.433628724709589,0.49965248480812186,1,0.004114442809398561,4.193890086052342,1.5751143135880925,11.166627020118446,Rv3705A
screen_sex,-0.015441604935092947,0.9846770053505395,0.18024198425844204,-0.0316180039415611,0.36906084520831,1,0.931727541840059,0.9688766184478415,0.47002755015083464,1.9971635736536775,Rv3705A
diabetes,0.1684395852729603,1.1834567264699496,0.13160085305011382,0.7889060455623379,0.6163676335592475,1,0.2005705429471314,2.200987328919121,0.6576040230711402,7.366659953566706,Rv3705A
smear_pos_no_contam_sputum_specimen_1,0.030934857720401096,1.0314183127579417,0.21797222270597477,0.07043646972084089,0.49630724031061463,1,0.8871423272442445,1.0729764007750766,0.4056324412464483,2.8382304755569607,Rv3705A
bl_prevtb,0.3238719014554271,1.3824702033553893,0.16860049153089182,0.6704123251399642,0.3490017103645592,1,0.05473891825619267,1.9550432679574468,0.9864738539551801,3.8746026204962054,Rv3705A
TTP_baseline,0.0574740892421735,1.059157826717239,0.2114171921756149,0.16083550179666872,0.5916299090661651,1,0.7857361739204565,1.1744917511394373,0.3683440672934953,3.7449520597150165,Rv3705A
HIV_Low_CD4,0.3281404073146285,1.388383897859376,0.14136269138716123,1.1014987023438645,0.4745249827568331,1,0.02027249275857688,3.0086717501357176,1.187021022844575,7.6259017539321,Rv3705A
Lineage_2,0.6474826950292712,1.9107248926967455,0.2542742237011298,1.2932513384931832,0.5078753187850604,1,0.010884184820181086,3.6446171968063688,1.3469381843683585,9.861799647090585,Rv3705A
peth_value_baseline,-0.23226814733517562,0.7927335254218332,0.28843825903249254,-0.0006613566849623534,0.0008212945812787835,1,0.4206689492981759,0.999338861963166,0.997731512430831,1.0009488009421474,Rv3705A
smoked_substance_use,0.15536041490178185,1.1680788782823466,0.19562824376588667,0.3173543183184174,0.3996093083518157,1,0.4271014321963714,1.3734891380824872,0.6275916681539107,3.0058914229688827,Rv0025
screen_years,-0.04973343985538556,0.9514830181511489,0.18451472417775397,-0.0038970345352111056,0.014458285098849699,1,0.7875169128094647,0.9961105490495111,0.9682792493185177,1.02474180524478,Rv0025
high_lung_involvement,0.03547139673648033,1.036108011633725,0.18787266733921842,0.07093879004227119,0.37572413068673255,1,0.8502452449653172,1.0735155140180337,0.5140334312876841,2.241946707533174,Rv0025
F2,0.023726976694797557,1.0240107009352537,0.13454556641859616,0.043158727653500824,0.24473473939557652,1,0.8600197652318529,1.0441036098144887,0.6462863886682855,1.6867945343456399,Rv0025
underweight,0.26156594083809015,1.2989625934299647,0.1787193986152353,0.5247036978960858,0.3585127675213086,1,0.14331516036055444,1.6899580360652715,0.8369688591984966,3.412263350390992,Rv0025
HIV_High_CD4,-0.10799820824629033,0.8976292047594515,0.18683531970030656,-0.28728899637889616,0.49700575922911205,1,0.5632374028043345,0.7502948650030558,0.28325651326618223,1.9873943160521237,Rv0025
Indel_Sample1,0.21562126207531837,1.2406324154634567,0.18368353193423684,0.5954292193890718,0.5072344952513367,1,0.24044562950937032,1.8138093000253137,0.6711704683928496,4.901741557157832,Rv0025
fstrom1_baseline,-0.07307052024643777,0.9295352766576175,0.1625773828957167,-0.15665693031736985,0.34855196948890294,1,0.6531065568921284,0.8549973321716081,0.4317941809492532,1.6929835330654457,Rv0025
RIF_pred_MIC_high,0.6473980730267868,1.9105632101711745,0.2552758353932462,1.3381284646916605,0.5276380575101154,1,0.01121034638695795,3.8119027148070925,1.3552377159895082,10.72181074634892,Rv0025
screen_sex,-0.027949777238173955,0.9724372040569559,0.18004440027212093,-0.057229554220363785,0.3686562751338553,1,0.8766334963204073,0.9443772586972238,0.4585056905375963,1.9451196029841942,Rv0025
diabetes,0.18464263676997078,1.2027885309209472,0.1323154018762049,0.8647948888044702,0.6197143046392032,1,0.16287310099780672,2.3745189955949795,0.7048129510780151,7.999768522722969,Rv0025
smear_pos_no_contam_sputum_specimen_1,0.06247559783955543,1.0644684832702127,0.21879440425871766,0.14225249054936406,0.49817928920019516,1,0.7752268098944026,1.1528676999905025,0.43423866610745976,3.060768276569093,Rv0025
bl_prevtb,0.3424756259715303,1.4084300241303502,0.1677857015774587,0.7089218906597151,0.34731510147775224,1,0.04123601385342202,2.0317995753221636,1.0285980930985035,4.013432984153887,Rv0025
TTP_baseline,0.06545480913756255,1.0676444884480927,0.21239867266455806,0.18316874980456727,0.5943764842450716,1,0.7579533006035538,1.2010170623759715,0.37464073486964566,3.8502006051747104,Rv0025
HIV_Low_CD4,0.3220794637914146,1.3799944311900119,0.14299572567834595,1.0811533828495836,0.4800067372513299,1,0.02429881992831191,2.9480778533523027,1.1506850555569899,7.55303372321921,Rv0025
Lineage_2,0.7116892926981352,2.0374301690733856,0.2720260964060381,1.4214945626176485,0.5433320704675828,1,0.00889004652613201,4.143308248687871,1.428440475883629,12.018003923492504,Rv0025
peth_value_baseline,-0.2090917151889884,0.8113208217885226,0.28304809148469784,-0.0005953644750561956,0.0008059467026234424,1,0.4600804095270298,0.9994048127192061,0.9978273725933388,1.0009847465803818,Rv0025
smoked_substance_use,0.12935092340050708,1.1380894363127176,0.19467953516191863,0.2642247971954595,0.3976713837364274,1,0.5064151377226692,1.3024209439707461,0.5973830224857017,2.8395522662083184,espR_c.-145_-144insG
screen_years,-0.019561123502802535,0.9806289538801628,0.1847308157131073,-0.0015327790327717748,0.014475217693467875,1,0.9156697252551875,0.9984683950730517,0.9705390071128225,1.0272015124105818,espR_c.-145_-144insG
high_lung_involvement,0.05989688398914044,1.061727059841508,0.18448715018958942,0.11978700779837177,0.3689534784892383,1,0.7454331359170925,1.1272567291156428,0.5469770016217113,2.3231465483357154,espR_c.-145_-144insG
F2,0.02495774107051919,1.0252717927205548,0.1321965965208018,0.04539745470164799,0.24046202680394627,1,0.8502553606141542,1.0464436912312753,0.6531820113824407,1.676476663219961,espR_c.-145_-144insG
underweight,0.24924640418281352,1.283058145016284,0.17921214380782963,0.4999905933585524,0.35950121893759907,1,0.16428920660042579,1.6487057618432308,0.8149578799193082,3.335424757662579,espR_c.-145_-144insG
HIV_High_CD4,-0.05756261638277364,0.944062774739572,0.18532892485694116,-0.15312389490608502,0.49299855698262796,1,0.7561069740351536,0.8580234104959524,0.32648106983176733,2.2549674115515015,espR_c.-145_-144insG
Indel_Sample1,-0.2083123225897691,0.8119534057162109,0.17592764121737398,-1.0199245708206943,0.8613649050300579,1,0.23638157364043266,0.36062214057931663,0.066658763060262,1.9509562179910211,espR_c.-145_-144insG
fstrom1_baseline,-0.05872197044357699,0.9429689059411638,0.1609070766145403,-0.12589486978952444,0.34497097603468335,1,0.7151536807473935,0.8817075360099503,0.44841974315257616,1.7336617999716892,espR_c.-145_-144insG
RIF_pred_MIC_high,0.7011704775106792,2.0161111397033267,0.24236301904548244,1.4492724239536967,0.5009481308109305,1,0.003815098051334055,4.260013903267187,1.5958908858708238,11.371528352408088,espR_c.-145_-144insG
screen_sex,-0.042716075821703704,0.9581834028850168,0.18029696962627892,-0.08746481077425135,0.36917343244158674,1,0.8127183471063362,0.9162511132508625,0.4443994573025487,1.8891024476699554,espR_c.-145_-144insG
diabetes,0.17133518550177299,1.1868885101769338,0.1330333826791192,0.8024679201201513,0.6230770497747893,1,0.19777687112620224,2.2310401687798374,0.6578747883460467,7.566090573592465,espR_c.-145_-144insG
smear_pos_no_contam_sputum_specimen_1,0.04891245563302447,1.0501284138885731,0.21487755059369115,0.11137018089129364,0.48926089212621543,1,0.8199343340738549,1.1178086216669392,0.42845757812514274,2.916265643241798,espR_c.-145_-144insG
bl_prevtb,0.32426870117310486,1.383018875991153,0.16793904933310855,0.6712336974792988,0.34763253014309253,1,0.053498962337059856,1.9566497460879817,0.9899374284312837,3.8673941593793524,espR_c.-145_-144insG
TTP_baseline,0.08290748632390502,1.0864412932208913,0.20732045178401054,0.23200832481954511,0.5801655900086153,1,0.6892300384977106,1.2611302274661962,0.4045033192665217,3.931857601348913,espR_c.-145_-144insG
HIV_Low_CD4,0.3320352764004265,1.3938020159633164,0.14208745830142872,1.114572963081562,0.47695787367112374,1,0.019447644089300404,3.048266179005736,1.1969213380999002,7.76318911050668,espR_c.-145_-144insG
Lineage_2,0.677085467885399,1.9681331776004678,0.256947999094422,1.352378518127793,0.5132157914073426,1,0.008411076700291785,3.8666114073047226,1.4141010808544365,10.572570785438769,espR_c.-145_-144insG
peth_value_baseline,-0.26419003941023156,0.7678276082849516,0.2936965811059396,-0.0007522505804994784,0.0008362670451954174,1,0.3683683321766307,0.9992480322890345,0.9976115530188765,1.000887196035323,espR_c.-145_-144insG
smoked_substance_use,0.19181835638201683,1.2114504447363585,0.19791463709298052,0.3918268612314065,0.40427971809670704,1,0.33244669626009815,1.479681498990132,0.6699535978618253,3.2680731104980913,frdB
screen_years,-0.07151171765910812,0.9309853685617643,0.1854891688425591,-0.005603546310091639,0.014534641058188927,1,0.6998444711331078,0.9944121242715934,0.9664836286158335,1.0231476701933893,frdB
high_lung_involvement,0.06049267784225196,1.062359818775668,0.18919941234114293,0.12097852826113625,0.3783774709493211,1,0.7491732172926584,1.128600679088117,0.5376068826209166,2.3692767596807562,frdB
F2,0.0313713888776251,1.0318686572751472,0.13057589703681946,0.057063706265550344,0.2375140183603463,1,0.8101333099650729,1.058723255552,0.6646762389886591,1.686377315897629,frdB
underweight,0.26096974386196975,1.2981883866724646,0.17777665993632025,0.523507721244682,0.3566216250071439,1,0.1421139912036293,1.687938093854916,0.8390727886200874,3.395575505877343,frdB
HIV_High_CD4,-0.10679896746797174,0.8987063240391997,0.18535684709658168,-0.28409886308673915,0.49307283369826277,1,0.564493305905484,0.7526922275507217,0.2863604752330585,1.9784350090709137,frdB
Indel_Sample1,-0.1907817844459816,0.8263128828024431,0.19842695806903987,-1.0399990947986932,1.0816748431970455,1,0.33631535281781844,0.3534550019065649,0.04242392400593119,2.944811006999342,frdB
fstrom1_baseline,-0.035826310979762785,0.9648078554619962,0.16297228251549792,-0.07680853898065315,0.34939860041488763,1,0.8260030091097466,0.9260671423930741,0.46691072246420984,1.8367544606684671,frdB
RIF_pred_MIC_high,0.6938923000665181,2.001490794354148,0.24074783073612732,1.4342289185512551,0.4976096447346893,1,0.003948626415561868,4.196407988593829,1.5823829966102418,11.128683791760688,frdB
screen_sex,-0.020148952183971836,0.9800526814468131,0.17884278879187207,-0.0412566991740171,0.36619587307860063,1,0.910297793471703,0.959582774223952,0.46814021572135084,1.9669301411511704,frdB
diabetes,0.20162986506252947,1.2233951030285704,0.13394801445255206,0.9443565136780412,0.6273608322025083,1,0.13225095784506216,2.5711583409244105,0.7518276856215246,8.793045721161588,frdB
smear_pos_no_contam_sputum_specimen_1,0.03330246542570444,1.0338631998272692,0.21805777182698236,0.07582734398807403,0.4965020295715176,1,0.8786166196698504,1.0787763008632771,0.4076693897830741,2.854661979707395,frdB
bl_prevtb,0.3461773124277962,1.4136532518867295,0.1680176357585779,0.7165843529262229,0.3477952034345593,1,0.039363855641709376,2.0474279623981615,1.0355350816207085,4.0481112959003545,frdB
TTP_baseline,0.07284819291005097,1.075567245787014,0.21215166313489164,0.20385839629923444,0.5936852527322928,1,0.7313141819992495,1.2261245173934838,0.3829911806046142,3.9253680196501404,frdB
HIV_Low_CD4,0.3472383136832862,1.4151539357347527,0.14134622155965632,1.1656063788556175,0.4744696969912885,1,0.014023891513171417,3.207867476572495,1.2657475053727152,8.129910352239996,frdB
Lineage_2,0.642883370094781,1.9019570266434223,0.25399049196721735,1.2840648642084525,0.5073086064273832,1,0.011369516963166064,3.6112893318190733,1.3361044678602207,9.76077167004474,frdB
peth_value_baseline,-0.22516570321163043,0.7983839130194353,0.27949192677218526,-0.0006411332968027199,0.0007958209349173199,1,0.42045906549131673,0.9993590721852333,0.9978015065672007,1.0009190691592407,frdB
smoked_substance_use,0.17527281032618963,1.191571245214848,0.19634360741093165,0.35802931703024976,0.4010705798221999,1,0.3720263842646081,1.4305075580985052,0.6517758433700992,3.1396559025507838,Rv0499
screen_years,-0.050108843607608325,0.9511258948928584,0.1863463241832419,-0.003926450585886746,0.014601806409598253,1,0.7880053277135278,0.9960812478420867,0.9679784394414264,1.0249999502831761,Rv0499
high_lung_involvement,0.034847669331872895,1.0354619641724334,0.18530899002268209,0.06969140562919696,0.3705970653995947,1,0.8508361286835803,1.072177262329326,0.5185776542912806,2.216763627092787,Rv0499
F2,0.04285716379163075,1.0437887933687378,0.13228398463800486,0.07795601959224877,0.2406209834210928,1,0.745954329508935,1.0810751115003052,0.6745884742315522,1.7324983176398498,Rv0499
underweight,0.23602243170451367,1.2662027129334283,0.1773254000093716,0.47346318219023426,0.35571639341765027,1,0.1831846980607087,1.6055448705675301,0.7995324676261207,3.224102129409873,Rv0499
HIV_High_CD4,-0.120579774083506,0.886406372268839,0.18528297479154884,-0.3207575648018621,0.4928763239531688,1,0.5151839138392998,0.7255991404397641,0.27615929924613297,1.9064869951660584,Rv0499
Indel_Sample1,0.1981848975692377,1.2191877978429382,0.15374220768158037,0.875397226068307,0.6790906057160806,1,0.19737277994167213,2.3998283790510673,0.634070010887184,9.082871212976462,Rv0499
fstrom1_baseline,-0.06623554130487083,0.9359103927724077,0.16203015864966785,-0.1420033215000446,0.34737876762456527,1,0.6826972544726545,0.8676183746866578,0.4391768081067795,1.7140286786521175,Rv0499
RIF_pred_MIC_high,0.685995515842485,1.9857476951639117,0.24861592082385145,1.4179067943590975,0.5138724600685656,1,0.005793274362568509,4.128469653505198,1.5079261254806133,11.303114517285058,Rv0499
screen_sex,-0.020305498137147635,0.9798992701739039,0.18005507079553332,-0.041577240373287076,0.3686781239411995,1,0.91020987455259,0.9592752377023994,0.46571888163413716,1.9758893572021827,Rv0499
diabetes,0.17532293447060396,1.1916309732009176,0.13254712739927038,0.8211449981039141,0.6207996176062305,1,0.18592801268789583,2.273101044445623,0.6732760238169051,7.674398278684175,Rv0499
smear_pos_no_contam_sputum_specimen_1,0.05140680462371985,1.052751070188105,0.21964442979788865,0.11704963604651997,0.5001147368655088,1,0.8149496052515075,1.1241752279196333,0.4218281664623941,2.9959354152820037,Rv0499
bl_prevtb,0.35484814763422856,1.4259641018175282,0.16814181770744163,0.7345329145813927,0.3480522591059652,1,0.03482306910785939,2.084508121733685,1.053758210495787,4.123502020002591,Rv0499
TTP_baseline,0.05060107717592846,1.0519031813846742,0.21252767087423607,0.14160206357947053,0.5947374728585147,1,0.8118099621749415,1.1521180875562091,0.359133187498017,3.6960552070435044,Rv0499
HIV_Low_CD4,0.34126642044586436,1.406727972035449,0.14226999699242152,1.1455599825419531,0.47757061787078375,1,0.01645232158499656,3.1442015619341728,1.233109183603575,8.017135541216993,Rv0499
Lineage_2,0.6848873593848042,1.9835483948416819,0.2637084678140071,1.3679616475331713,0.5267188321643616,1,0.009400406887489965,3.9273372335770156,1.3987957760569292,11.026611611395532,Rv0499
peth_value_baseline,-0.2657555646077572,0.7666264952485017,0.28684830916021736,-0.0007567082324278183,0.0008167673829140985,1,0.35420320840135233,0.9992435779990443,0.9976452339349575,1.000844482796807,Rv0499
smoked_substance_use,0.16099607492818646,1.1746803581000593,0.1962628423848065,0.32886626650087225,0.400905601311901,1,0.41204027044659075,1.3893920349041744,0.6332472876881051,3.0484303118025395,Rv2963
screen_years,-0.0656829593719305,0.936427702861246,0.18646003701194633,-0.005146813930256679,0.014610716768942917,1,0.7246410845523619,0.9948664082228467,0.9667809905467676,1.023767719771222,Rv2963
high_lung_involvement,0.04130550567768204,1.0421704459039463,0.1867710812141752,0.08260634946594646,0.3735210827656579,1,0.8249711328006639,1.086114174959649,0.5223165171205376,2.2584849653070544,Rv2963
F2,0.039210644771095204,1.0399895289352399,0.13234104203136554,0.0713231003073779,0.2407247692734729,1,0.7670125606455571,1.0739281563360827,0.6699924886330992,1.7213949477618682,Rv2963
underweight,0.22607289420015367,1.253667047004198,0.17818123200502833,0.45350431788180723,0.3574332003209498,1,0.2045193186867098,1.5738176908123347,0.7811001677332292,3.1710428780240782,Rv2963
HIV_High_CD4,-0.10252694009041442,0.9025538345434936,0.18645868928884451,-0.2727347258688074,0.4960038743398003,1,0.5824125865606173,0.7612947126384861,0.28797417996425445,2.0125750147574184,Rv2963
Indel_Sample1,0.15464423019594836,1.167242617548832,0.19475430129802096,0.6107280986806237,0.7691326342463821,1,0.42716758754520767,1.8417719024051087,0.4078955412213051,8.316157931838054,Rv2963
fstrom1_baseline,-0.044505153579451125,0.9564706708333244,0.1640992687816115,-0.09541523338750019,0.3518147623412535,1,0.7862305022415297,0.908995410849781,0.4561381764646038,1.8114525369267802,Rv2963
RIF_pred_MIC_high,0.7148609223345254,2.0439024013160174,0.24071518533635577,1.4775696566399628,0.49754216887942254,1,0.0029805427871454045,4.382282277666453,1.652691093097656,11.620077122309938,Rv2963
screen_sex,-0.020773154833571592,0.9794411208550344,0.18016939295720424,-0.04253480737056378,0.3689122083238471,1,0.9082089932244904,0.9583571070494326,0.4650597211120751,1.974904088524191,Rv2963
diabetes,0.1874367357963814,1.206153940638703,0.1316083424691877,0.8778813708820833,0.6164027111093113,1,0.15438828926170334,2.4057973110490627,0.71874708475991,8.052708420771229,Rv2963
smear_pos_no_contam_sputum_specimen_1,0.07945427931638305,1.0826960567939319,0.2214949201643777,0.180911740077888,0.5043281717500647,1,0.7198058433390236,1.1983094119303956,0.4459478273051192,3.219985296034397,Rv2963
bl_prevtb,0.3407591019952192,1.406014493975791,0.16894379309587912,0.7053686993363993,0.34971234194257833,1,0.04369583988184662,2.0245930134290107,1.0201453367746014,4.018032257036351,Rv2963
TTP_baseline,0.07592640289959907,1.0788831685624314,0.21279912920342717,0.21247245969427822,0.5954971218963336,1,0.7212426846202507,1.2367320531174306,0.38493513010688785,3.973412794990536,Rv2963
HIV_Low_CD4,0.33244149111070326,1.3943683138568945,0.1425541651800021,1.1159365408862723,0.47852451103020593,1,0.01969878042191303,3.052425562287162,1.1948799660848402,7.797688535889752,Rv2963
Lineage_2,0.6799828710380765,1.9738439220434982,0.26075021276046695,1.358165654269223,0.5208101533116826,1,0.00911277458603212,3.889052887242447,1.4012945823065233,10.793399582601381,Rv2963
peth_value_baseline,-0.22278156050596573,0.8002896450678585,0.2811494862350054,-0.000634344726202808,0.0008005406437712283,1,0.42813015889909967,0.9993658564278772,0.9977990500938995,1.0009351230589336,Rv2963
smoked_substance_use,0.16575839528419872,1.1802879041484782,0.19614241951851413,0.33859424599392174,0.4006596138339046,1,0.3980594584249111,1.4029739673991777,0.6397459291314296,3.0767463512775444,echA4
screen_years,-0.04955511701288555,0.9516527044365568,0.1843343118357612,-0.003883061436272841,0.014444148270000368,1,0.7880583187518272,0.9961244678980109,0.9683196087885063,1.0247277309467546,echA4
high_lung_involvement,0.0459230098568006,1.0469937996512748,0.18585914597056677,0.09184083667588833,0.3716973152027653,1,0.8048424306085364,1.0961903348976438,0.5290499044325235,2.2713041629067487,echA4
F2,0.040037812853384355,1.0408501309616849,0.13245728626811612,0.07282769663443603,0.24093621439013235,1,0.7624465397438867,1.075545200890222,0.6707232936376195,1.724701512726925,echA4
underweight,0.2317274156995196,1.2607760142369537,0.17825513621338337,0.4648473403374211,0.3575814528468319,1,0.19360916279402896,1.5917711710881843,0.7897811250699657,3.208148917059761,echA4
HIV_High_CD4,-0.11526990462905796,0.8911255925228317,0.18566536789965857,-0.3066326354049549,0.49389353834991623,1,0.5346998776864536,0.7359209025389352,0.2795298532057366,1.9374659578671662,echA4
Indel_Sample1,-0.06975015781368409,0.932626800319377,0.19171630219905797,-0.2634250688268718,0.7240539904859137,1,0.7159926887970796,0.7684151985343551,0.18590029208872036,3.1762290995045657,echA4
fstrom1_baseline,-0.059942435932049946,0.9418187469422087,0.16273082315422055,-0.12851144315368881,0.34888093224711586,1,0.7126098133637636,0.8794034992114427,0.44383362499649137,1.742433359868674,echA4
RIF_pred_MIC_high,0.7034418186083748,2.02069562028109,0.24268056418565778,1.4539671339049338,0.501604475351634,1,0.003747936725081457,4.280060452478981,1.6013394379190693,11.439746654013527,echA4
screen_sex,-0.011910879951500072,0.9881597737848409,0.18062107665642765,-0.024388543214062194,0.36983706924616794,1,0.9474223936757336,0.9759064542537446,0.47271818138362887,2.0147171083339654,echA4
diabetes,0.1767530073831225,1.1933363114658067,0.13135468911157336,0.8278429080070556,0.6152146966234359,1,0.17842630040470708,2.288377172396641,0.6852608295467588,7.64186402805141,echA4
smear_pos_no_contam_sputum_specimen_1,0.049298223007134406,1.050533597317526,0.21754289786031586,0.11224854575113469,0.49532969818758377,1,0.8207240596635117,1.118790896815071,0.42376347424290983,2.95375403232317,echA4
bl_prevtb,0.33348957340086605,1.3958304927006402,0.16813616632467904,0.6903208315043624,0.34804056078746,1,0.0473172569803386,1.994355282617273,1.0082073644595113,3.945074330453527,echA4
TTP_baseline,0.0691332285764585,1.0715789645785974,0.21037620235667387,0.19346243943191554,0.5887168029673607,1,0.7424450816590882,1.2134438080567589,0.3827392651485336,3.8471252086975207,echA4
HIV_Low_CD4,0.32050867803118477,1.3778284571742272,0.14180277531168642,1.0758805836514818,0.4760022524285382,1,0.023806196313719778,2.9325741407130237,1.1536528646809798,7.45457438200605,echA4
Lineage_2,0.6552471510568585,1.9256183771863407,0.25784679062315485,1.308759696056152,0.5150109951347681,1,0.011046426683307674,3.701579779863487,1.3489907144929767,10.156995685358776,echA4
peth_value_baseline,-0.23736294884195516,0.7887049765046701,0.2848528726330259,-0.0006758635429785004,0.000811085608198895,1,0.40468535429059016,0.9993243648013398,0.9977370023254356,1.0009142527119268,echA4
smoked_substance_use,0.16225640469391292,1.1761617760620693,0.196878325552979,0.3314407388586565,0.40216284719010825,1,0.4098568358190612,1.3929735946272261,0.6333171486698609,3.0638289826890275,"moeW_c.-360delC,mmpL9_c.-270delG"
screen_years,-0.04912852426994579,0.9520587591779136,0.1852145657068342,-0.0038496342963737964,0.014513123586111612,1,0.7908153792387514,0.996157766046484,0.9682210756663816,1.0249005312880084,"moeW_c.-360delC,mmpL9_c.-270delG"
high_lung_involvement,0.05517057888094627,1.0567208535632566,0.1865642017320138,0.11033493100994678,0.3731073471505049,1,0.7674446871075291,1.116652009218739,0.5374379154601445,2.3201037251431424,"moeW_c.-360delC,mmpL9_c.-270delG"
F2,0.03719943953087973,1.0378999984865067,0.13203921712709007,0.06766477247512671,0.24017575795145626,1,0.7781503697972583,1.070006552701468,0.6682646087019418,1.71326448822121,"moeW_c.-360delC,mmpL9_c.-270delG"
underweight,0.23858303474420248,1.2694491100423797,0.1770447833738877,0.47859977558409794,0.35515347384999635,1,0.17779164264582958,1.6138131188785438,0.8045370644934103,3.2371321317612516,"moeW_c.-360delC,mmpL9_c.-270delG"
HIV_High_CD4,-0.11370031542318963,0.8925253919015462,0.18601222918426785,-0.3024573281012196,0.4948162335682558,1,0.5410328756119329,0.7390000221202773,0.28019224423255473,1.949094037879575,"moeW_c.-360delC,mmpL9_c.-270delG"
Indel_Sample1,0.0901515161928822,1.0943400813872266,0.14748457401794773,0.6672308512393962,1.0915652007020213,1,0.5410270389566143,1.948833232596718,0.22942074910689728,16.554522567197,"moeW_c.-360delC,mmpL9_c.-270delG"
fstrom1_baseline,-0.05265024327399877,0.9487117727847856,0.1632395819175969,-0.11287760732987925,0.3499716674146472,1,0.7470485187835115,0.8932599819000833,0.4498642218038423,1.7736760484412502,"moeW_c.-360delC,mmpL9_c.-270delG"
RIF_pred_MIC_high,0.7039656427478534,2.0217543867050276,0.24483488926116037,1.4550498433239654,0.5060573210208391,1,0.0040368615117585185,4.284697023821698,1.589144339327383,11.552524293493027,"moeW_c.-360delC,mmpL9_c.-270delG"
screen_sex,-0.017201161783046277,0.9829459335889612,0.17972217798110648,-0.035220846754069196,0.3679964974935014,1,0.9237511100695012,0.9653921889818169,0.46931517173036924,1.9858341146545033,"moeW_c.-360delC,mmpL9_c.-270delG"
diabetes,0.17201622479286469,1.1876971031970651,0.13278731402686555,0.8056576454637341,0.6219245591231903,1,0.19517309108061487,2.2381679359151185,0.6614690451097333,7.5731370143368,"moeW_c.-360delC,mmpL9_c.-270delG"
smear_pos_no_contam_sputum_specimen_1,0.05853732795572621,1.0602845632111515,0.21801116400621215,0.13328533026913764,0.49639590688021235,1,0.7883097781441614,1.1425759633319696,0.43186908990492606,3.0228600807512613,"moeW_c.-360delC,mmpL9_c.-270delG"
bl_prevtb,0.33465850729701707,1.3974630802844235,0.16740920060222308,0.6927405156070334,0.34653574737790327,1,0.045603496882271034,1.999186835448145,1.0136350522785305,3.942985193778526,"moeW_c.-360delC,mmpL9_c.-270delG"
TTP_baseline,0.07203330992610481,1.0746911413501117,0.21092082374157084,0.2015780276086354,0.5902408715499878,1,0.7327134707776026,1.2233316869850002,0.3847071733335014,3.890076713189385,"moeW_c.-360delC,mmpL9_c.-270delG"
HIV_Low_CD4,0.3281607090919817,1.3884120848062729,0.14127360610438508,1.1015668511634287,0.47422594209866203,1,0.02018595169065102,3.0088767945506336,1.1877978946451937,7.621952863866296,"moeW_c.-360delC,mmpL9_c.-270delG"
Lineage_2,0.6550370735679061,1.9252138906012315,0.2587046532225662,1.3083400972068535,0.5167244493528486,1,0.011341787760248205,3.700026927057678,1.3439039671625013,10.186888048152104,"moeW_c.-360delC,mmpL9_c.-270delG"
peth_value_baseline,-0.26343168390518723,0.7684101154244506,0.2921343636073192,-0.0007500912509117011,0.0008318188115571354,1,0.3671905560592036,0.9992501899972057,0.9976224048043841,1.000880631189553,"moeW_c.-360delC,mmpL9_c.-270delG"
smoked_substance_use,0.17191633818945,1.187578474092369,0.20140185277634032,0.35117306006425764,0.4114030445677491,1,0.3933274383057801,1.4207331768129676,0.6343451383455588,3.1819945289743825,Rv1215c
screen_years,-0.07315161563405652,0.9294598986904957,0.19095821528921716,-0.005732046149659938,0.014963186980998088,1,0.7016630010957314,0.9942843506827783,0.9655481056787383,1.023875831973934,Rv1215c
high_lung_involvement,0.029434276775522007,1.0298717467555603,0.1875478428837615,0.05886523149164384,0.3750745184366867,1,0.8752899569368154,1.0606322912760227,0.5085115671491479,2.212222749630152,Rv1215c
F2,0.05487986871224112,1.0564136987143253,0.13241683481966804,0.09982499405121552,0.24086263430155985,1,0.6785461727948712,1.1049775235136539,0.6891770361883227,1.7716425001960259,Rv1215c
underweight,0.22930481808357672,1.2577253580188854,0.18125732738092656,0.45998758710071697,0.3636038761117017,1,0.20584305027725625,1.5840543221656858,0.7767296618377422,3.23050376322047,Rv1215c
HIV_High_CD4,-0.13616923366099004,0.8726949306329704,0.18686384381989427,-0.3622275138763052,0.4970816370221052,1,0.46618011558722006,0.696123971960574,0.26276646164792683,1.8441797377758666,Rv1215c
Indel_Sample1,0.30216384813451347,1.3527828594998577,0.08560790155091826,2.415012109069542,0.6842119603449882,1,0.0004161479880747014,11.1899058560805,2.9270096628978335,42.7788109670874,Rv1215c
fstrom1_baseline,-0.09340902801966268,0.9108208728359162,0.16244507543050585,-0.20026094715266404,0.3482683136275775,1,0.5652783506271254,0.8185171354918302,0.41360068532282274,1.6198481406548622,Rv1215c
RIF_pred_MIC_high,0.6616926834047655,1.9380700986040618,0.2498100172900828,1.3676744671210788,0.5163405775029926,1,0.008078203321880525,3.926209541185184,1.4271301382932453,10.80148260321168,Rv1215c
screen_sex,-7.439039100032348e-05,0.9999256123758963,0.18427907271322444,-0.0001523206742919007,0.3773271283577806,1,0.9996779073067535,0.9998476909259131,0.477257117631107,2.094668404343397,Rv1215c
diabetes,0.16228727113865213,1.1761980805548269,0.1327471620808243,0.7600909792767675,0.621736502895661,1,0.22150759903474648,2.1384707681706576,0.6322374936872562,7.233131966992326,Rv1215c
smear_pos_no_contam_sputum_specimen_1,-0.00564023144271955,0.9943756448000589,0.21764929416910872,-0.01284240563911342,0.4955719550115987,1,0.9793256855557276,0.9872397061719336,0.37375843378905377,2.6076795848104544,Rv1215c
bl_prevtb,0.38912703882402416,1.4756920096030857,0.17173359668707044,0.805489953591254,0.35548721374791087,1,0.02345897512533901,2.2377926448105336,1.1148811615706256,4.491703774161307,Rv1215c
TTP_baseline,0.018684089470877477,1.0188597292550567,0.21686689415074528,0.05228555937616091,0.6068803560653188,1,0.9313434875944998,1.0536765867856668,0.3207227996448281,3.4616633141447326,Rv1215c
HIV_Low_CD4,0.297343003119884,1.3462769974720006,0.14266810847794117,0.9981182590949348,0.47890699484513066,1,0.03714571901099528,2.713171535982074,1.0612821973390663,6.936232231276638,Rv1215c
Lineage_2,0.6972207276254361,2.008163710471497,0.26435015383137345,1.3925957344481976,0.5280005054928106,1,0.008352223675536568,4.025285074995022,1.43008482381155,11.330041173217028,Rv1215c
peth_value_baseline,-0.22794467419003836,0.796168307273428,0.2902840552828851,-0.0006490460952426812,0.0008265502726134803,1,0.4323087825839874,0.999351164489612,0.9977335174980285,1.0009714342073477,Rv1215c
smoked_substance_use,0.168938152878383,1.1840469067663506,0.1961990755824573,0.3450895286201822,0.40077534502941314,1,0.38920787016093217,1.4121163388358604,0.6437687420724238,3.0974982537795555,Rv1176c
screen_years,-0.06814784758373268,0.9341223556340719,0.1862130256616635,-0.005339958714023082,0.014591361346003334,1,0.7143895990612799,0.994674273521059,0.9666309492233588,1.023531174125516,Rv1176c
high_lung_involvement,0.07947251104442377,1.0827157963939331,0.1903151762460581,0.15893605253255833,0.380608872829984,1,0.6762515333371777,1.1722629810349987,0.555968505894464,2.4717236356656462,Rv1176c
F2,0.05622641921194798,1.0578371712819883,0.13375888022691404,0.10227433292131591,0.24330377853055307,1,0.6742250164715284,1.1076873051445983,0.6875695366753592,1.784504839919668,Rv1176c
underweight,0.22742373618462802,1.2553616974306194,0.17863645459704047,0.45621411940358,0.35834638105323197,1,0.20297925031174857,1.5780882078995329,0.7818191106874455,3.1853434609980416,Rv1176c
HIV_High_CD4,-0.10844572264242433,0.8972275926382369,0.1834858015130345,-0.2884794417003338,0.4880956140146677,1,0.5544999208240075,0.7494022114243718,0.28790368951481515,1.9506650832928603,Rv1176c
Indel_Sample1,0.18144661954845304,1.198950534480582,0.13511777991955318,0.6672623192934847,0.49688995822174503,1,0.17931165981091823,1.9488945595512057,0.7359271816667355,5.161094873063536,Rv1176c
fstrom1_baseline,-0.06375829786682982,0.9382317447413371,0.16083040322538542,-0.13669232396857062,0.34480659486233745,1,0.6917864573546573,0.8722385517473737,0.4437469410917459,1.7144908971824513,Rv1176c
RIF_pred_MIC_high,0.7472408251824969,2.111166894480682,0.24987553468038531,1.5444967475444,0.5164759975614525,1,0.002785647866841078,4.685612987334318,1.7027122032947923,12.894116236785402,Rv1176c
screen_sex,-0.024831495319444178,0.9754742701606705,0.18158082899980793,-0.050844605867409215,0.3718022440776362,1,0.8912270266880847,0.9504263497360975,0.4586060970943211,1.9696865174622824,Rv1176c
diabetes,0.12884197776433332,1.1375103580327124,0.14200947683341283,0.6034461258959646,0.6651176124630884,1,0.3642601638091756,1.828408883157644,0.49650563802880027,6.733214666569131,Rv1176c
smear_pos_no_contam_sputum_specimen_1,0.06575876442062956,1.0679690539549953,0.21895239583109086,0.14972802722603012,0.4985390247678902,1,0.7639226954293217,1.1615182984124686,0.4371886401495793,3.0859099108462837,Rv1176c
bl_prevtb,0.32411823451873517,1.382810793423089,0.1688527494709218,0.6709222326712724,0.34952388234474807,1,0.05491705652101337,1.9560404134482041,0.9859673993545522,3.8805482833887934,Rv1176c
TTP_baseline,0.0724543514146561,1.0751437261798078,0.21145945166529406,0.20275627018683484,0.5917481680297753,1,0.7318697155735039,1.2247739179479817,0.38402453812490284,3.906185676077177,Rv1176c
HIV_Low_CD4,0.29939836703649314,1.3490469322712473,0.1448222207295657,1.005017685793149,0.48613789904643,1,0.03870108913383498,2.731955589200112,1.053591614109881,7.0839414830264,Rv1176c
Lineage_2,0.5932631098389591,1.8098846425320352,0.2633623786882454,1.18495570116075,0.5260275700988803,1,0.024281262404662926,3.2705419370453406,1.1664449383147204,9.170123861505635,Rv1176c
peth_value_baseline,-0.2319719330108844,0.7929683792292227,0.28823725583431703,-0.0006605132489346449,0.0008207222479203899,1,0.42093792598433455,0.9993397048419215,0.9977334731635487,1.0009485223613772,Rv1176c
smoked_substance_use,0.18559770228028996,1.2039378214995733,0.19832623835652372,0.3791199471619748,0.405120494934831,1,0.34936576345985926,1.4609982678298024,0.6604052400483464,3.2321305301051524,Rv0043c_c.-98_-97insCC
screen_years,-0.03465064981449318,0.9659428096196478,0.18499395312311606,-0.0027151707058116047,0.014495836729217101,1,0.8514199881547357,0.9972885120363242,0.9693529532030126,1.0260291392864085,Rv0043c_c.-98_-97insCC
high_lung_involvement,0.03644101036150107,1.0371131232850277,0.18694657798721404,0.07287790785819671,0.3738720565045322,1,0.8454497836224496,1.0755992066868059,0.5169041295634358,2.2381590458609537,Rv0043c_c.-98_-97insCC
F2,0.02112299628599574,1.0213476658819414,0.13470012704694795,0.03842215785263061,0.2450158809902598,1,0.8753906750286755,1.0391698339981696,0.642878105324173,1.6797491389868597,Rv0043c_c.-98_-97insCC
underweight,0.22861871240209747,1.256862721468767,0.17716746787813262,0.45861125275433307,0.35539958010085454,1,0.19690826320348553,1.5818756334415354,0.7882349100385462,3.1745999673545153,Rv0043c_c.-98_-97insCC
HIV_High_CD4,-0.10403215564913947,0.9011963184026673,0.18607408648335402,-0.27673879106786936,0.4949807818664336,1,0.5761003187983051,0.7582525335795167,0.28739914032225977,2.000517134585266,Rv0043c_c.-98_-97insCC
Indel_Sample1,0.3786044940106872,1.4602453857230207,0.2242550565269854,1.9543455520627617,1.1575981774762707,1,0.09135820513435665,7.059297568883065,0.7301500745744011,68.25128682632264,Rv0043c_c.-98_-97insCC
fstrom1_baseline,-0.07129848532626894,0.9311839059102806,0.16218577501857345,-0.15285783938339817,0.347712395776899,1,0.6602196111842494,0.8582517227334285,0.4341515500881177,1.6966333977741055,Rv0043c_c.-98_-97insCC
RIF_pred_MIC_high,0.8238373745809526,2.27922933435748,0.2547527312382361,1.7028166859526714,0.5265568362507674,1,0.0012212476336894693,5.489387517235318,1.9557705345142342,15.407418601826585,Rv0043c_c.-98_-97insCC
screen_sex,-0.008408832397788734,0.991626422945394,0.17986115001067263,-0.017217801971671186,0.36828105458436455,1,0.9627110455319111,0.9829295773193043,0.4775743591840702,2.023036905959026,Rv0043c_c.-98_-97insCC
diabetes,0.19120641114485448,1.2107093301905296,0.13196056803759623,0.8955370761451805,0.6180523998084898,1,0.1473470043672309,2.4486505481652423,0.7291882367422922,8.2226909389228,Rv0043c_c.-98_-97insCC
smear_pos_no_contam_sputum_specimen_1,0.08941674316108532,1.0935362851478723,0.21939068406066922,0.2035955613284887,0.4995369758782759,1,0.6835904570837856,1.2258022913398168,0.46048319341415433,3.263075132695512,Rv0043c_c.-98_-97insCC
bl_prevtb,0.3394708671808791,1.4042043833292916,0.1694538077813782,0.7027020632579779,0.3507680683875846,1,0.0451425311861226,2.0192013526488446,1.0153255320362033,4.015632399553944,Rv0043c_c.-98_-97insCC
TTP_baseline,0.08301118235079269,1.0865539587078257,0.21360530374137046,0.2322985078000622,0.5977531208700532,1,0.6975576533984205,1.2614962390970272,0.3909107207482098,4.07093660212242,Rv0043c_c.-98_-97insCC
HIV_Low_CD4,0.3415566100926714,1.4071362491648405,0.1433767308864798,1.1465340884803452,0.4812856920310236,1,0.017208060979108538,3.1472658395703723,1.2253560634772083,8.083595095468215,Rv0043c_c.-98_-97insCC
Lineage_2,0.7706160447670676,2.1610971763955114,0.2716302007034941,1.539192072637986,0.5425413270992283,1,0.004553900007554046,4.660823142863469,1.609350387258268,13.498162078961586,Rv0043c_c.-98_-97insCC
peth_value_baseline,-0.26416732770468065,0.7678450471575373,0.2877499065759226,-0.0007521859115448012,0.0008193345772748515,1,0.3585953714994158,0.9992480969093623,0.9976447258467347,1.000854044839985,Rv0043c_c.-98_-97insCC
smoked_substance_use,0.17270428392792858,1.188514590246073,0.1966599742906269,0.3527825947894632,0.40171682163037015,1,0.37984210472928237,1.4230217374611542,0.6475444056600705,3.1271845568996905,Rv0897c
screen_years,-0.05668198925118187,0.9448945082027094,0.1842395265482445,-0.004441511994316645,0.014436721043169554,1,0.7583457828202841,0.9955683369333092,0.9677930892834138,1.0241407223087737,Rv0897c
high_lung_involvement,0.0574028097001886,1.0590823331230672,0.18577022701459997,0.11479914071075234,0.37151948732654805,1,0.7573223066609486,1.1216481214998124,0.5415252012042079,2.3232427699881564,Rv0897c
F2,0.03737184731140862,1.0380789559480428,0.13237496195958465,0.06797837755599748,0.2407864687037402,1,0.7776996105683962,1.0703421648150417,0.6676745471270987,1.715854460396057,Rv0897c
underweight,0.22339175836954128,1.2503102973265643,0.17904778897727097,0.44812593459392025,0.3591715216265314,1,0.212153561772074,1.5653758182089854,0.7742679225946673,3.164797844164656,Rv0897c
HIV_High_CD4,-0.11260449595116902,0.8935039746823726,0.1851362235594503,-0.29954230866301457,0.49248594697496184,1,0.5430381971874979,0.7411573643692484,0.2822965887346952,1.9458762899718247,Rv0897c
Indel_Sample1,-0.10949403651044866,0.8962875093473686,0.1854068636954223,-0.47335310306887474,0.8015314537437946,1,0.554814697696471,0.6229100808791274,0.12946743652311188,2.99702364765347,Rv0897c
fstrom1_baseline,-0.06649983047223397,0.9356630744771881,0.16199682663569967,-0.14256993481462904,0.34730730664451553,1,0.6814386007294003,0.8671269098120018,0.4389895161473341,1.7128178465832768,Rv0897c
RIF_pred_MIC_high,0.723700393181668,2.062049504238424,0.24339560754743436,1.4958402509561806,0.5030824220983838,1,0.00294568094814864,4.463085089285404,1.6649861788187112,11.963539858531496,Rv0897c
screen_sex,-0.016177570407323948,0.9839525836806681,0.17991565950919364,-0.03312495605564927,0.36839266743460486,1,0.9283527564151058,0.9674176673402038,0.4699348004272426,1.9915463639447168,Rv0897c
diabetes,0.1785602045477441,1.1954948553340299,0.1304041476354038,0.8363071224396826,0.6107627269994742,1,0.17091077701002722,2.3078286922739983,0.697142232232298,7.639866051191095,Rv0897c
smear_pos_no_contam_sputum_specimen_1,0.051368973408848155,1.0527112440895021,0.2169714103130138,0.11696349706230685,0.494028461709136,1,0.812847195831382,1.1240783967779506,0.42685346616434006,2.9601545782374306,Rv0897c
bl_prevtb,0.33145654538315233,1.3929956128724872,0.16895944451465286,0.6861124792690954,0.34974474025809965,1,0.04979135267472056,1.9859799686022057,1.0006255801746127,3.941650617207842,Rv0897c
TTP_baseline,0.06814999497023867,1.0705258699327682,0.21027378260176505,0.1907109583293029,0.5884301915065815,1,0.7458613835297934,1.2101096294180578,0.381902085298488,3.8343998935375985,Rv0897c
HIV_Low_CD4,0.3273607973309818,1.3873019217259697,0.1418520185690689,1.0988817147185097,0.4761675517421762,1,0.021012338603801042,3.0008083870465745,1.1801133140195545,7.630496892792323,Rv0897c
Lineage_2,0.6262166665426623,1.8705203731042566,0.25548921465706753,1.25077557811244,0.5103020843064966,1,0.014244043373818294,3.493051041094006,1.2847984677813549,9.496746674019489,Rv0897c
peth_value_baseline,-0.23236626649956468,0.7926557468865804,0.2837939684225996,-0.0006616360679343026,0.000808070500934576,1,0.412909046137954,0.9993385827649437,0.9977570939344874,1.0009225783246791,Rv0897c
smoked_substance_use,0.17184128725974898,1.187489348568314,0.2013814774311466,0.35101975372396826,0.411361423902739,1,0.39348615306284307,1.4205153861038775,0.6342996375533267,3.181247225587768,PE_PGRS31
screen_years,-0.07319397048377455,0.9294205323898506,0.1909632466585933,-0.005735365009416367,0.01496358123123043,1,0.7015060432025246,0.9942810507979364,0.9655441550733521,1.0238732250424583,PE_PGRS31
high_lung_involvement,0.029391569893546424,1.0298277650835883,0.18754688081518464,0.05877982254774651,0.3750725944081156,1,0.8754687905229758,1.060541707660542,0.5084700550184424,2.2120254724670914,PE_PGRS31
F2,0.05513039523916579,1.0566783915241604,0.13241353408870482,0.10028069501491604,0.24085663036138108,1,0.6771537978490642,1.1054811775850935,0.689499280036689,1.7724291661767884,PE_PGRS31
underweight,0.2288392853320861,1.2571399819387878,0.18126405325114914,0.459053724093109,0.3636173682696105,1,0.20678198430937889,1.582575722944189,0.7759841208204229,3.227573672776121,PE_PGRS31
HIV_High_CD4,-0.13663449448344325,0.8722889943122493,0.18690411918957248,-0.36346516695321723,0.4971887746378261,1,0.46475437066251035,0.6952629449210562,0.26238634588614823,1.8422855082178966,PE_PGRS31
Indel_Sample1,0.30247524861625513,1.3532041823306593,0.0856168949571042,2.4186381238676185,0.6846057227417487,1,0.00041104025300674673,11.230554271644863,2.9353760281209533,42.96735683608426,PE_PGRS31
fstrom1_baseline,-0.09356954880119613,0.9106746788914686,0.16243726827131755,-0.20060508994516593,0.34825157574766624,1,0.5645915372005774,0.818235497183788,0.4134719361071744,1.619237656502181,PE_PGRS31
RIF_pred_MIC_high,0.6613549416375835,1.937415641908938,0.24981773704531224,1.3669763775047958,0.5163565337201075,1,0.008112538381135175,3.92346965152866,1.4260896215534564,10.79428240260102,PE_PGRS31
screen_sex,-0.0005361980770533097,0.9994639456514456,0.1842571698834191,-0.0010979113236604106,0.37728228044449513,1,0.9976781171465243,0.9989026911604655,0.4768479542974809,2.092504701792512,PE_PGRS31
diabetes,0.16191405608346066,1.1757591876290947,0.13277811948889884,0.7583429839177294,0.6218814954539446,1,0.2226797897585,2.1347359963253454,0.6309539807135264,7.222551744350172,PE_PGRS31
smear_pos_no_contam_sputum_specimen_1,-0.006546670318291548,0.9934747124404338,0.2176526998968233,-0.014906302457068213,0.4955797096112549,1,0.9760044343523311,0.9852042464957133,0.37298216154281116,2.6023427053408192,PE_PGRS31
bl_prevtb,0.3898118825884165,1.476702974210917,0.1718008390841951,0.8069075748741766,0.35562640498865067,1,0.023269820108155276,2.2409672369436193,1.116158221162266,4.499303111189138,PE_PGRS31
TTP_baseline,0.01858373773792875,1.0187574900456209,0.2168603962120709,0.05200473506841128,0.6068621722325496,1,0.9317092945181531,1.0533807303313771,0.32064417297673503,3.4605679957701123,PE_PGRS31
HIV_Low_CD4,0.29654553416382645,1.3452038113334521,0.14274312583979507,0.9954413226351875,0.4791588124356906,1,0.03775757312383736,2.705918260785675,1.0579227412602359,6.9211043004247585,PE_PGRS31
Lineage_2,0.6971305860787144,2.007982699646985,0.26435234288348897,1.3924156899823816,0.5280048778020634,1,0.00836116289566109,4.024560409931862,1.4298151151794976,11.328098522134832,PE_PGRS31
peth_value_baseline,-0.2273306687563375,0.7966573090497453,0.2900361427206143,-0.0006472977857872513,0.0008258443702664515,1,0.4331567857128359,0.9993529116662295,0.9977366422572648,1.0009717993280394,PE_PGRS31
smoked_substance_use,0.16583223023382151,1.1803750538637292,0.1984528916961675,0.3387450684548454,0.4053792093846528,1,0.4033658074765615,1.4031855833433702,0.6339510206525775,3.105807415967079,moaE2
screen_years,-0.05130732124193279,0.9499866745817939,0.1840850365926977,-0.004020361418200405,0.014424615451964528,1,0.7804632988972465,0.9959877094152544,0.9682237340501942,1.0245478213559456,moaE2
high_lung_involvement,0.048445836691349276,1.049638518385611,0.1862752019725949,0.09688620560958468,0.37252938024922977,1,0.7948046233167108,1.101734995225286,0.5308594601819844,2.286518543510461,moaE2
F2,0.03772845885253213,1.0384492128993585,0.13227595119675092,0.06862704428583076,0.24060637080914232,1,0.7754714748083251,1.07103668539874,0.6683436598037741,1.7163618815606247,moaE2
underweight,0.2389665948827529,1.2699361135104985,0.17693019279117828,0.47936920077155964,0.3549236040806409,1,0.1768151295492526,1.61505530516349,0.8055191678057378,3.2381645812875135,moaE2
HIV_High_CD4,-0.11239854626718065,0.8936880104940089,0.18588750569469206,-0.2989944562589947,0.4944844531922019,1,0.5454056208233855,0.7415635204597117,0.28134709020110826,1.9545837651404827,moaE2
Indel_Sample1,0.01954131125182218,1.0197334924576202,0.19577218766946428,0.12533345105186558,1.2556375354954465,1,0.9204899407185563,1.133526365614588,0.09674555452829532,13.281044569005221,moaE2
fstrom1_baseline,-0.05934144730064628,0.9423849394225439,0.16345282947993034,-0.1272229750569268,0.35042885190437234,1,0.7165680023068999,0.8805373128488488,0.44305963403010584,1.7499810403996015,moaE2
RIF_pred_MIC_high,0.707973439145258,2.029873425512119,0.2441278119618833,1.4633336901000027,0.5045958395918376,1,0.003731490817063999,4.3203382167249655,1.6069597146153303,11.615301950094196,moaE2
screen_sex,-0.02120217910604007,0.9790210069667055,0.17973644966635544,-0.043413271182774514,0.3680257199870408,1,0.9060972909690099,0.9575155946849105,0.4654593890021467,1.9697445915320653,moaE2
diabetes,0.18227897501412546,1.1999489029521142,0.13195004465899907,0.8537244088704982,0.618003112362302,1,0.16714859229829981,2.3483769004588675,0.6993951186663495,7.88520525725845,moaE2
smear_pos_no_contam_sputum_specimen_1,0.05591755330934364,1.0575104919019298,0.21899897186710093,0.12732028982113652,0.49864507508755845,1,0.7984663061588746,1.135780738539946,0.42741232540143986,3.0181578989953928,moaE2
bl_prevtb,0.33370199529571076,1.3961270291530843,0.16863629683560596,0.6907605431798536,0.34907582706773066,1,0.047835528934056765,1.9952324167490443,1.0066062196933587,3.9548259477861594,moaE2
TTP_baseline,0.07146738032148524,1.074083113883999,0.2113469507742449,0.19999433010005813,0.5914333455157861,1,0.7352486949079723,1.221395832948375,0.3832017269017861,3.893009023745872,moaE2
HIV_Low_CD4,0.32544986900132944,1.384653418537799,0.14152001486957974,1.0924671280706486,0.4750530847761801,1,0.02146670808559152,2.9816210468539603,1.1751316585686682,7.565164296459142,moaE2
Lineage_2,0.641183613990442,1.898726909560506,0.2564139060844586,1.2806698516869996,0.5121490192676118,1,0.012398994986217387,3.599049747845613,1.3190030936782844,9.820416001713296,moaE2
peth_value_baseline,-0.2304008455653732,0.7942151810554068,0.28374440258529443,-0.0006560397591485062,0.0008079293679457283,1,0.41679084146336276,0.9993441753878834,0.9977629537036377,1.000927902939886,moaE2
smoked_substance_use,0.16107175829312556,1.174769265226641,0.19623019589931,0.32902086471498926,0.4008389144202833,1,0.4117427403327987,1.3896068490359919,0.6334279802564824,3.048503152806496,Rv2807
screen_years,-0.06483057943764142,0.9372262353232532,0.1863649202115838,-0.005080022772220869,0.014603263565284184,1,0.727938563289488,0.994932858721471,0.9668596889187344,1.0238211445868644,Rv2807
high_lung_involvement,0.041679543176657494,1.0425603296420618,0.18672501817702894,0.0833543822486665,0.373428961890207,1,0.8233693524613,1.0869269279133242,0.5228017583841641,2.259766972235345,Rv2807
F2,0.03909160450285173,1.039865735671083,0.1323367081538619,0.07110656928519983,0.2407168860677333,1,0.7676921374149097,1.0736956427487563,0.6698577799382609,1.7209956617416875,Rv2807
underweight,0.22687458785698542,1.2546725069051208,0.17814742383191817,0.4551125227764186,0.3573653808128243,1,0.20283302146672932,1.5763507484178028,0.7824613482948518,3.1757245101658342,Rv2807
HIV_High_CD4,-0.10314233657392252,0.9019985769568455,0.18644870304306219,-0.27437175893623533,0.49597730965345055,1,0.5801304548096788,0.760049467551623,0.2875181118453442,2.0091784458999107,Rv2807
Indel_Sample1,0.14721699265319796,1.1586053446026263,0.1961955137407793,0.588093995650392,0.7837505815398809,1,0.4530387530107849,1.8005532803625703,0.3875040738703866,8.366343308454613,Rv2807
fstrom1_baseline,-0.04553104078092071,0.9554899429576368,0.16403131234588764,-0.09761464758753714,0.3516690695696692,1,0.7813383948205133,0.9069983504219733,0.45526602597145666,1.806956725823765,Rv2807
RIF_pred_MIC_high,0.714231274553472,2.0426158677783373,0.24086283518835447,1.4762682168401526,0.4978473512363042,1,0.0030238499648119347,4.376582710722395,1.6495546437791468,11.611907672189071,Rv2807
screen_sex,-0.02080829945135024,0.9794066993760737,0.18013623147212363,-0.04260676897482194,0.36884430735303514,1,0.9080375360073315,0.9582881446159105,0.4650881472927293,1.974499185706855,Rv2807
diabetes,0.1870599191156924,1.2056995273350248,0.13159293462779362,0.8761165068984623,0.6163305467234566,1,0.15517021169248335,2.4015551505421495,0.7175811998339403,8.037372136324379,Rv2807
smear_pos_no_contam_sputum_specimen_1,0.077820827488123,1.080928968560172,0.22136074769167743,0.17719248650052905,0.5040226705773702,1,0.7251708327564104,1.1938608731132407,0.4445584239431952,3.2061112951327893,Rv2807
bl_prevtb,0.340172220853598,1.4051895726734858,0.16889562984828352,0.7041538599231407,0.3496126443934493,1,0.04399932591960879,2.0221349514181024,1.0191058940019293,4.012369848720499,Rv2807
TTP_baseline,0.07561175874088356,1.0785437576751333,0.21270212528934257,0.2115919594232576,0.5952256661255028,1,0.7222285913892466,1.2356435894760684,0.3848010202346737,3.967804137531037,Rv2807
HIV_Low_CD4,0.3321036626127774,1.3938973360632085,0.14250230970971745,1.114802521290437,0.4783504430643147,1,0.019778988061159183,3.048966013853307,1.1939329777958116,7.786193971117842,Rv2807
Lineage_2,0.6776787109094248,1.969301105276653,0.26068625850996946,1.3535634337104996,0.5206824141138736,1,0.009333382302882918,3.871195730895363,1.3952095996945693,10.741150569909465,Rv2807
peth_value_baseline,-0.22306760069741488,0.8000607628008928,0.2812989967030475,-0.0006351591925640083,0.0008009663575363137,1,0.42778300840261185,0.999365042478336,0.9977974048742836,1.000935142994845,Rv2807
smoked_substance_use,0.16161630477937058,1.1754091559114686,0.1959962873307568,0.3301332084162096,0.4003611099913432,1,0.40960519397879913,1.3911534294667234,0.6347270925524872,3.0490393226077557,dnaN_c.-499delA
screen_years,-0.057204364788500654,0.9444010473234445,0.18655492282359895,-0.004482444524123556,0.014618151872687743,1,0.7591208181784832,0.9955275866366949,0.9674094059580255,1.0244630346272272,dnaN_c.-499delA
high_lung_involvement,0.04733458620568177,1.048472754919853,0.18573522499678638,0.09466383005801621,0.3714494872413758,1,0.798839104752125,1.0992892450019611,0.5308032854037389,2.276618998802582,dnaN_c.-499delA
F2,0.037203867669332674,1.0379045944615761,0.13226309534054162,0.06767282713897878,0.24058298635506598,1,0.7784904058749942,1.0700151712792794,0.6677368224724229,1.714646292125234,dnaN_c.-499delA
underweight,0.2391636132950863,1.2701863389560477,0.1775234298831697,0.4797644215299417,0.3561136431770907,1,0.1779084850794591,1.6156937346980178,0.8039602160916793,3.247009232661762,dnaN_c.-499delA
HIV_High_CD4,-0.11265018553360005,0.8934631517914665,0.18546650490461333,-0.2996638487746028,0.49336453744155706,1,0.5435932497300131,0.7410672894944446,0.281776641469455,1.948993091459552,dnaN_c.-499delA
Indel_Sample1,-0.02971522729511552,0.9707219293011551,0.15164170205455274,-0.21815943276364186,1.1133035387877488,1,0.8446439551825156,0.8039972479444912,0.0907003309841709,7.126893228373422,dnaN_c.-499delA
fstrom1_baseline,-0.06648293694770516,0.9356788812578033,0.16362315205581693,-0.14253371654649574,0.3507940089035582,1,0.6845093876717947,0.8671583162156663,0.4360155635782137,1.7246254679785074,dnaN_c.-499delA
RIF_pred_MIC_high,0.7099140296638173,2.0338164032507486,0.24365663253014558,1.4673447607524905,0.5036219432584154,1,0.003573058653383571,4.337702199355161,1.616500924571294,11.639746123424349,dnaN_c.-499delA
screen_sex,-0.013996183667970175,0.9861013075456856,0.18218086133464684,-0.028658380540159203,0.3730308614919365,1,0.9387621554281181,0.971748375924955,0.4677667830034565,2.01873014592789,dnaN_c.-499delA
diabetes,0.18710606235796873,1.2057551635040338,0.13538720202443486,0.8763326240465463,0.6341014316543331,1,0.16696954849700363,2.4020742238805557,0.6931676814121476,8.324047314607324,dnaN_c.-499delA
smear_pos_no_contam_sputum_specimen_1,0.05588362891753224,1.0574746171101765,0.2175759834071687,0.12724304639502418,0.49540503162341726,1,0.7972972752718613,1.1356930103326461,0.4301019637746955,2.998820564311757,dnaN_c.-499delA
bl_prevtb,0.33828776787826925,1.4025440524644643,0.1703564346045762,0.7002530568737568,0.35263649891383436,1,0.04705947428810985,2.0142623659187153,1.0091397339736605,4.020506518735847,dnaN_c.-499delA
TTP_baseline,0.07174282223924314,1.074379002144863,0.21087399533709086,0.20076512681284744,0.5901098269343673,1,0.733693459041084,1.222337643767138,0.38449331327045994,3.885917553835881,dnaN_c.-499delA
HIV_Low_CD4,0.32658498398430985,1.386226051770329,0.14143837306269147,1.0962774716092458,0.474779030309434,1,0.020942098035717758,2.9930037195191925,1.1802516418984292,7.5899672129637565,dnaN_c.-499delA
Lineage_2,0.6382925899639983,1.893245571602938,0.25639704404846747,1.2748954569108655,0.5121153398337325,1,0.012793393863370913,3.5783273011566705,1.3114951665825016,9.763227955745343,dnaN_c.-499delA
peth_value_baseline,-0.23017142063114593,0.7943974147247572,0.28427925004642896,-0.0006553864981840171,0.0008094522842298368,1,0.41813180545361484,0.9993448282206365,0.9977606273221433,1.0009315444443672,dnaN_c.-499delA
smoked_substance_use,0.1791492051886442,1.196199209982321,0.19833242466016376,0.3659476188054156,0.4051331316813011,1,0.3663786657683198,1.4418797132945451,0.6517470657855249,3.189914027621439,bioF2
screen_years,-0.05262481751136459,0.9487358948117878,0.18382060841309653,-0.0041235983645471095,0.014403895273529551,1,0.7746609514276825,0.9958848919929052,0.9681630998309678,1.024400453056801,bioF2
high_lung_involvement,0.05034558173715952,1.0516344592499054,0.18702352005226,0.10068548128907825,0.37402593195066314,1,0.7877805112729094,1.105928751771957,0.531319430478176,2.301964381191808,bioF2
F2,0.03233528035565001,1.0328637461821506,0.1327709935744391,0.05881699874451708,0.24150683947948373,1,0.8075857453103334,1.0605811353006296,0.660652227363127,1.7026088734236706,bioF2
underweight,0.2424991553313017,1.274430172691688,0.17755946337798043,0.4864555497222526,0.356185926701141,1,0.17202218709216066,1.6265407976711923,0.8092429982081262,3.269271371327228,bioF2
HIV_High_CD4,-0.11046266965886525,0.8954197558905319,0.18612937079957526,-0.29384477778795937,0.4951278451925813,1,0.5528649578183311,0.7453921838876586,0.2824432814707146,1.967154272205345,bioF2
Indel_Sample1,0.14988772702540284,1.1617038074641777,0.24992016411768808,0.48065885487291254,0.8014421345791668,1,0.5486779047742405,1.617139511525475,0.33616980838099375,7.7792238759675145,bioF2
fstrom1_baseline,-0.06169961685683768,0.9401652541739055,0.16217082690209172,-0.13227868839514997,0.3476803482968187,1,0.7036035072331347,0.8760968030421744,0.4432064239468215,1.7318016319926197,bioF2
RIF_pred_MIC_high,0.7516828865952795,2.1205656870307834,0.250877694538081,1.5536781910271749,0.5185473948788468,1,0.0027335586047674883,4.728831780003179,1.7114551486754737,13.065986579241809,bioF2
screen_sex,-0.02493316864865208,0.9753750954858617,0.179285337630093,-0.05105279068609612,0.3671020295934201,1,0.889395025007847,0.9502285059935489,0.46275406304972927,1.9512183375593597,bioF2
diabetes,0.1868568777589568,1.2054547453184565,0.13149846474795318,0.8751655395022394,0.6158880862459571,1,0.15532215526683998,2.3992724354595913,0.7175210971787911,8.022772072054902,bioF2
smear_pos_no_contam_sputum_specimen_1,0.06438986515733121,1.0665081120730802,0.2189559086011974,0.14661114101366496,0.4985470230954559,1,0.7686991757535191,1.1579036142487344,0.43582126216281636,3.076354680899898,bioF2
bl_prevtb,0.3396584948377543,1.4044678756259577,0.16939937692395907,0.7030904510530938,0.3506553969347116,1,0.04495500497259989,2.019985738123107,1.0159442768950333,4.016305298447321,bioF2
TTP_baseline,0.07915068148652604,1.0823674025125822,0.21201531923849704,0.2214952814788143,0.593303707947805,1,0.7089063528139583,1.2479413597691278,0.39009748170843916,3.99222684187025,bioF2
HIV_Low_CD4,0.3262337434443832,1.385739238482731,0.1412808454371423,1.0950984305941331,0.47425024302430296,1,0.020937191171465395,2.9894769249018083,1.1800833063733973,7.573170670454824,bioF2
Lineage_2,0.7037999384548456,2.021419401078788,0.2753712174369895,1.4057367392606552,0.5500134571423325,1,0.01059371590845735,4.078530448164203,1.3878144509119017,11.986047994868763,bioF2
peth_value_baseline,-0.24137512836637307,0.7855468901882214,0.28774843424097624,-0.0006872877601179851,0.0008193303849713849,1,0.40155864890674076,0.9993129483680157,0.9977094814441365,1.000918992300757,bioF2
smoked_substance_use,0.1622317413169783,1.1761327682985665,0.19688103877650467,0.33139035904228265,0.4021683894847976,1,0.40993446311185633,1.3929034186410567,0.633278363922941,3.063707911388599,rplJ_c.-169_-168insA
screen_years,-0.04907230525654215,0.9521122844866128,0.18520546707762486,-0.0038452290624425315,0.014512410631762285,1,0.7910391751580991,0.9961621543641417,0.9682266938811128,1.0249036140592669,rplJ_c.-169_-168insA
high_lung_involvement,0.05515458280198441,1.0567039503082356,0.18656848363876516,0.11030294065739862,0.37311591048073606,1,0.7675153542321127,1.1166162876986656,0.5374117030103954,2.320068444675889,rplJ_c.-169_-168insA
F2,0.03716861860978682,1.0378680099455118,0.1320438174134039,0.06760871005484496,0.24018412574760242,1,0.7783368943097473,1.0699465672258874,0.6682161859984788,1.7131965383446528,rplJ_c.-169_-168insA
underweight,0.23872198039757847,1.269625506732895,0.17703885737969113,0.47887850185059644,0.3551415862507979,1,0.177524706958736,1.6142629936770443,0.804780091927361,3.237959088319961,rplJ_c.-169_-168insA
HIV_High_CD4,-0.11367390004377576,0.8925489686098023,0.1860129035759907,-0.30238705982581016,0.4948180275361778,1,0.5411283453064035,0.7390519522018565,0.2802109482951445,1.9492378558958667,rplJ_c.-169_-168insA
Indel_Sample1,0.08999931607421456,1.09417353537146,0.1481473137803314,0.7025135966707745,1.1564032570548919,1,0.5435199354976334,2.018820836519449,0.20929822321140026,19.472872284484303,rplJ_c.-169_-168insA
fstrom1_baseline,-0.05264330663498475,0.9487183536787064,0.16325230681164934,-0.11286273577058298,0.3499989484964589,1,0.7470997457204938,0.8932732661676498,0.44984685810943653,1.773797268259907,rplJ_c.-169_-168insA
RIF_pred_MIC_high,0.704027011991701,2.021878464050213,0.24483035688368382,1.4551766894414786,0.5060479529001004,1,0.004032977565698893,4.2852405554756015,1.5893751114355559,11.553777636360966,rplJ_c.-169_-168insA
screen_sex,-0.017285681026742494,0.9828628592527995,0.17971637036754629,-0.035393907118685286,0.36798460590909615,1,0.9233751377826658,0.9652251323134551,0.4692448955027259,1.9854441997741767,rplJ_c.-169_-168insA
diabetes,0.17209175280190522,1.1877868109822953,0.13277129052375705,0.8060113895248158,0.6218495112153432,1,0.19492317716963325,2.2389598145830822,0.6618004151032815,7.574702186512804,rplJ_c.-169_-168insA
smear_pos_no_contam_sputum_specimen_1,0.058519271968319665,1.060265418899266,0.21801399673589464,0.1332442180706677,0.49640235680412376,1,0.7883762054064783,1.1425289904877831,0.4318458759168081,3.0227740193969184,rplJ_c.-169_-168insA
bl_prevtb,0.3346056710739146,1.3973892455639272,0.16741957884983663,0.6926311450348333,0.3465572302700042,1,0.04565106778382763,1.9989681951966396,1.0134815222530804,3.942719978282826,rplJ_c.-169_-168insA
TTP_baseline,0.07210320696335683,1.0747662617021674,0.21093208735985866,0.20177362749040403,0.5902723916614546,1,0.7324777911134831,1.2235709939217794,0.38475865890725736,3.891078062852902,rplJ_c.-169_-168insA
HIV_Low_CD4,0.3281347260262515,1.3883760100724807,0.14127272106497768,1.1014796314472743,0.47422297120651635,1,0.020195054791232795,3.0086143726150194,1.1877012155437179,7.621243730866991,rplJ_c.-169_-168insA
Lineage_2,0.6549846154699602,1.9251129001912972,0.2587058215906864,1.3082353198809047,0.516726782996121,1,0.011348718297801555,3.6996392684395936,1.3437570177089306,10.185867337769723,rplJ_c.-169_-168insA
peth_value_baseline,-0.2635870871331359,0.7682907112902595,0.2921807611808741,-0.0007505337436290527,0.0008319509232814016,1,0.3669840747126376,0.9992497478363717,0.9976217050454,1.0008804474694266,rplJ_c.-169_-168insA
smoked_substance_use,0.13493719601253568,1.1444649051346318,0.19710318281612615,0.2756358618341061,0.40262216254086947,1,0.4935952236155624,1.3173680726836408,0.598404054890765,2.9001451857524723,PE_PGRS60
screen_years,-0.09439414214967072,0.9099240521320796,0.19099962051237857,-0.007396577291829099,0.014966431429503305,1,0.6211570658862345,0.9926307100668539,0.9639361279589052,1.0221794764080392,PE_PGRS60
high_lung_involvement,0.05573913950160119,1.0573218342584068,0.18624067793402915,0.1114719880814396,0.3724603360686067,1,0.7647221963449068,1.1179224284149065,0.5387321037126368,2.3197996691500427,PE_PGRS60
F2,0.07196774752212054,1.0746206843250352,0.14009689635765632,0.1309073825585266,0.25483245812461947,1,0.6074618924025528,1.1398622053018885,0.6917331234825892,1.8783050904578917,PE_PGRS60
underweight,0.2659473814764909,1.3046664072607534,0.17988052678252803,0.5334929083633008,0.3608420013701717,1,0.13928288503753594,1.7048768993995653,0.8405116895047153,3.4581377967735794,PE_PGRS60
HIV_High_CD4,-0.060333809133859544,0.941450216444878,0.1863356551577359,-0.16049562076302104,0.49567658787254765,1,0.7460962662916215,0.8517215534543067,0.32238658436939466,2.250185459911728,PE_PGRS60
Indel_Sample1,-0.6572592798780803,0.5182698222952951,0.2997259046499211,-1.7391991728059997,0.793116295797861,1,0.028316906546661642,0.17566101842467982,0.0371170610639758,0.8313371939876988,PE_PGRS60
fstrom1_baseline,-0.04436171010749993,0.9566078801478232,0.16229571258215514,-0.09510770288252839,0.3479480924871345,1,0.7845928171116535,0.909274997656029,0.4597495323659771,1.7983292274547094,PE_PGRS60
RIF_pred_MIC_high,0.6615446642820005,1.937783248398391,0.25182927358168017,1.367368521506251,0.5205142450405887,1,0.00861522289337798,3.92500851832637,1.4150704923742206,10.886872386891994,PE_PGRS60
screen_sex,-0.0648187603837069,0.9372373125161382,0.18508062290645844,-0.13272194373018475,0.3789683707853365,1,0.7261743093068425,0.8757085545131917,0.4166593482328697,1.8405094610261443,PE_PGRS60
diabetes,0.21212022001515768,1.236296503729274,0.1364549179114752,0.9934892898530234,0.639102201021368,1,0.12006336241595013,2.7006413716406663,0.7717242309342625,9.45086797311986,PE_PGRS60
smear_pos_no_contam_sputum_specimen_1,0.10314584829935772,1.1086530924532099,0.22558730794750276,0.23485575677229778,0.5136462475200376,1,0.6475039422249625,1.2647263273676228,0.46214693877948054,3.4610911572001846,PE_PGRS60
bl_prevtb,0.40112011298986827,1.4934966460744743,0.16935215134894213,0.8303155241361755,0.350557640360551,1,0.017857659986165408,2.2940424518469116,1.1540011614303165,4.560334033245744,PE_PGRS60
TTP_baseline,0.08028568070079227,1.0835965860932253,0.21800634899127302,0.22467146348660824,0.6100690066984539,1,0.7126702692517716,1.2519113500311476,0.3786883083284335,4.13871248165792,PE_PGRS60
HIV_Low_CD4,0.37747136161626715,1.4585916714881866,0.14910137197221587,1.2670923961937623,0.5005021145951507,1,0.011352969451061958,3.5505140513223976,1.3312605527614367,9.469333409217914,PE_PGRS60
Lineage_2,0.41214067789909115,1.5100468516059402,0.2705707766945795,0.8231903144784305,0.540425283646517,1,0.12770195527416267,2.277755013029414,0.7897618949063248,6.5692811122471335,PE_PGRS60
peth_value_baseline,-0.2290346930803199,0.7953009415870275,0.2809589420875603,-0.0006521497979591051,0.0007999980913500758,1,0.41496402328935766,0.9993480628055015,0.9977823453927991,1.0009162371378195,PE_PGRS60
smoked_substance_use,0.16316295350591226,1.1772285075719129,0.19598519423759367,0.33329254377586337,0.4003384501585856,1,0.4051115799406372,1.3955554998338564,0.6367638589897507,3.058551652423277,Rv2488c
screen_years,-0.05027171501207176,0.950970996297154,0.18571363504638666,-0.003939212934315449,0.014552229878725922,1,0.7866257777238338,0.9960685355872577,0.9680601459486241,1.0248872776543354,Rv2488c
high_lung_involvement,0.047549232945711895,1.0486978303336947,0.18585222260727505,0.09509309931226566,0.3716834692575778,1,0.7980710607454249,1.0997612373750265,0.5307877187266105,2.2786412280492225,Rv2488c
F2,0.03693180178200686,1.0376222544364107,0.13235253855637433,0.06717794666238282,0.2407456811409307,1,0.7802132614546791,1.069485772666675,0.6671936683889091,1.7143445331224436,Rv2488c
underweight,0.23985008038116268,1.2710585794188567,0.17764448282834389,0.4811414808572919,0.3563564765053543,1,0.17696176749744907,1.6179201734428137,0.8046850030096244,3.253031531397778,Rv2488c
HIV_High_CD4,-0.11403041335872266,0.8922308197337757,0.1860624042476041,-0.30333543067482677,0.49494970563064633,1,0.5399681735534647,0.7383513891237876,0.27987309019370626,1.9478927875620615,Rv2488c
Indel_Sample1,-0.007835277290965604,0.9921953384809444,0.14485835801563376,-0.0582000084228257,1.0759999095817063,1,0.9568640715446607,0.9434612283724424,0.11450679891604028,7.773504262351258,Rv2488c
fstrom1_baseline,-0.06282490153347738,0.9391078956461238,0.16402504313449368,-0.13469120225957865,0.3516556289179648,1,0.7017048015549607,0.8739857548486687,0.4387069757848516,1.7411419052816723,Rv2488c
RIF_pred_MIC_high,0.707210236176616,2.0283248111165224,0.24387540020111848,1.4617562006708138,0.5040741213847951,1,0.00373301440617444,4.313528301554349,1.6060681949273838,11.5851409467402,Rv2488c
screen_sex,-0.019959496109832983,0.9802383759702116,0.17951301061620403,-0.040868771693418154,0.3675682094628381,1,0.9114681353095218,0.9599550949640371,0.46706388866723225,1.9729930031134595,Rv2488c
diabetes,0.18033330576505774,1.1976164690794293,0.13107550096935353,0.8446116446068791,0.6139070870559483,1,0.16888443202367942,2.327073907360861,0.6986368945520908,7.751198100970001,Rv2488c
smear_pos_no_contam_sputum_specimen_1,0.051961074252046574,1.0533347398727457,0.21883404533733453,0.11831166854867918,0.4982695491153671,1,0.8123114964262925,1.1255948692236988,0.42389109747840464,2.98888987562958,Rv2488c
bl_prevtb,0.33185633576473633,1.3935526304578196,0.16836753537565696,0.6869400422595303,0.3485194929292558,1,0.04872121038632171,1.9876241723712225,1.0038618259151226,3.935451820765239,Rv2488c
TTP_baseline,0.069939104063137,1.0724428718522845,0.21082487504668013,0.19571760154052123,0.5899723687047411,1,0.740085378847025,1.2161834085141046,0.382660543198012,3.865311199277756,Rv2488c
HIV_Low_CD4,0.3255974852359247,1.384857830948587,0.1414538721769637,1.092962644889751,0.47483105759372385,1,0.021346867478613748,2.983098856340356,1.1762258416581293,7.5656208795365,Rv2488c
Lineage_2,0.6410130829338969,1.8984031452612466,0.25642466383401774,1.2803292410130394,0.5121705062882277,1,0.01242597328707456,3.597824081834695,1.3184983755210082,9.817485075561562,Rv2488c
peth_value_baseline,-0.23118764513738602,0.793590538657276,0.28486836912978464,-0.0006582800799270816,0.0008111297326810614,1,0.41704441033115713,0.9993419365388703,0.9977544598631912,1.0009319389684268,Rv2488c
smoked_substance_use,0.161012001559406,1.1746990669499078,0.19622899614082326,0.3288987997893356,0.40083646367672066,1,0.41191338569290536,1.3894372371313193,0.6333537078602979,3.048116418942545,Rv0195
screen_years,-0.06504793771751344,0.9370225435787379,0.18639239122824433,-0.005097054626957609,0.014605416151169148,1,0.7271014203422854,0.9949159133138546,0.9668391425511362,1.0238080265898915,Rv0195
high_lung_involvement,0.0416221415171691,1.0425004866665832,0.18674238323160072,0.08323958540824951,0.37346369003946744,1,0.8236247383171086,1.0868021592978943,0.5227061661509302,2.259661373716249,Rv0195
F2,0.03926862391845971,1.0400498283894342,0.1323438209614609,0.07142856280531323,0.24072982407201285,1,0.7666827940678331,1.0740414214545593,0.6700565130083812,1.7215935560732338,Rv0195
underweight,0.2265555655837287,1.2542723022702655,0.1781848368428021,0.45447256114398027,0.35744043165888373,1,0.2035637062221305,1.5753422671486284,0.7818457476597759,3.1741596933835416,Rv0195
HIV_High_CD4,-0.10303695004911037,0.9020936404613747,0.18644356397179293,-0.2740914173506037,0.49596363906899144,1,0.5805070850067977,0.7602625708939836,0.28760643240928757,2.00968793312588,Rv0195
Indel_Sample1,0.14903238164294688,1.1607105743159307,0.19582479581957962,0.5971611131416263,0.7846546620486496,1,0.4466274449051909,1.8169533468119776,0.3903413115461282,8.457520039103304,Rv0195
fstrom1_baseline,-0.045205670083408804,0.9558008819693209,0.16405870222861332,-0.0969170807094647,0.3517277911298153,1,0.7828970199318968,0.9076312631535085,0.455531284174922,1.8084257623397382,Rv0195
RIF_pred_MIC_high,0.7142935865790033,2.0427431512760457,0.2408135392724891,1.476397011624274,0.49774545987925384,1,0.003015350232380501,4.377146428048958,1.6500966084803304,11.611084317194468,Rv0195
screen_sex,-0.020870677797280624,0.979345607511598,0.18014589942618353,-0.042734493961686014,0.36886410331406755,1,0.9077680118615788,0.9581657550914939,0.4650107052359813,1.974323609956784,Rv0195
diabetes,0.1871511060513475,1.205809476393126,0.13160345297178994,0.8765435913317209,0.616379810589516,1,0.15500199663917558,2.4025810364169082,0.7178184204538894,8.041581926666296,Rv0195
smear_pos_no_contam_sputum_specimen_1,0.07833544987912086,1.0814853819695909,0.2214107365421392,0.1783642450645674,0.5041364916326908,1,0.7234876520711861,1.1952606097321115,0.44498036480287007,3.2105864397187083,Rv0195
bl_prevtb,0.34037679256529924,1.405477064114938,0.1689101813103303,0.7045773217803848,0.34964276580707343,1,0.043890521768229704,2.022991429770386,1.019477349317867,4.014306279254484,Rv0195
TTP_baseline,0.07576480502977159,1.0787088374267484,0.21272147094348567,0.21202024418593915,0.5952798030075781,1,0.721713965804576,1.2361729101394425,0.3849250147938776,3.9699250634072416,Rv0195
HIV_Low_CD4,0.33220592915431313,1.3940398924122717,0.1425104497711422,1.1151458086768236,0.47837776754766537,1,0.019748154002086737,3.050012865102518,1.1942789489598622,7.789284476120758,Rv0195
Lineage_2,0.6782128945070265,1.9703533546479863,0.26068471814243716,1.3546303867856984,0.5206793374565541,1,0.00927738912697763,3.875328319332068,1.396707439608129,10.752552149955411,Rv0195
peth_value_baseline,-0.22300061341646918,0.8001143584910789,0.28126927679129454,-0.0006349684540293914,0.0008008817335250585,1,0.42787295421697336,0.999365233095778,0.9977977606874537,1.0009351678966307,Rv0195
smoked_substance_use,0.16656890672073654,1.1812449287805111,0.1961297183088325,0.3402498756122795,0.4006336691056874,1,0.3957259053256966,1.4052986965675933,0.6408385750134946,3.0816878127740526,espG2
screen_years,-0.05399773150849762,0.9474342557459188,0.184398453924906,-0.004231177757331114,0.014449174343750438,1,0.7696507189200708,0.9957777610635853,0.9679730441193645,1.0243811596333376,espG2
high_lung_involvement,0.05173821085606613,1.0531000162721345,0.18679957713537323,0.10347058234971022,0.37357807139190075,1,0.7818017772295367,1.1090131683236417,0.5332691646232618,2.306359131760665,espG2
F2,0.03642787927996749,1.0370995049574583,0.13213126871880074,0.06626132528648049,0.24034319730236112,1,0.7827826318884146,1.068505908297145,0.6671084281354787,1.7114232528239706,espG2
underweight,0.24283025167388375,1.2748522017230215,0.1777856122493804,0.487119732049493,0.35663958342998875,1,0.17198291795283238,1.627621476167593,0.809060964483055,3.2743535851771504,espG2
HIV_High_CD4,-0.11256822717564742,0.8935363815651335,0.18584917971681353,-0.29944582909831907,0.49438250120708327,1,0.5447162031998046,0.7412288743587044,0.28127632606679154,1.9533113641871422,espG2
Indel_Sample1,0.05979142704846626,1.0616150992575601,0.16857191720454298,0.37911582872907706,1.0688536006950686,1,0.7228189377248713,1.460992250818863,0.17982003507322838,11.870192084455612,espG2
fstrom1_baseline,-0.05984051693232449,0.9419147410585488,0.16221843728217306,-0.12829293755684676,0.3477824208695831,1,0.7122108311833125,0.8795956747928583,0.44488744699114996,1.7390658161898964,espG2
RIF_pred_MIC_high,0.7044962110986835,2.022827350210834,0.24411037909416763,1.4561464925762422,0.5045598070216409,1,0.0039020437120780593,4.289398411024312,1.5955642617018495,11.531305363328547,espG2
screen_sex,-0.02447483272213336,0.9758222473990198,0.17976960962906594,-0.050114308760665305,0.36809361784066996,1,0.8917062175237996,0.9511206968584703,0.462289230995111,1.9568497800505962,espG2
diabetes,0.18359334885766837,1.2015271213610326,0.13127700416704477,0.8598804289629228,0.6148508503085184,1,0.16195735282466284,2.3628781450235246,0.7080751169668097,7.885029419119553,espG2
smear_pos_no_contam_sputum_specimen_1,0.0575651367382431,1.0592542647754593,0.21830909911662802,0.13107172004755396,0.49707428392572056,1,0.7920215890240676,1.1400495427874093,0.43034159698133523,3.020189005958799,espG2
bl_prevtb,0.3370875139235851,1.4008616532739893,0.1688868602884458,0.6977685404927365,0.3495944914725727,1,0.04594079314263154,2.0092641097706676,1.012655337529227,3.986689363295824,espG2
TTP_baseline,0.07567950201092521,1.078616824231017,0.21171433284172053,0.2117815322024727,0.5924614275602803,1,0.7207471245963509,1.2358778560700279,0.3869648070104858,3.9471136585370656,espG2
HIV_Low_CD4,0.32665394437083733,1.3863216497508728,0.14162833125200885,1.096508957200718,0.475416680212855,1,0.021087361320016595,2.9936966369525906,1.1790504207521864,7.601218231518646,espG2
Lineage_2,0.650059139173021,1.9156541158642244,0.2582058728248931,1.298397406276982,0.5157282089562218,1,0.011815737911728467,3.6634209852352266,1.3332088304261056,10.066429961143053,espG2
peth_value_baseline,-0.23329430381032215,0.7919204740119853,0.28477462712984836,-0.0006642785468381285,0.0008108628131786203,1,0.4126584346883456,0.99933594203731,0.9977489968588856,1.0009254112924384,espG2
smoked_substance_use,0.17288897481436505,1.1887341183310824,0.19601931102191583,0.3531598623862428,0.40040814042581757,1,0.37777696591877163,1.4235586987348872,0.6494524394451794,3.1203506918458865,eccC2
screen_years,-0.04803378988462035,0.9531015813409288,0.1841259473467743,-0.003763852622737273,0.014427821154645895,1,0.7941891836258865,0.9962432217920776,0.9684660388585814,1.0248170995612853,eccC2
high_lung_involvement,0.048239732081486617,1.0494222053406057,0.18534206833170158,0.09647401965157432,0.37066321828429555,1,0.7946523825763296,1.1012809691088286,0.5325851231042029,2.277231789450465,eccC2
F2,0.1847846495261622,1.2029593543646055,0.232222180827793,0.33611827018803747,0.4224058541620383,1,0.4261927571304839,1.3995045346877721,0.6115356716860972,3.202777913529463,eccC2
underweight,0.251490439979031,1.2859406063859762,0.1780940013583406,0.5044921499324464,0.35725821483644726,1,0.15791407077164887,1.6561442338941508,0.8222415387497248,3.335776160897297,eccC2
HIV_High_CD4,-0.1264392771676734,0.8812276585582418,0.1871473388578791,-0.3363445896948174,0.4978357699495268,1,0.49928603902613256,0.7143768964811509,0.2692581298394597,1.8953349729136062,eccC2
Indel_Sample1,0.4309079830672798,1.538653961224655,0.6019742297574942,0.8712415695605998,1.21711593513705,1,0.47409963916198417,2.38987620985103,0.21997050092652654,25.964882901819884,eccC2
fstrom1_baseline,-0.07194849062715775,0.93057882810853,0.16188822667392203,-0.15425139501683055,0.34707447763786153,1,0.6567294681674498,0.857056534184599,0.4340893584018306,1.6921536742869365,eccC2
RIF_pred_MIC_high,0.7504647972756758,2.11798422116308,0.24946805186895266,1.5511604819714806,0.5156337578768311,1,0.00262748118869003,4.7169409325361835,1.7169284118719672,12.958916403961572,eccC2
screen_sex,-0.02092729239603783,0.97929016382246,0.18046654420421077,-0.04285041718431601,0.3695206508619501,1,0.9076825220434253,0.9580546878671097,0.4643588767585231,1.9766366723758289,eccC2
diabetes,0.17629051461350767,1.1927845296574187,0.13136081702859936,0.8256767702705685,0.6152433974230768,1,0.17958538669294144,2.2834255970813984,0.6837396035517247,7.62575756958051,eccC2
smear_pos_no_contam_sputum_specimen_1,0.0654825406933327,1.0676740963013007,0.21979668158898197,0.14909908545491307,0.5004614033596694,1,0.76576174590097,1.1607880007181164,0.43527065725994674,3.095611340064367,eccC2
bl_prevtb,0.3232794767019131,1.3816514363387966,0.16891882368156394,0.6691860104930653,0.3496606554485256,1,0.05564372391865528,1.9526472392054777,0.9839932113416566,3.874855229517334,eccC2
TTP_baseline,0.08850285614857094,1.09253737305508,0.21277241575676403,0.24766640875535328,0.5954223669823292,1,0.6774460069634562,1.2810325196747765,0.3987821560034302,4.115139786871985,eccC2
HIV_Low_CD4,0.3169127732371717,1.3728828145788534,0.14265780205697662,1.0638098834997638,0.4788723983459943,1,0.026317842236115843,2.8973887012466712,1.1334173012540063,7.406681790390744,eccC2
Lineage_2,0.2497934191819455,1.2837601890631725,0.5873920974840818,0.49892557157722284,1.173229218515663,1,0.6706483211059746,1.6469507890038988,0.16520610847737785,16.4185630083526,eccC2
peth_value_baseline,-0.24007967604601504,0.786565188165696,0.2866064731590149,-0.0006835991094702387,0.0008160787828718851,1,0.4022199249498154,0.9993166344911684,0.9977195201218441,1.0009163054650865,eccC2
smoked_substance_use,0.1476917062403001,1.1591554808700475,0.19556127410306984,0.30168946693921855,0.39947250959452163,1,0.45011723322982533,1.3521412769393764,0.6180028161363612,2.958378157940042,end
screen_years,-0.04044279676212571,0.9603640988761802,0.1854338359134261,-0.003169034278361117,0.014530305256434763,1,0.8273525539159088,0.9968359818106494,0.9688476443121016,1.0256328541087927,end
high_lung_involvement,0.04237305247515173,1.0432836056952555,0.1843297061574604,0.0847413225736763,0.3686386081946857,1,0.8181878018122133,1.0884354765916626,0.5284658604640659,2.241756516992407,end
F2,0.0329256182883382,1.0334736648421678,0.13721182491069406,0.05989080744708165,0.2495845913423489,1,0.8103597474721981,1.0617206082319757,0.650973722325232,1.731637716370512,end
underweight,0.25666678285179517,1.2926143337275136,0.1774777811455656,0.5148759416379524,0.35602207138701586,1,0.14812361671273772,1.6734308858248517,0.8328393638047576,3.3624382460013464,end
HIV_High_CD4,-0.11881642686338517,0.8879707933847228,0.18549422922682832,-0.316066836489215,0.4934382876716189,1,0.5218217565232693,0.729010724021906,0.2771522987464036,1.9175617093662647,end
Indel_Sample1,-0.2817314291074799,0.7544762876951867,0.29900098722982665,-1.0054501304431454,1.0670821589385704,1,0.34606851411919926,0.3658799040482855,0.04518940010903462,2.9623784308572536,end
fstrom1_baseline,-0.05353064435929191,0.9478768934786458,0.1619371855675664,-0.11476511177086246,0.34717944130808304,1,0.740973653465508,0.8915755399132527,0.4514799507829347,1.7606694206312343,end
RIF_pred_MIC_high,0.6564083531629405,1.9278557080466938,0.2583569397197449,1.3567521103702203,0.5340064938304409,1,0.011062972662444796,3.8835594238013624,1.3635868463284466,11.060559757382373,end
screen_sex,-0.052177478180559955,0.9491603966331846,0.18228328231363822,-0.10683783957096378,0.3732405771873619,1,0.774691320092212,0.898671390113394,0.43241222186789713,1.867686033294097,end
diabetes,0.1759501061232818,1.1923785647773792,0.13071447851651735,0.8240824282074202,0.612216197143315,1,0.17828174835617716,2.2797879362123252,0.6867127002287575,7.568569843499158,end
smear_pos_no_contam_sputum_specimen_1,0.07410706803908813,1.0769221032616036,0.22092186342935213,0.1687365205042827,0.5030233623428331,1,0.7372896540098521,1.1838081886449527,0.4416793321522699,3.172894282089042,end
bl_prevtb,0.3349166885814863,1.397823925677249,0.16767773720319865,0.6932749488642899,0.34709161606004635,1,0.04578357575992298,2.000255552934124,1.0130725909232285,3.9493934717921895,end
TTP_baseline,0.0633851259287091,1.0654370876754502,0.21307655712381496,0.17737694793619033,0.596273476239244,1,0.7661032572440689,1.1940811147162917,0.3710948493482315,3.8422244637087855,end
HIV_Low_CD4,0.3613108794921578,1.4352095687539423,0.1477900941310464,1.2128450383793683,0.49610042919382935,1,0.014494973400858122,3.3630390299306985,1.2718926471283032,8.892284692716132,end
Lineage_2,0.5599603797614628,1.7506031396080914,0.27406212189807694,1.1184384018123061,0.5473987315737402,1,0.041033852476170515,3.060071867538863,1.0466102439499914,8.947017181068418,end
peth_value_baseline,-0.24205016451707503,0.7850167965755779,0.28408743659613084,-0.0006892098474811472,0.0008089061176156206,1,0.39419911013301945,0.9993110276030717,0.9977279483208182,1.0008966187323853,end
smoked_substance_use,0.14761061580249404,1.1590614882556212,0.19568415560745467,0.3015238237113194,0.39972351932620037,1,0.4506505198726064,1.3519173224424734,0.6175965428886449,2.9593437135699188,Rv1725c
screen_years,-0.04531425362932176,0.9556971033547969,0.18420993723241563,-0.003550754016699275,0.014434402470676004,1,0.8056880775990874,0.9964555424557315,0.9686599446493923,1.025048732091566,Rv1725c
high_lung_involvement,0.034472005635036336,1.0350730517577502,0.18753036593483152,0.0689401206342933,0.37503956651133874,1,0.8541539388088921,1.0713720541485467,0.5136958488088554,2.2344702241064502,Rv1725c
F2,0.020933270990007302,1.0211539087746184,0.13444633584531313,0.038077052680409486,0.24455424167172776,1,0.876269634959486,1.038811272987829,0.6432380192957508,1.6776509293839283,Rv1725c
underweight,0.2559340011359648,1.2916674765403242,0.1774940026991496,0.5134059747347124,0.35605461197362237,1,0.14932200466331855,1.6709728048992516,0.8315629794351336,3.3577133467503946,Rv1725c
HIV_High_CD4,-0.10817684167356044,0.8974688724989646,0.18636173874544984,-0.28776418405907617,0.49574597353975436,1,0.5615997261786141,0.749938418822828,0.2838218751759861,1.98155139267457,Rv1725c
Indel_Sample1,0.19016264039939487,1.209446286489124,0.1680172556497278,0.5876149172097658,0.5191842391390198,1,0.25771674961666347,1.7996908806997873,0.6505302412679399,4.978841967071512,Rv1725c
fstrom1_baseline,-0.07269506943189852,0.9298843369577682,0.16267073593623727,-0.15585199596227686,0.34875211040365794,1,0.6549582830664136,0.8556858259567623,0.43197240422560346,1.6950115923629836,Rv1725c
RIF_pred_MIC_high,0.6425779720730848,1.9013762614169236,0.25525072749933864,1.328165638792781,0.5275861611747292,1,0.011821165284725764,3.774113945748506,1.3419392431293373,10.614441859735155,Rv1725c
screen_sex,-0.023778753156123548,0.9765017337863511,0.1801399010484547,-0.04868902644355842,0.36885182112374665,1,0.894983035015713,0.9524772788956817,0.4622611390819164,1.9625551233104124,Rv1725c
diabetes,0.18453897881567613,1.2026638587841239,0.1320352694662001,0.8643093949303244,0.6184022724856413,1,0.1622184587332598,2.3733664609654648,0.706284755009579,7.9753503357995275,Rv1725c
smear_pos_no_contam_sputum_specimen_1,0.06289450212849469,1.0649144870932303,0.21808374564544056,0.14320630580626573,0.49656117010786344,1,0.7730435512826046,1.1539678473772177,0.4360337180151258,3.0539881155113227,Rv1725c
bl_prevtb,0.3343530445606544,1.3970362725781977,0.16749006682937662,0.6921082101109152,0.34670313984118173,1,0.045906068813826695,1.9979231381877887,1.0126620359447651,3.9417858322121058,Rv1725c
TTP_baseline,0.061538879043475964,1.0634718424930483,0.21226204071022303,0.17221041031650208,0.5939941333591909,1,0.7718779156817495,1.187927759175273,0.3708355047595611,3.805386331425165,Rv1725c
HIV_Low_CD4,0.3224119130473139,1.3804532855804803,0.14235584601290344,1.0822693454552408,0.47785879507343976,1,0.02352306094742241,2.951369634405866,1.156829782191537,7.5297013034980775,Rv1725c
Lineage_2,0.6870471809577006,1.9878371352455808,0.26605315206603214,1.372275573081295,0.5314019936921583,1,0.009812485400259805,3.944316070392727,1.3920072971888873,11.176399214699831,Rv1725c
peth_value_baseline,-0.2058769488919802,0.8139332255063105,0.2825787278302659,-0.0005862107998514333,0.0008046102439049381,1,0.4662678420871059,0.99941396098813,0.9978391201701214,1.0009912873005953,Rv1725c
smoked_substance_use,0.15927447772561643,1.1726597714988278,0.19566201416208975,0.3253495643410208,0.39967829105293134,1,0.41562856032824946,1.3845145383122908,0.6325440025664687,3.0304302926287994,Rv2642
screen_years,-0.05481565947989835,0.9466596396003725,0.18415242092453254,-0.004295269313457784,0.014429895582779049,1,0.7659591529270247,0.9957139421624706,0.9679475810725484,1.024276803830783,Rv2642
high_lung_involvement,0.04877100562201229,1.0499798837179093,0.185550111165137,0.09753650677116397,0.3710792804706965,1,0.7926696896702954,1.102451687780177,0.5327166986481437,2.2815123441289478,Rv2642
F2,0.03752530093926046,1.0382382651528048,0.13208705281184624,0.0682575055467689,0.24026276976577488,1,0.7763374064576989,1.0706409689733065,0.6685468049413149,1.714572676096658,Rv2642
underweight,0.2367673921059561,1.2671463352517534,0.1767815832600975,0.4749575796495156,0.3546254919860354,1,0.18046600142932312,1.6079459864067207,0.8024420706873264,3.222027345833074,Rv2642
HIV_High_CD4,-0.11609057553334542,0.8903945716817783,0.1856832764222009,-0.3088157245902165,0.4939411773020003,1,0.5318348854648826,0.7343160739547258,0.278894238477838,1.9334214267432086,Rv2642
Indel_Sample1,-1.5826252431122245,0.20543507265635738,311.6285853223596,-13.816123732401707,2720.479224064618,1,0.9959479108194691,9.993870135155948e-07,0.0,inf,Rv2642
fstrom1_baseline,-0.06418624670233943,0.9378303154604599,0.161805768408082,-0.13760980957942603,0.3468976941859,1,0.691598279392222,0.8714386524310802,0.44152669497177555,1.7199533654458687,Rv2642
RIF_pred_MIC_high,0.690874080019563,1.9954589619924998,0.24613737325111743,1.427990459825774,0.5087494682087634,1,0.005002639017618639,4.170310359691781,1.5385798643812347,11.303598141879272,Rv2642
screen_sex,-0.024080449929887705,0.9762071708002782,0.17927349114619487,-0.049306776335627786,0.3670777729066211,1,0.893147621955691,0.9518890678618026,0.46358478339509274,1.9545352435405299,Rv2642
diabetes,0.1773308139498389,1.1940260282651314,0.13111787331739372,0.8305491310894119,0.6141055427899696,1,0.17623031564111657,2.2945784187150386,0.6886131610568722,7.645933039606782,Rv2642
smear_pos_no_contam_sputum_specimen_1,0.04618865848400766,1.0472719690628718,0.21750159946178044,0.10516828860698195,0.4952356646728914,1,0.831826121931522,1.1108975460262127,0.42085127320486465,2.932374062621218,Rv2642
bl_prevtb,0.3312675782867407,1.3927324074055782,0.16786555687539462,0.6857213188445233,0.34748040132538766,1,0.0484488626439164,1.9852032837485871,1.0046831788778299,3.922661552080593,Rv2642
TTP_baseline,0.06781350537876389,1.0701657097186115,0.21069055648937288,0.1897693257952724,0.589596491629524,1,0.7475564456960785,1.2089706871379626,0.38067146851175493,3.839557842548695,Rv2642
HIV_Low_CD4,0.32501118886063174,1.3840461317933934,0.1414181650134209,1.090994570607589,0.4747111961154358,1,0.021548814934960067,2.9772336696547272,1.1741890312800802,7.548972173639246,Rv2642
Lineage_2,0.6262606230711546,1.8706025964934465,0.2586964810044982,1.2508633748053009,0.5167081265506547,1,0.015485047759173858,3.4933577328864738,1.2688792826181938,9.617580188350965,Rv2642
peth_value_baseline,-0.22775648147373237,0.7963181544494419,0.2829288768809772,-0.0006485102382497264,0.0008056072528279351,1,0.42082225869911927,0.9993516999990655,0.9977750075340743,1.0009308839667603,Rv2642
smoked_substance_use,0.1671398481096657,1.1819195429650688,0.1963425100130189,0.34141613611305077,0.4010683381703174,1,0.3946211971857583,1.4069385970188686,0.6410400381240726,3.0879135437064487,Rv3289c
screen_years,-0.04766481731100288,0.953453314570282,0.18424689516601306,-0.003734940509155062,0.014437298436529121,1,0.7958661100754579,0.9962720257056505,0.9684760499267412,1.02486576645723,Rv3289c
high_lung_involvement,0.050176273648722125,1.0514564241016955,0.1860381084950783,0.10034688422092936,0.37205522005342767,1,0.7873836338141383,1.1055543509281165,0.5331950643683565,2.292313835095254,Rv3289c
F2,0.0493619036707745,1.0506004981243007,0.13833425932752846,0.0897879651667722,0.2516262691308087,1,0.7212185893799027,1.0939423052380697,0.6680512011906793,1.7913443835692013,Rv3289c
underweight,0.24389311639863853,1.2762079175011203,0.17778580878781217,0.48925184852327863,0.3566399776879017,1,0.1701142459885795,1.6310954568797336,0.8107871904439707,3.281344871762078,Rv3289c
HIV_High_CD4,-0.11574148789736775,0.8907054516769182,0.18594742771850759,-0.3078871069935283,0.4946438534115435,1,0.53365127374784,0.7349982894921829,0.27876915394783996,1.937884726146978,Rv3289c
Indel_Sample1,-0.041644496234232185,0.9592107229899249,0.16139724690985136,-0.24552888771514092,0.9515707980034928,1,0.7963877489267838,0.7822906848776341,0.12116847086808041,5.05064321817345,Rv3289c
fstrom1_baseline,-0.06823645598413706,0.9340395882133556,0.163729429884276,-0.14629311101329354,0.35102185945547765,1,0.6768513769234562,0.8639044461626413,0.4341855449435054,1.7189215550616488,Rv3289c
RIF_pred_MIC_high,0.7010881046808606,2.0159450737632754,0.24243552035902619,1.4491021648304618,0.5010979861710597,1,0.0038297599610679777,4.259288658776546,1.5951506117521512,11.372932276818304,Rv3289c
screen_sex,-0.01814958146271686,0.9820141302616463,0.17994066300671827,-0.037162816989425314,0.3684438642296666,1,0.91965821633107,0.9635192452744463,0.4679941321873373,1.9837200344268708,Rv3289c
diabetes,0.18318446471710478,1.2010359364023642,0.13115158428905932,0.857965373366565,0.6142634319779873,1,0.1624922276721006,2.3583574320982983,0.7075345403807569,7.860887999249046,Rv3289c
smear_pos_no_contam_sputum_specimen_1,0.063580156968209,1.0656449012425706,0.22108603873277116,0.14476749308545062,0.5033971778260884,1,0.773667446007658,1.1557708143194605,0.4309027530235327,3.1000177322137388,Rv3289c
bl_prevtb,0.3296905142599413,1.3905377102707266,0.1682979359201112,0.6824568085355093,0.34837542259585785,1,0.05011636512824511,1.9787331338448784,0.9996535871634934,3.916741624551597,Rv3289c
TTP_baseline,0.08193338846386278,1.08538350835873,0.21579241331775176,0.2292824091906987,0.6038735287066939,1,0.7041784097207158,1.2576971741018539,0.385086244423513,4.107656933089884,Rv3289c
HIV_Low_CD4,0.3240504329734672,1.3827170398928348,0.14172036327796342,1.087769514078765,0.47572561247143486,1,0.022222211230239906,2.967647389227611,1.1680835882308398,7.539641097199461,Rv3289c
Lineage_2,0.6385306106118529,1.8936962567744993,0.25499376433102194,1.2753708681053115,0.5093124952375774,1,0.012276234400312686,3.5800288824563826,1.319346740534296,9.714358178526707,Rv3289c
peth_value_baseline,-0.2230898144754605,0.8000429906260792,0.285839378908656,-0.0006352224437277055,0.0008138945707175645,1,0.4351127262037944,0.9993649792673361,0.9977720590633248,1.0009604425319125,Rv3289c
smoked_substance_use,0.16234570324094036,1.176266810289373,0.19689368268992846,0.3316231487700656,0.4021942171740968,1,0.40963572207548704,1.3932277099930934,0.6333937377293999,3.064576323174628,Rv3378c
screen_years,-0.04907942501121389,0.952105505704859,0.18522424397693035,-0.0038457869552791955,0.014513881960213935,1,0.7910302556016073,0.9961615986125666,0.9682233615956317,1.0249059978422455,Rv3378c
high_lung_involvement,0.05520726189121403,1.0567596179761714,0.18655886415337608,0.11040829289030449,0.373096672595648,1,0.7672880542856125,1.1167339319148055,0.5374885894430077,2.320225394891171,Rv3378c
F2,0.037197514034181825,1.037898000015411,0.1320382746193423,0.06766127004881038,0.24017404355540317,1,0.7781600104003852,1.070002805088922,0.6682645136267419,1.7132527308455097,Rv3378c
underweight,0.23865055009230565,1.2695348202342875,0.17704722747976148,0.4787352119971912,0.3551583767489973,1,0.17767493751545294,1.6140317027405406,0.8046383032734582,3.2376016986183416,Rv3378c
HIV_High_CD4,-0.11374841317298127,0.8924824644709285,0.18601746318490817,-0.302585274244865,0.49483015667693897,1,0.5408731210533371,0.73890547596583,0.2801487519835185,1.9488978571084636,Rv3378c
Indel_Sample1,0.09064396325289432,1.094879118655725,0.1472783983353182,0.6730085151230886,1.0935048801520082,1,0.5382509767101422,1.9601255261055202,0.22987452396707098,16.71386638147344,Rv3378c
fstrom1_baseline,-0.052545097689005636,0.9488115308835948,0.163254909270171,-0.11265218421087182,0.3500045279443937,1,0.7475593485986044,0.8934613660487564,0.4499366637220981,1.77419018494292,Rv3378c
RIF_pred_MIC_high,0.7039518903588114,2.021726582943339,0.2448441609718742,1.455021418056728,0.5060764850260153,1,0.004038972386294325,4.284575231894757,1.5890394814654265,11.552629831976533,Rv3378c
screen_sex,-0.017264015863796174,0.9828841533674685,0.17971736789064288,-0.03534954584857698,0.36798664842276835,1,0.923471304473093,0.9652679518760231,0.4692638336782871,1.9855402271586653,Rv3378c
diabetes,0.17193283981385563,1.1875980712279925,0.1328035759362369,0.8052671023859729,0.6220007236340127,1,0.1954443994200763,2.2372940055857082,0.6611120654152015,7.5713101140971,Rv3378c
smear_pos_no_contam_sputum_specimen_1,0.058650300955459735,1.0604043535052357,0.21802371459748884,0.1335425617504305,0.49642448368345576,1,0.7879228997745004,1.1428699076437516,0.43195600020046904,3.0238071127417094,Rv3378c
bl_prevtb,0.33461973252677085,1.3974088950250751,0.16739888870361744,0.6926602521332318,0.34651440182773435,1,0.04561523532596241,1.999026380207387,1.013596102108997,3.942503784742581,Rv3378c
TTP_baseline,0.07211723943482831,1.07478134343489,0.21092294030673697,0.201812895961124,0.5902467945463339,1,0.7324165653218824,1.2236190426269216,0.3847930724505016,3.8910356466249123,Rv3378c
HIV_Low_CD4,0.32814899880687853,1.3883958262001157,0.14126867100220386,1.1015275421860589,0.4742093759930336,1,0.020186045519483258,3.0087585210054293,1.1877897701270967,7.621405795365725,Rv3378c
Lineage_2,0.6551254334351486,1.925384009760761,0.2587133966880566,1.3085165830302705,0.5167419131376498,1,0.01133351107228823,3.700679986982779,1.3440951610917007,10.189034796413882,Rv3378c
peth_value_baseline,-0.2635798566094411,0.7682962664545353,0.2920527478700013,-0.0007505131555491279,0.0008315864201849536,1,0.36678722777621575,0.9992497684090056,0.9976224382986415,1.00087975303393,Rv3378c
smoked_substance_use,0.17206039985199745,1.1877495709457049,0.2014070642834529,0.35146733445031964,0.41141369009986983,1,0.3929433394734043,1.4211513237182765,0.6345185980611661,3.182997458352698,ahpD
screen_years,-0.07310553159320846,0.9295027329454139,0.1909416801003361,-0.00572843507632117,0.014961891309467965,1,0.7018173578759196,0.9942879411229709,0.9655540443420217,1.0238769291637582,ahpD
high_lung_involvement,0.029839841943243874,1.030289511572968,0.18755528005099523,0.059676316053529486,0.3750893919317685,1,0.8735909414215833,1.0614929027204623,0.5089093446458035,2.214082320123504,ahpD
F2,0.05486440327780841,1.0563973609438697,0.1324140206741505,0.09979686284506523,0.24085751544712128,1,0.6786252454506647,1.1049464396003645,0.689164563274843,1.7715748885634688,ahpD
underweight,0.2294163418166613,1.257865632067804,0.18124693062252445,0.46021130474134386,0.3635830201181337,1,0.20559659559925358,1.5844087427048505,0.7769352075325167,3.231094484612478,ahpD
HIV_High_CD4,-0.135830035771748,0.8729909971211187,0.18682793562075142,-0.3613252042662054,0.49698611663652625,1,0.46720586748913484,0.6967523747746087,0.26305290859020763,1.845498969602074,ahpD
Indel_Sample1,0.30136785372023384,1.3517064803526904,0.0854713890709433,2.405973087575293,0.6823616365309763,1,0.0004219664508135835,11.089215811829147,2.911210154944025,42.240408894041515,ahpD
fstrom1_baseline,-0.0934479225140982,0.9107854476074735,0.16246212652684658,-0.20034433361390677,0.3483048697161653,1,0.565157260974865,0.8184488850900543,0.4135365676785631,1.619829127241356,ahpD
RIF_pred_MIC_high,0.6618572918133305,1.9383891474970252,0.24981592912365497,1.3680147016787731,0.5163527968671072,1,0.00806396370231119,3.927545600625752,1.427581589601879,10.805417047509389,ahpD
screen_sex,-0.00028534222010448087,0.999714698486115,0.18425614116248726,-0.0005842625477001925,0.37728017405059283,1,0.9987643827797006,0.9994159081004261,0.4770949192423069,2.09357114712201,ahpD
diabetes,0.16254525955702306,1.1765015651833965,0.1327211245897317,0.7612992975150727,0.6216145533307714,1,0.22068345125746636,2.141056283149795,0.633153215654392,7.240146451561997,ahpD
smear_pos_no_contam_sputum_specimen_1,-0.005501144930851634,0.9945139586585536,0.217643168041709,-0.012525715548914587,0.4955580062554416,1,0.979834830909722,0.9875524047151805,0.3738870397061203,2.608434228758775,ahpD
bl_prevtb,0.3888936812075914,1.475347685809988,0.17171314661529757,0.8050069051343832,0.35544488225788373,1,0.023525761067982504,2.23671194356321,1.1144352088389053,4.489162114404707,ahpD
TTP_baseline,0.01884532641169913,1.019024020325467,0.21685913352195751,0.05273676486070439,0.6068586387203064,1,0.9307500182597258,1.054152118713799,0.3208812022697371,3.463078178243269,ahpD
HIV_Low_CD4,0.2972989898422009,1.3462177447126362,0.1426731665152634,0.9979705157290671,0.47892397361831024,1,0.037180502985493934,2.712770712497406,1.061090100202787,6.93543831685666,ahpD
Lineage_2,0.6971175631255446,2.007956549952595,0.2643564791032051,1.3923896785511152,0.5280131392918688,1,0.008363394516579822,4.024455726716868,1.4297547730307976,11.327987289716367,ahpD
peth_value_baseline,-0.22809319367167613,0.7960500695496554,0.2903341380137832,-0.0006494689872885997,0.0008266928773970491,1,0.4320883511404132,0.9993507418720429,0.9977328166979488,1.0009712906762562,ahpD
smoked_substance_use,0.16916723465995936,1.1843181814120758,0.19620821271009284,0.34555747338382936,0.4007940094164386,1,0.3885872459227617,1.4127772859135805,0.6440465001440698,3.099061417377257,fadE5
screen_years,-0.06824956865911519,0.9340273405361188,0.18621788615570622,-0.005347929418339476,0.014591742206711899,1,0.713989154535404,0.9946663452981305,0.9666225229664387,1.0235237799265415,fadE5
high_lung_involvement,0.07962783802879524,1.082883984435251,0.19032408668647097,0.15924668897053357,0.3806266927051451,1,0.6756691277947807,1.1726271851964107,0.5561218131736281,2.472577918881863,fadE5
F2,0.056347655782565315,1.0579654276074275,0.1337643135832759,0.10249485895799657,0.24331366165854204,1,0.6735756008048275,1.10793160597224,0.6877078589546812,1.7849329879377132,fadE5
underweight,0.22732821071876527,1.2552417841471235,0.178643668059977,0.4560224944350507,0.35836085132663725,1,0.20318728923344398,1.5777858357683079,0.7816471402015522,3.1848234523178696,fadE5
HIV_High_CD4,-0.108325653174158,0.897335328745978,0.1834868364478453,-0.28816004161403497,0.4880983670731484,1,0.5549406844014034,0.7496416087851069,0.2879941066748187,1.9512987543750295,fadE5
Indel_Sample1,0.18236897793883633,1.2000569067231384,0.13518256696035802,0.671280593590845,0.4975924897858333,1,0.17731868286925068,1.956741507504341,0.7378735833214122,5.189015318796889,fadE5
fstrom1_baseline,-0.06399740128491874,0.9380074371416354,0.16082909370920034,-0.1372049411961457,0.344803787371915,1,0.6906878354664614,0.871791541821476,0.4435219675666589,1.71360281557472,fadE5
RIF_pred_MIC_high,0.7474123101929373,2.111528959001055,0.24990361089407015,1.5448511955776871,0.5165340292150482,1,0.0027824551218289233,4.687274088011966,1.7031221092157705,12.900154520491247,fadE5
screen_sex,-0.024851995145568725,0.9754542733127098,0.18159627526901947,-0.05088658101092129,0.3718338716320818,1,0.8911469893861576,0.9503864562909421,0.45855842104327155,1.9697259386193278,fadE5
diabetes,0.1284740106684411,1.1370918686496032,0.14207373800822862,0.6017227099539997,0.6654185870185942,1,0.3658485503346586,1.8252604879165253,0.4953583914571625,6.725586779602135,fadE5
smear_pos_no_contam_sputum_specimen_1,0.06570767623769411,1.0679144947502746,0.21892787575092298,0.14961170306889482,0.4984831942901842,1,0.764075025257416,1.1613831936335357,0.43718562424405505,3.0852133456736643,fadE5
bl_prevtb,0.32419790783533337,1.3829209709342745,0.16884913832349208,0.6710871558189495,0.34951640729756456,1,0.05485224245918087,1.9563630363934383,0.9861444693337751,3.8811314662163636,fadE5
TTP_baseline,0.07255571476371354,1.0752527118720954,0.21146463124307968,0.20303992540128724,0.5917626625611934,1,0.7315154054914026,1.2251213807338186,0.38412257153766216,3.9074048461220845,fadE5
HIV_Low_CD4,0.29942478609235196,1.349082573288306,0.14479409866355222,1.0051063690369584,0.4860434991537909,1,0.03864613460489655,2.7321978786270527,1.0538800254307286,7.083259069193576,fadE5
Lineage_2,0.5930422982068402,1.809485043069899,0.2633988267617348,1.184514662441129,0.5261003697585277,1,0.024353925381123118,3.2690998194551826,1.165764255758208,9.167388326391183,fadE5
peth_value_baseline,-0.2318834810230602,0.7930385219607335,0.2882282477433409,-0.0006602613921298402,0.0008206965984232283,1,0.42110054673864517,0.9993399565324582,0.9977337746077064,1.0009487241373192,fadE5
smoked_substance_use,0.16092475179591895,1.1745965792052286,0.19637157099582214,0.3287205749227737,0.40112770096484274,1,0.41250628620848384,1.3891896269309383,0.6328794785699557,3.0493133130705585,Rv0149
screen_years,-0.06924563131105584,0.9330974539758375,0.18689094770147,-0.005425979329327612,0.014644482256380511,1,0.7109998711664374,0.9945887147079867,0.9664471756557755,1.023549694532726,Rv0149
high_lung_involvement,0.0397089904618415,1.040507932396743,0.18701841074439746,0.07941349922277216,0.3740157139115931,1,0.8318522147886318,1.082651905247642,0.5201469923813686,2.253469048374208,Rv0149
F2,0.03980679243319894,1.040609701100253,0.13242248513044752,0.07240747675031713,0.24087291206375544,1,0.7637161139762216,1.0750933303596797,0.6705246886094774,1.7237630300843936,Rv0149
underweight,0.22316452472064968,1.2500262170329792,0.17830539378502652,0.4476701017913856,0.35768227000064,1,0.21072077876248285,1.5646624311677109,0.7761773311996218,3.1541355629697163,Rv0149
HIV_High_CD4,-0.09986453993757184,0.9049599956710936,0.18654412524815703,-0.2656524021868732,0.4962311448788595,1,0.5924147420478036,0.7667055863732111,0.2898917869298767,2.0277823749387003,Rv0149
Indel_Sample1,0.1837706590208713,1.201740183219472,0.18782249598044712,0.7258116381751998,0.7418145759505632,1,0.3278630277763406,2.066407594810316,0.48281669351573564,8.844019697820553,Rv0149
fstrom1_baseline,-0.04033701543694433,0.9604656928364931,0.16431172775462508,-0.08647910258753246,0.35227025616309077,1,0.8060764405110591,0.917154714744816,0.45982186362409866,1.829344877489988,Rv0149
RIF_pred_MIC_high,0.7170705570209638,2.048423672296666,0.2401477349074301,1.4821368235712287,0.4963692868414874,1,0.0028269336470713702,4.402342667072062,1.6640774708726422,11.646465562784135,Rv0149
screen_sex,-0.021065481059358983,0.9791548463736018,0.18033369944395095,-0.043133370265937575,0.36924863987791273,1,0.9070075359156403,0.9577836416892997,0.4644750639688278,1.9750242272407172,Rv0149
diabetes,0.18929434148999622,1.208396581392436,0.13173177795288374,0.8865816794205359,0.6169808353024273,1,0.15072710362936143,2.426819808434279,0.7242066226415279,8.132284624969783,Rv0149
smear_pos_no_contam_sputum_specimen_1,0.08576205821093631,1.0895470486855903,0.22194590986763016,0.19527410376249457,0.5053550432121761,1,0.6991932481629277,1.215644153462803,0.4514893112189234,3.2731466086286294,Rv0149
bl_prevtb,0.342853383033527,1.4089621690227112,0.16909676407869184,0.7097038448494216,0.35002899069106674,1,0.042605447962110084,2.0333889708489896,1.0239417390605479,4.037994105566802,Rv0149
TTP_baseline,0.0774991479074995,1.0805813117029357,0.2132635008328735,0.2168736296106561,0.5967966195487006,1,0.7163089326271894,1.2421871165492515,0.3856495394578467,4.001116751468607,Rv0149
HIV_Low_CD4,0.3340634914594628,1.3966318149518013,0.14278925604906215,1.1213812567442825,0.4793136618980362,1,0.019306665797041,3.069090478850113,1.1995467080341708,7.852396496343927,Rv0149
Lineage_2,0.6893217742384252,1.9923638024483243,0.2609381232101449,1.3768187382151396,0.5211854767642297,1,0.008248965552448645,3.9622765173864014,1.426628508931572,11.004711529275024,Rv0149
peth_value_baseline,-0.2209464096595495,0.8017596457112923,0.280461374558968,-0.0006291193464246662,0.0007985813253620137,1,0.43081591469907654,0.9993710785076579,0.9978080957553233,1.0009365095414753,Rv0149
smoked_substance_use,0.16127129895164313,1.1750037028485714,0.19614363203377122,0.3294284659028509,0.400662090635689,1,0.41095726286693446,1.390173369887762,0.6339058724631049,3.048689217589758,Rv1895
screen_years,-0.06328080455290375,0.9386798511017457,0.18622131574054648,-0.004958584836996858,0.014592010943614129,1,0.7339958181203485,0.9950536886500406,0.9669984361498609,1.023922900266827,Rv1895
high_lung_involvement,0.042318438532631175,1.043226629420245,0.1866392018763559,0.08463210085256312,0.3732573389744004,1,0.8206264802729386,1.0883166022875348,0.523646290612929,2.2618951915582235,Rv1895
F2,0.03946507146975349,1.0402541637013736,0.13231855107687862,0.07178589557777491,0.24068385883672175,1,0.7655062281631569,1.0744252802320025,0.6703563787673888,1.722053700636428,Rv1895
underweight,0.22842704627754043,1.2566218465463617,0.1781434615440512,0.45822676873476137,0.3573574324266955,1,0.1997498577257235,1.5812675444472686,0.7849141514194078,3.1855802862015627,Rv1895
HIV_High_CD4,-0.10463169431496681,0.9006561782979019,0.1863764731732003,-0.2783336403194707,0.4957851689952104,1,0.5745250951271587,0.7570441989057587,0.28648912100169077,2.000480566567411,Rv1895
Indel_Sample1,0.12937529238673942,1.1381171707364508,0.20107816483726995,0.5125232087275452,0.7965757939265297,1,0.5199594179706128,1.6694983777910002,0.35038011942690594,7.954860104522092,Rv1895
fstrom1_baseline,-0.04751446290501268,0.9535966812546699,0.1640139208449369,-0.10186693456231002,0.35163178368278397,1,0.7720474821406186,0.9031497216864773,0.4533673448181992,1.7991578553357206,Rv1895
RIF_pred_MIC_high,0.7127209434691054,2.0395331700728905,0.24110545140967551,1.4731464636263212,0.49834882271926334,1,0.0031160165269717636,4.362941403055889,1.64279772679081,11.587097654246502,Rv1895
screen_sex,-0.020630719184952143,0.9795806381222483,0.18004042668686177,-0.04224315822409237,0.36864813887891845,1,0.9087706052036094,0.9586366518442372,0.4654362070707746,1.9744579736131005,Rv1895
diabetes,0.18633502711080868,1.20482584208935,0.13157389370645473,0.8727213923586953,0.6162413663925208,1,0.15671678051043486,2.393415421207951,0.7152740724996849,8.008730637274084,Rv1895
smear_pos_no_contam_sputum_specimen_1,0.07419604453123967,1.077017928275696,0.2211271773498621,0.16893911364539047,0.5034908475298017,1,0.737221079634454,1.1840480443601005,0.44136423529295854,3.176446252883202,Rv1895
bl_prevtb,0.33922966252361775,1.4038657235370873,0.16882742631690234,0.7022027714874276,0.3494714636122499,1,0.044502368099363976,2.018193433674147,1.0174009520593448,4.003441049942972,Rv1895
TTP_baseline,0.07435028742513425,1.0771840634499852,0.21243350690608465,0.20806185786365308,0.5944739643929001,1,0.7263437848286964,1.2312893321208402,0.38401037747189454,3.9480011695922075,Rv1895
HIV_Low_CD4,0.33097688930933855,1.3923276142835743,0.14235013368534544,1.1110201790250314,0.47783961998481234,1,0.02006714187987127,3.0374555627885833,1.1906170872939497,7.749037364216395,Rv1895
Lineage_2,0.67223527821073,1.9586104705198177,0.2604561684011933,1.3426909784655507,0.5202228430034282,1,0.009851687434366591,3.829334309154016,1.3813661071742527,10.61543436972013,Rv1895
peth_value_baseline,-0.2239230119914525,0.7993766744186546,0.28168719408480347,-0.0006375948772852874,0.0008020717046812182,1,0.4266513086218534,0.9993626083431355,0.9977928128961532,1.0009348734989727,Rv1895
smoked_substance_use,0.1654935416470353,1.179975341997603,0.19478467738633803,0.33805323015324384,0.3978861574867305,1,0.39553472131074063,1.4022151415456683,0.6428850716281854,3.0584118218833063,PE_PCRS50_c.-218_-217insC
screen_years,-0.06777325941111152,0.9344723323647531,0.1847026513601975,-0.005310606570888985,0.014473010778839198,1,0.7136699587613673,0.9947034697711914,0.9668835773887628,1.023323816758775,PE_PCRS50_c.-218_-217insC
high_lung_involvement,0.06234777369945002,1.06433242719748,0.1859093484013581,0.12468851060267509,0.3717977143983192,1,0.737348610119552,1.1327955443046231,0.5466089568445491,2.347611997805856,PE_PCRS50_c.-218_-217insC
F2,0.02255677894451644,1.0228131067644195,0.13325787978791498,0.04103016965579369,0.24239247230813893,1,0.8655829874385116,1.0418835383390477,0.6478796363918091,1.6754984205205337,PE_PCRS50_c.-218_-217insC
underweight,0.2276937218855942,1.2557006728956717,0.17801830450805445,0.4567557132182109,0.3571063662542619,1,0.20088061720792294,1.5789431221991244,0.7841461162021721,3.1793326927569012,PE_PCRS50_c.-218_-217insC
HIV_High_CD4,-0.10788519242694902,0.8977306567922264,0.18422782093812756,-0.2869883598975995,0.49006948024254515,1,0.558139311634474,0.7505204649212888,0.2872199756593734,1.961148304439962,PE_PCRS50_c.-218_-217insC
Indel_Sample1,-0.17484989563026263,0.8395830363937429,0.21561296688005577,-0.38741405041326316,0.4777325861106532,1,0.4173982200902727,0.6788099751810287,0.2661346983936943,1.731390101277325,PE_PCRS50_c.-218_-217insC
fstrom1_baseline,-0.06354524604027077,0.9384316580234786,0.16121376032067383,-0.1362355591195633,0.3456284796054695,1,0.6934572816604871,0.8726370506609807,0.4432351083135115,1.7180394962027012,PE_PCRS50_c.-218_-217insC
RIF_pred_MIC_high,0.7309730821544695,2.077100814336653,0.2491428953826469,1.5108724120558512,0.5149616811933608,1,0.003346768872082261,4.530681691987599,1.6513052957471777,12.43081860572825,PE_PCRS50_c.-218_-217insC
screen_sex,-0.014723770915161735,0.9853840937593188,0.1806547212804544,-0.030148177523454056,0.3699059594852047,1,0.9350425150893458,0.9703017459860055,0.469939866640676,2.003416915856952,PE_PCRS50_c.-218_-217insC
diabetes,0.1551751267294363,1.1678624671316669,0.13608543164383127,0.7267804382168955,0.637371669864905,1,0.25417079750028904,2.068410500625291,0.5930686736726103,7.21387284309458,PE_PCRS50_c.-218_-217insC
smear_pos_no_contam_sputum_specimen_1,0.08215315305642715,1.08562206343524,0.21985406399991092,0.18705688353350572,0.5005920590260519,1,0.7086488831868614,1.2056958673405722,0.45199438440749556,3.216195985327882,PE_PCRS50_c.-218_-217insC
bl_prevtb,0.33346374519406274,1.3957944413675851,0.16786023599102873,0.6902673673165172,0.34746938713600134,1,0.04697163036708749,1.9942486588821142,1.0092827022975956,3.9404496920432206,PE_PCRS50_c.-218_-217insC
TTP_baseline,0.08947158890785491,1.09359626260679,0.2105225163841785,0.2503773106852612,0.5891262481685615,1,0.670838338777344,1.284509984608183,0.40482964982652464,4.075704191294162,PE_PCRS50_c.-218_-217insC
HIV_Low_CD4,0.3050765424187492,1.356728846339449,0.14407895530433998,1.0240781327110409,0.48364291250063046,1,0.03422369986314327,2.784527312357338,1.0791303041910392,7.185038102582423,PE_PCRS50_c.-218_-217insC
Lineage_2,0.7737283197726301,2.167833582458763,0.30522485925165665,1.545408383664678,0.6096417105800078,1,0.011246488865049031,4.6898865090316155,1.4198235274612463,15.491386811236726,PE_PCRS50_c.-218_-217insC
peth_value_baseline,-0.2239767174813927,0.7993337446555004,0.286873085050578,-0.0006377477974562132,0.000816837929396274,1,0.4349484059564651,0.9993624555204463,0.997763783345969,1.0009636891756708,PE_PCRS50_c.-218_-217insC
smoked_substance_use,0.22049310022759694,1.246691322822169,0.20169124291433543,0.45040068643535125,0.41199418105531305,1,0.27429678332754814,1.5689407128220696,0.6997073727477604,3.5180063212482455,Rv0192
screen_years,-0.03643878863603565,0.9642171131346343,0.18748061488150003,-0.0028552864661846146,0.014690687654027236,1,0.8458937727876864,0.9971487859872883,0.9688470669654417,1.0262772477706115,Rv0192
high_lung_involvement,0.07077076786273521,1.0733351547542054,0.18734474811901977,0.14153354827952674,0.3746683518292162,1,0.70561120767893,1.1520391525440283,0.5527757210463705,2.400963281241922,Rv0192
F2,0.08234265277025182,1.085827807999235,0.13207454281870137,0.14977905406537953,0.24024001442724055,1,0.5329849745093149,1.1615775685322536,0.7253632451133548,1.8601196804594764,Rv0192
underweight,0.19142404604859023,1.2109728514737321,0.1798772976662135,0.3839984078435466,0.36083552373296196,1,0.28724156696793146,1.4681431041666109,0.7238100933432422,2.97791395026848,Rv0192
HIV_High_CD4,-0.07106014965183961,0.9314058667040505,0.18563468328820967,-0.18902905342147103,0.4938119133732562,1,0.7018712854877033,0.8277624570138311,0.3144649616425252,2.178909477426867,Rv0192
Indel_Sample1,0.22036275736297625,1.2465288360935776,0.11110301776777659,1.7659685610516618,0.8903702184696954,1,0.04732173049655895,5.847233018457556,1.0210944068018564,33.48381280358422,Rv0192
fstrom1_baseline,-0.033253767651239094,0.9672930607524309,0.1625308276833732,-0.07129322665502895,0.3484521591052981,1,0.8378848462220733,0.931188802713181,0.4703647088870347,1.8434898918121387,Rv0192
RIF_pred_MIC_high,0.3596841823706434,1.4328768153357159,0.27241870076189884,0.7434431191295651,0.5630712122751927,1,0.18672290443762707,2.10316450816016,0.6975673731224359,6.3410376098656736,Rv0192
screen_sex,-0.02766320921147418,0.9727159134002978,0.18001298766083432,-0.05664278172904539,0.3685919551313912,1,0.87786725340885,0.9449315559013259,0.4588326470521539,1.9460159408330162,Rv0192
diabetes,0.2045781103837683,1.227007294113358,0.13282161595075115,0.9581649575420951,0.6220852161034597,1,0.12350013007200773,2.6069082941070314,0.7702041562151531,8.823596703606475,Rv0192
smear_pos_no_contam_sputum_specimen_1,0.04522465600850973,1.0462628827511724,0.21841756932182002,0.10297332356819187,0.49732126286425893,1,0.8359661680257113,1.1084618388749385,0.4182154952644536,2.937929517568602,Rv0192
bl_prevtb,0.30809116156310085,1.360825038220392,0.17154858434675935,0.6377463159057564,0.355104239637807,1,0.07250387729906588,1.8922116230966253,0.943418588550077,3.795202755210406,Rv0192
TTP_baseline,0.14500549939883556,1.1560459278081694,0.21483725464854828,0.4057834159114427,0.6012006125129379,1,0.4997042957223675,1.500477537702874,0.46183475174107974,4.874974939982664,Rv0192
HIV_Low_CD4,0.3334096786489789,1.3957189776245433,0.140671413120857,1.1191865439132191,0.47220450622813004,1,0.01778178313235559,3.0623620927349102,1.2137111336104942,7.726765724824731,Rv0192
Lineage_2,0.3103202496947535,1.3638618205326112,0.27003737066701095,0.619819002670235,0.5393598836529585,1,0.2504837444843978,1.858591611281978,0.6457731847854942,5.34918893957353,Rv0192
peth_value_baseline,-0.3364402491944742,0.7143085628131014,0.3204869864028238,-0.000957974696263779,0.0009125496256491941,1,0.29382010395272296,0.9990424840150061,0.997257229191157,1.0008309347392634,Rv0192
smoked_substance_use,0.14895243492937743,1.1606177830293374,0.19562461775855375,0.3042647541767015,0.3996019015160005,1,0.44640643316332373,1.3556279167356569,0.6194392900944702,2.9667589350891626,gmhA
screen_years,-0.04561565740433932,0.9554090960454978,0.1842068638073397,-0.0035743715449398686,0.014434161641895668,1,0.8044185473021532,0.9964320089167201,0.9686375247779914,1.0250240394324748,gmhA
high_lung_involvement,0.034235392966982,1.034828169333627,0.18753382389618223,0.06846692200314987,0.37504648204376206,1,0.855146543984614,1.070865202289339,0.5134458667476078,2.23344339830452,gmhA
F2,0.02215521653680884,1.0224024659251125,0.13421960843897893,0.04029973851772389,0.244141830663472,1,0.8688913146972156,1.0411227920306219,0.6451906292017844,1.6800254359345856,gmhA
underweight,0.25635730764015835,1.2922143635266419,0.17753692588272388,0.5142551314994737,0.35614071627709065,1,0.14874850321043886,1.672392325372673,0.8321289636116604,3.361132964085452,gmhA
HIV_High_CD4,-0.10933071288687501,0.8964339062258679,0.18632870456011819,-0.2908336285267813,0.49565809839715497,1,0.5573631664257153,0.7476400536486886,0.2830007729612434,1.9751382442208507,gmhA
Indel_Sample1,0.18536680424604196,1.2036598667140739,0.16824817588782168,0.5688172941722812,0.5162870048237144,1,0.270571984723885,1.76617694791948,0.6420515767076186,4.85845861068992,gmhA
fstrom1_baseline,-0.07224196679633749,0.9303057654695854,0.16265887513979208,-0.15488058276080643,0.3487266818730282,1,0.6569473508151555,0.8565174543263996,0.4324137823370371,1.6965743913175448,gmhA
RIF_pred_MIC_high,0.645931152433441,1.9077626202769857,0.25476064333463055,1.3350964380558366,0.5265731900241905,1,0.011230512471692666,3.800362428311646,1.3539577232204714,10.667064664448906,gmhA
screen_sex,-0.023072918053321685,0.9771912262933861,0.18012690386740127,-0.04724376883230047,0.3688252082863179,1,0.8980757158451973,0.9538548491647286,0.4629538556599991,1.9652910590364925,gmhA
diabetes,0.1848523922724452,1.2030408488952375,0.13205046138483761,0.8657773026695,0.6184734255725918,1,0.16155471687898804,2.3768529022224323,0.7072236426645991,7.988179944773767,gmhA
smear_pos_no_contam_sputum_specimen_1,0.06185531730817103,1.0638084189274617,0.2180212400049003,0.1408401559182443,0.4964188492122224,1,0.7766308332157248,1.1512406142779175,0.43512457491180195,3.045920704965103,gmhA
bl_prevtb,0.33402225741417185,1.3965742273595818,0.16749693767594637,0.6914234832821807,0.34671736244031365,1,0.04613029066643306,1.996555574870401,1.0119406673891773,3.939197516224565,gmhA
TTP_baseline,0.062119247801797055,1.0640892274639306,0.21222772360000333,0.1738345143554259,0.5938981003517058,1,0.7697507743462944,1.1898586450022075,0.3715081886946035,3.8108543449907923,gmhA
HIV_Low_CD4,0.3229874840764604,1.381248063202296,0.1422344014472519,1.0842014169940675,0.47745113107202464,1,0.023158404441256948,2.9570774038109233,1.159993493110437,7.538237778111957,gmhA
Lineage_2,0.6869614106230697,1.9876666451009022,0.2660579634371321,1.3721042594679491,0.5314116036974339,1,0.009822985341699819,3.943640413230817,1.391742633727275,11.174695185715596,gmhA
peth_value_baseline,-0.2066040184481863,0.8133416545199478,0.2827209003685737,-0.000588281046318486,0.0008050150637638242,1,0.4649195078926872,0.9994118919570498,0.997836262683468,1.0009900092215982,gmhA
smoked_substance_use,0.15006722159228866,1.1619123457011284,0.19622649107593723,0.3065419260142144,0.40083134658714703,1,0.44441128284650544,1.3587184319313854,0.6193572221651794,2.980696294807608,PPE16
screen_years,-0.054739199769857666,0.9467320236891215,0.18526706000541113,-0.004289278050206193,0.014517236957216663,1,0.7676417037324079,0.9957199077646921,0.9677876944833614,1.0244582984165773,PPE16
high_lung_involvement,0.05003862210691359,1.0513116994647866,0.18534659848189655,0.10007159667316533,0.3706722780733963,1,0.7871808391977492,1.1052500474693279,0.5344950987103501,2.2854796430845106,PPE16
F2,0.0390829696931297,1.039856756667085,0.13179375130639742,0.0710908628003018,0.2397292622752566,1,0.7668127957376041,1.0736787788967947,0.6711451427365237,1.7176405621486703,PPE16
underweight,0.24478603139519287,1.277347971599332,0.17734444163133517,0.49104304426955103,0.3557545910875235,1,0.16749863600762616,1.6340196862756513,0.8136514965305267,3.281528205283898,PPE16
HIV_High_CD4,-0.11367229597418493,0.8925504003216094,0.1856127570590222,-0.3023827927962885,0.493753586809511,1,0.5402622957256775,0.7390551057650827,0.28079735112783627,1.945183767452181,PPE16
Indel_Sample1,-2.1575763704926825,0.11560496538687262,391.2366197433892,-15.144424360309847,2746.161607866552,1,0.99559987981167,2.647646919556895e-07,0.0,inf,PPE16
fstrom1_baseline,-0.05650257328267904,0.9450640525750607,0.16219198588794242,-0.12113667256841859,0.34772571134830405,1,0.727563481717608,0.8859128713308223,0.4481324050214481,1.7513609968733654,PPE16
RIF_pred_MIC_high,0.6624225528558003,1.9394851531027042,0.2515856581066072,1.3691830584015137,0.5200107081670382,1,0.008463680863364114,3.932137056639063,1.4190403010819277,10.895886339806943,PPE16
screen_sex,-0.019328882633328975,0.9808567224486043,0.1800244953716973,-0.039577536781664126,0.36861551815148874,1,0.9144969844400643,0.9611954231015354,0.46670837711859997,1.9796015813887111,PPE16
diabetes,0.18096303379547532,1.1983708792513836,0.1308717599366908,0.8475610477976517,0.6129528426475674,1,0.16674128240805253,2.333947518110351,0.7020122338207941,7.75956707712308,PPE16
smear_pos_no_contam_sputum_specimen_1,0.05281278707816257,1.0542322607416506,0.21788865656126769,0.1202509580463001,0.4961169661456403,1,0.8084824071233737,1.1277798414942704,0.4265095896753939,2.982083877290647,PPE16
bl_prevtb,0.33550245977626575,1.3986429705313057,0.16761107736341793,0.694487490696191,0.3469536307084922,1,0.045319981630691536,2.0026824175066134,1.014576080124806,3.9531159308395685,PPE16
TTP_baseline,0.07028138857400935,1.0728100152662825,0.21146627778085084,0.1966754505780487,0.5917672702327919,1,0.7396229496774698,1.217348886708382,0.38168214942417844,3.8826503000097086,PPE16
HIV_Low_CD4,0.33264531398635444,1.3946525469819642,0.14290326906205916,1.1166207316413064,0.47969637973182655,1,0.019924553591042712,3.054514718246408,1.1929546200222345,7.820968214038212,PPE16
Lineage_2,0.5962233200320569,1.8152502191984172,0.26373301077379946,1.1908682851167922,0.5267678531124822,1,0.023777346473147016,3.289936570528445,1.171660841398566,9.237897398005254,PPE16
peth_value_baseline,-0.2241818708037297,0.7991697755021117,0.2812845618213467,-0.0006383319478131454,0.0008009252558802366,1,0.4254550058427081,0.9993618717426818,0.9977943194924296,1.0009318866448143,PPE16
smoked_substance_use,0.16542443602808615,1.1798938018887217,0.19685210683226906,0.3379120682838742,0.4021092902770211,1,0.4007128351592658,1.4020172162051134,0.637495756458084,3.0833966416602796,fadE18
screen_years,-0.06400518857957657,0.9380001326297723,0.18732314860212357,-0.0050153464359714685,0.014678348842743608,1,0.7325892532585249,0.9949972094145483,0.9667799377861045,1.0240380546268386,fadE18
high_lung_involvement,0.00097448269128294,1.0009749576538092,0.1910162924081138,0.001948855398909425,0.3820110260235785,1,0.9959295549520288,1.0019507556518312,0.4738904996816995,2.118433092508868,fadE18
F2,0.04162222170661702,1.042500570264125,0.13309436084938164,0.07570969340410696,0.24209503578998795,1,0.7544879578234128,1.0786493896672453,0.6711330620443278,1.733612262053443,fadE18
underweight,0.23728389522557503,1.2678009893378097,0.1793335056544591,0.4759936896872773,0.3597446719250406,1,0.18578778542725738,1.6096128587658878,0.7952546422352469,3.25789177139828,fadE18
HIV_High_CD4,-0.13512680901378463,0.8736051236595541,0.18817930653204828,-0.35945453147632583,0.5005809354686752,1,0.47271119635381076,0.6980569903573701,0.2616951149188431,1.8620277338302844,fadE18
Indel_Sample1,-0.25745193036121405,0.7730187841541232,0.2180320426095239,-1.3120993585227123,1.1111965750032373,1,0.23768274093905828,0.2692542015236541,0.030500731096673492,2.3769208943993925,fadE18
fstrom1_baseline,-0.09142111131836167,0.9126333097508593,0.16289089409528557,-0.19599902418972154,0.3492241106202229,1,0.5746329926030909,0.8220130368065656,0.41458979078398034,1.6298168640433897,fadE18
RIF_pred_MIC_high,0.6661761697207372,1.946778917717745,0.24879982730535766,1.3769415331047756,0.5142525824507564,1,0.007416083189155667,3.9627630945680457,1.4463237505338464,10.857521587316992,fadE18
screen_sex,0.01946562789587692,1.0196563185251692,0.18336906936299938,0.039857534377018014,0.3754638188355391,1,0.9154590090206621,1.0406625049989189,0.49855666349872363,2.1722274088377467,fadE18
diabetes,0.19890584653995314,1.2200670869541062,0.13688283194216305,0.9315982616483787,0.6411063852827074,1,0.1461931447996163,2.538563225285374,0.7225655302761116,8.918641948376282,fadE18
smear_pos_no_contam_sputum_specimen_1,0.07402859016481571,1.0768375920203574,0.21700684858523273,0.16855783196900942,0.4941091521332093,1,0.7330020963228732,1.1835966745918103,0.4493836459966643,3.117383332893226,fadE18
bl_prevtb,0.3512562048845902,1.420851308328638,0.1679939841889097,0.7270976209367969,0.347746244868709,1,0.03653831893450037,2.069066668750846,1.0465797906412357,4.090502146150507,fadE18
TTP_baseline,0.039041729884326665,1.039813874057499,0.21324368339096111,0.10925438401463239,0.5967411624156459,1,0.8547312879068522,1.1154460659019163,0.3463391428253301,3.592490054072697,fadE18
HIV_Low_CD4,0.3175092044109309,1.3737018889238424,0.1400855985976624,1.0658119781802378,0.4702380494226616,1,0.023418519174416064,2.903195358551945,1.1550716043397085,7.2969877003735135,fadE18
Lineage_2,0.5321092751285482,1.7025196062510413,0.2709925086398303,1.0628099215123004,0.5412676311051718,1,0.049581471963086744,2.894492870784012,1.0019467510128985,8.361810615733624,fadE18
peth_value_baseline,-0.22117799511521155,0.8015739913366651,0.2828224369720079,-0.0006297787592240507,0.0008053041774981868,1,0.43419202939296286,0.9993704195097948,0.9977942902170716,1.0009490384775659,fadE18
smoked_substance_use,0.16264964887473032,1.1766243857895358,0.196803547180743,0.3322440177313017,0.4020100976022489,1,0.40854495934182833,1.3940929904192463,0.6340158689360679,3.065373220385518,Rv3899c
screen_years,-0.046681965527476166,0.9543908785287476,0.1851081422873619,-0.0036579257811464043,0.014504784413469526,1,0.800896114842513,0.9963487562793871,0.9684225379160033,1.0250802777429626,Rv3899c
high_lung_involvement,0.04106384825767659,1.0419186281108277,0.18598221038069276,0.08212306190026981,0.3719434301335209,1,0.8252524500050412,1.0855893963036995,0.5236809440814907,2.2504243293291233,Rv3899c
F2,0.039747639580818665,1.0405481478887604,0.13277278320235122,0.0722998793147632,0.24151009476416047,1,0.764660901517465,1.0749776592974183,0.6696157702573997,1.7257314109319042,Rv3899c
underweight,0.22851529906002924,1.256732751814633,0.17817032838643274,0.4584038046331399,0.35741132756114313,1,0.19964398402478833,1.5815475103488528,0.7849701989405933,3.186480876428728,Rv3899c
HIV_High_CD4,-0.1127185554028557,0.8934020679207657,0.18489976701112912,-0.2998457213393422,0.49185694242426137,1,0.5421137052482905,0.7409325219414915,0.2825590809834742,1.9428892540271478,Rv3899c
Indel_Sample1,0.11430908132859552,1.12109858197889,0.13229856225881764,0.9238098511754268,1.0691951478440154,1,0.38757492092239665,2.518868647159483,0.3098167977976122,20.478874311352605,Rv3899c
fstrom1_baseline,-0.060801631638173384,0.9410098878527771,0.16257716962589427,-0.1303534850798885,0.3485515122566895,1,0.7084145202698073,0.8777850921403083,0.4433029441296108,1.7381041073313792,Rv3899c
RIF_pred_MIC_high,0.7135834731800768,2.0412930869097616,0.24462954410413215,1.4749292547806059,0.50563288633196,1,0.0035341997373039367,4.370726553983033,1.6224007686222441,11.774680448354959,Rv3899c
screen_sex,-0.012615305102940568,0.9874639342987366,0.17918724556554366,-0.025830913829577896,0.3669011777197584,1,0.9438729681337734,0.9744998501267292,0.47476088198535393,2.0002700178788393,Rv3899c
diabetes,0.1833099853892831,1.2011867007022319,0.1312363500663927,0.8585532637782164,0.614660442182487,1,0.16247589604517632,2.3597442954417636,0.7073999551436502,7.871633436475386,Rv3899c
smear_pos_no_contam_sputum_specimen_1,0.05622231005471301,1.0578328244716535,0.2188150082325906,0.1280141992440098,0.49822620298253567,1,0.7972251554095336,1.1365691410050514,0.42806029602662926,3.0177744216777316,Rv3899c
bl_prevtb,0.34715118378649584,1.4150306388898883,0.17019474923363326,0.7186002590886256,0.3523018114494762,1,0.041377314227791145,2.0515595480899753,1.0284999659037408,4.092267106358914,Rv3899c
TTP_baseline,0.07752826397588622,1.080612774440338,0.21046835948395448,0.21695510802172918,0.5889746954891171,1,0.7126043265015201,1.2422883321051488,0.39163927372539514,3.9405657287749203,Rv3899c
HIV_Low_CD4,0.32983503152063304,1.390738681493059,0.14221020422241398,1.1071872012981694,0.47736990605015844,1,0.020376144734058917,3.0258353475099944,1.1871546316693882,7.7122889520854745,Rv3899c
Lineage_2,0.6353082886966329,1.8876039787375654,0.2576913151749403,1.2689347545814964,0.51470045582144,1,0.01368661231939307,3.5570614000951197,1.2971121862866257,9.754503841544171,Rv3899c
peth_value_baseline,-0.22340224251859075,0.7997930738026428,0.28414243755308416,-0.0006361120464444987,0.0008090627264790301,1,0.4317308284651975,0.999364090229931,0.9977806206208717,1.0009500727921896,Rv3899c
smoked_substance_use,0.17213024654573125,1.187832534223541,0.19647721625756284,0.35161001011123816,0.40134350226818305,1,0.3809851974101255,1.421354101888064,0.6472589713270576,3.1212351971143253,Rv0029
screen_years,-0.0650229664771787,0.9370459424860214,0.18468293583945222,-0.005095097919634438,0.014471465901480072,1,0.7247790855150854,0.9949178600750128,0.9670948998850867,1.0235412764702423,Rv0029
high_lung_involvement,0.05725340810211167,1.0589241163492173,0.1850072408128696,0.11450035437660556,0.36999360103648166,1,0.7569672471709287,1.1213130384310006,0.5429848944295933,2.3156130917347215,Rv0029
F2,0.04417814536277378,1.0451685302317921,0.13368680532545787,0.08035884927415915,0.24317267623789218,1,0.7410523911206652,1.0836758742101988,0.6728379013360706,1.7453734369203884,Rv0029
underweight,0.2208423280023216,1.2471267780907183,0.17868227132657125,0.4430117536844234,0.35843828983666637,1,0.21647720229438938,1.557390639312302,0.7714261108912622,3.144132106982138,Rv0029
HIV_High_CD4,-0.11677709700745344,0.8897835064665858,0.18505621654615179,-0.3106419591962506,0.49227311812412217,1,0.5280171190248815,0.7329762643044472,0.27929700166195437,1.9235945994291965,Rv0029
Indel_Sample1,-0.1553995374784371,0.8560730758688655,0.19359127938028828,-0.6324385601831517,0.7878697194467039,1,0.42213675259316497,0.5312946261094288,0.11342257484332453,2.488693102961865,Rv0029
fstrom1_baseline,-0.06775724265616338,0.9344872996989702,0.16190625779857712,-0.14526571872602995,0.3471131348231274,1,0.6755839624194793,0.8647924710243966,0.4379743370465456,1.7075567097918858,Rv0029
RIF_pred_MIC_high,0.7262643909625858,2.0673433784320783,0.24162662551637795,1.5011398626742254,0.49942605469800283,1,0.002649441617301569,4.486800493033365,1.6858717389651112,11.941227911348868,Rv0029
screen_sex,-0.016542517184698232,0.9835935588726228,0.18017054557997164,-0.033872215728072086,0.3689145684173319,1,0.9268443269761678,0.9666950251653154,0.4691036732782629,1.9920954043031833,Rv0029
diabetes,0.17673201886326462,1.1933112653657774,0.1301632679802637,0.8277446058759002,0.609634539608814,1,0.17453609546419846,2.2881522310999927,0.6927284972005519,7.557998052405952,Rv0029
smear_pos_no_contam_sputum_specimen_1,0.04323544798615606,1.0441837168636405,0.2170725876687848,0.09844403845230898,0.49425883534849807,1,0.8421257994600608,1.1034526517483252,0.4188319649212665,2.9071509737307193,Rv0029
bl_prevtb,0.33720547826747854,1.4010269147470922,0.1697456119042243,0.6980127257700569,0.3513721006596142,1,0.04697402950877027,2.0097548023920404,1.0093797802863043,4.001580420594713,Rv0029
TTP_baseline,0.06471163527957643,1.066851337735598,0.21024615585602824,0.18108905194510724,0.588352880816283,1,0.7582422363734611,1.198521905247968,0.3783023994464643,3.797107180554639,Rv0029
HIV_Low_CD4,0.32202839531977284,1.3799239587830112,0.14261215654902135,1.080981956673501,0.4787191759245558,1,0.023941224398248154,2.947572518954118,1.1533948223453905,7.532705701614285,Rv0029
Lineage_2,0.6161475942412908,1.8517804732598702,0.2542748591046496,1.230664088908015,0.5078765879100251,1,0.015386327190330503,3.423502291448716,1.2652177832244456,9.2635181823677,Rv0029
peth_value_baseline,-0.23418168778730378,0.7912180481791117,0.2836978313925295,-0.0006668052700760694,0.0008077967618608428,1,0.4091095310467945,0.9993334169951528,0.9977524716524518,1.00091686735613,Rv0029
smoked_substance_use,0.17150067493614488,1.1870849439385531,0.19528721032888235,0.3503239858101366,0.3989126802307289,1,0.3798367289620336,1.419527380828164,0.6495142517796132,3.102407652179735,PE_PGRS42
screen_years,-0.05426091932191642,0.9471849354062676,0.18452417967387993,-0.00425180074261269,0.014459026016732266,1,0.7687131362273807,0.9957572253652296,0.9679343918790893,1.0243798135348403,PE_PGRS42
high_lung_involvement,0.06550862857559601,1.0677019500207414,0.1883461122605391,0.13100986360940362,0.37667096709466025,1,0.7279830096203392,1.1399790255643723,0.5448462327246534,2.385172367307978,PE_PGRS42
F2,0.05933955072716399,1.0611354889023112,0.13358253751050794,0.10793703478776137,0.24298301590795068,1,0.6568861535653469,1.113977601342076,0.6919089374895943,1.7935107194803475,PE_PGRS42
underweight,0.2408061773476314,1.2722744158069659,0.17616218289856572,0.4830594202199091,0.3533829691287683,1,0.17163869803762954,1.6210262238851032,0.8109422206151554,3.2403369213282374,PE_PGRS42
HIV_High_CD4,-0.0763687353159779,0.926474519692482,0.18689142555127128,-0.20315056777255816,0.49715500794236733,1,0.682813991437881,0.8161553454813273,0.30803049903400453,2.162479202698075,PE_PGRS42
Indel_Sample1,-0.2797377026835171,0.7559820075041402,0.22753968030027094,-0.9994673639099887,0.812970444359174,1,0.21892117900558838,0.36807543923177,0.07480577767431243,1.8110837582025785,PE_PGRS42
fstrom1_baseline,-0.048298107129509396,0.9528496934474728,0.16330214119766748,-0.10354700058971149,0.35010578914726476,1,0.7674139998059585,0.9016336444329685,0.45396202123955254,1.7907736566898667,PE_PGRS42
RIF_pred_MIC_high,0.7108686348664485,2.0357588219444778,0.2380230226217622,1.4693178657823083,0.4919776488258848,1,0.0028214090935555053,4.346269390587174,1.6570839365336927,11.399578017194134,PE_PGRS42
screen_sex,-0.0358489582514048,0.9647860054438339,0.17905878700172417,-0.07340380148684031,0.36663814784726495,1,0.8413181001965953,0.9292255316065897,0.4529373937801381,1.9063563760617306,PE_PGRS42
diabetes,0.1787696913111254,1.1957453219157137,0.12991838998706065,0.8372882776344606,0.6084876255449376,1,0.16881689899390462,2.3100941415810192,0.7009452109126473,7.613341042759465,PE_PGRS42
smear_pos_no_contam_sputum_specimen_1,0.048881556997133625,1.050095966854361,0.21921239174998852,0.11129982689610117,0.4991310169740447,1,0.8235454702098801,1.1177299821308797,0.42021911980027565,2.973021107530949,PE_PGRS42
bl_prevtb,0.34407610295171615,1.4106859887903673,0.16950813275917678,0.712234865600726,0.3508805206704639,1,0.0423717769780847,2.0385420390400366,1.024824811333032,4.054989300588926,PE_PGRS42
TTP_baseline,0.06486963554605225,1.0670199138484349,0.21398402297025224,0.18153119991957223,0.59881292882909,1,0.7617742016412041,1.1990519464504124,0.37078956999805174,3.8774703676106013,PE_PGRS42
HIV_Low_CD4,0.3252368737063737,1.384358525281059,0.14330188676582103,1.0917521474228244,0.48103445597491473,1,0.023232324923869997,2.9794900074230726,1.1606056006220526,7.648903899460695,PE_PGRS42
Lineage_2,0.5805315605628191,1.7869880707167565,0.254333962663033,1.1595263062612993,0.507994638564623,1,0.02245652412087235,3.18842258252771,1.1780671774900169,8.629421784275811,PE_PGRS42
peth_value_baseline,-0.22934915431462433,0.795050889589183,0.28246773856779767,-0.000653045189952604,0.0008042942148172885,1,0.4168213909865267,0.999347167997648,0.9977730504557012,1.0009237689159844,PE_PGRS42
smoked_substance_use,0.16296546414736848,1.1769960404247426,0.1953741301949348,0.3328891327731609,0.39909023121665305,1,0.4042133813475812,1.394992630931729,0.6380661312620877,3.0498475706658366,Rv3527-Rv3528c_n.3964464delG
screen_years,-0.04161555461969724,0.959238484498657,0.18494951133905063,-0.003260929749209018,0.014492354340550382,1,0.8219712211424126,0.9967443813076429,0.9688306769906727,1.0254623282102373,Rv3527-Rv3528c_n.3964464delG
high_lung_involvement,0.04092962630852262,1.041778789146642,0.18537858596395534,0.08185463315073864,0.37073624942729044,1,0.825256419423903,1.085298032006572,0.5247805711416542,2.2445034802162946,Rv3527-Rv3528c_n.3964464delG
F2,0.03016638491544585,1.0306260003083314,0.13599255186061124,0.0548718367115803,0.24736676670414645,1,0.824451049597287,1.0564052136328752,0.6505363405658606,1.7154952087995414,Rv3527-Rv3528c_n.3964464delG
underweight,0.2501337702770191,1.2841971926124316,0.17770482183728034,0.5017706579553628,0.3564775171156681,1,0.15925544448065077,1.6516431782202627,0.8212625424669846,3.321623776931473,Rv3527-Rv3528c_n.3964464delG
HIV_High_CD4,-0.11787126488289854,0.8888104663693943,0.18569339811939964,-0.3135525851770983,0.4939681023063786,1,0.5255831160390535,0.7308459463295993,0.27756163143075074,1.9243862867972432,Rv3527-Rv3528c_n.3964464delG
Indel_Sample1,-0.09922509932964281,0.9055388488922812,0.17294713379085025,-0.6349419783733488,1.1066896987258275,1,0.5661499751574036,0.5299662369286544,0.0605664645142868,4.63728920842105,Rv3527-Rv3528c_n.3964464delG
fstrom1_baseline,-0.05647961955711012,0.9450857455649351,0.1619882890859121,-0.12108746174885897,0.34728900286978337,1,0.7273409495196084,0.8859564689020062,0.44853821287825174,1.7499487050445903,Rv3527-Rv3528c_n.3964464delG
RIF_pred_MIC_high,0.7117537120170738,2.0375614231648664,0.24384199960135572,1.4711472609844949,0.5040050845817176,1,0.0035125364189307296,4.354227712195907,1.62144130343375,11.692867900616827,Rv3527-Rv3528c_n.3964464delG
screen_sex,-0.040842127415506836,0.9599806726151172,0.18264732830710853,-0.08362774148369072,0.3739859924278655,1,0.8230592551107478,0.9197735859240108,0.4419198194299486,1.9143369728354438,Rv3527-Rv3528c_n.3964464delG
diabetes,0.17872361813950524,1.19569023140539,0.13078630108784442,0.8370724886703018,0.6125525863634376,1,0.1717721578537066,2.3095957025398546,0.6952328043365816,7.672584314085552,Rv3527-Rv3528c_n.3964464delG
smear_pos_no_contam_sputum_specimen_1,0.07076617839641783,1.0733302287299693,0.2207708914811504,0.1611295525239054,0.5026796099598637,1,0.7485580625464776,1.1748371620746727,0.4386276608471054,3.1467289471121354,Rv3527-Rv3528c_n.3964464delG
bl_prevtb,0.3327407657238731,1.3947856753443741,0.16826753705648828,0.6887708054182478,0.34831249718383084,1,0.0479907033615609,1.9912663744667871,1.0061094425512394,3.9410640695583807,Rv3527-Rv3528c_n.3964464delG
TTP_baseline,0.06734981086314164,1.0696695947799852,0.21234894887407138,0.18847172297835393,0.594237337180723,1,0.7511178467155794,1.207402940744806,0.3767354521966816,3.8696168699252715,Rv3527-Rv3528c_n.3964464delG
HIV_Low_CD4,0.3469820669244772,1.4147913535827394,0.1464920903346018,1.1647462120915855,0.4917433019837986,1,0.017855255574565587,3.20510936197504,1.2225600362457463,8.40263522253326,Rv3527-Rv3528c_n.3964464delG
Lineage_2,0.626862723283541,1.8717292258519378,0.2568830689695782,1.2520659813174957,0.5130861030442289,1,0.014676497535741902,3.4975613948144413,1.2794569094240484,9.561037671837676,Rv3527-Rv3528c_n.3964464delG
peth_value_baseline,-0.24333327400998983,0.7840101800095353,0.28698264702041887,-0.0006928633533553438,0.0008171498944332505,1,0.39649233009282525,0.9993073766210316,0.9977081825167179,1.000909134021736,Rv3527-Rv3528c_n.3964464delG
smoked_substance_use,0.18562372929820783,1.2039691568186062,0.1983374652937629,0.37917311248426366,0.4051434281705371,1,0.34932546765803063,1.4610759443384052,0.6604106666246304,3.232447661748207,arsC
screen_years,-0.03474811121244435,0.9658486720705446,0.18498519893696994,-0.0027228076284690783,0.014495150764887301,1,0.8509999957333834,0.9972808958501727,0.9693468536101596,1.026019924161952,arsC
high_lung_involvement,0.03644675160765757,1.0371190776238532,0.18693955575370053,0.07288938970253182,0.3738580128300599,1,0.8454200080335552,1.075611556620364,0.5169242928053184,2.2381231387997538,arsC
F2,0.02117067179640611,1.0213963603139755,0.1346997959447636,0.03850887831415464,0.24501527872435871,1,0.8751114275472273,1.0392599551933952,0.6429346173596986,1.6798928309444603,arsC
underweight,0.2285050780923582,1.2567199068554495,0.17717396386821033,0.45838330127740523,0.3554126111170654,1,0.19714735692223428,1.581515083650066,0.7880351242759599,3.173957457937864,arsC
HIV_High_CD4,-0.1039171206988448,0.9012999934393726,0.18607543003839142,-0.27643278344093464,0.49498435589404516,1,0.5765250428084634,0.758484600143193,0.2874850862785339,2.001143419652012,arsC
Indel_Sample1,0.37697995690798997,1.4578750887538483,0.2238777340365654,1.928085147532233,1.1450352358240306,1,0.09220769592336384,6.876330468581067,0.7289554385114838,64.86531029892497,arsC
fstrom1_baseline,-0.07115590727407346,0.9313166817630574,0.16217393008170733,-0.15255216426418125,0.3476870012478469,1,0.6608333298943514,0.8585141090315316,0.4343058955924487,1.697067626495788,arsC
RIF_pred_MIC_high,0.8234982343172639,2.278456486979258,0.25475551484560305,1.7021157057377578,0.5265625897807938,1,0.0012271039503812414,5.485540913547792,1.9543780193774307,15.396795714982675,arsC
screen_sex,-0.008208823712085438,0.9918247766785295,0.17987594825716063,-0.01680826711829973,0.36831135525697944,1,0.9636003533228552,0.9833322036787624,0.47774160951412514,2.023985777113144,arsC
diabetes,0.19124711778145623,1.2107586150983687,0.13196784953414048,0.8957277303293355,0.6180865035296264,1,0.14728319677859303,2.449117438143633,0.7292785246722795,8.224808523622261,arsC
smear_pos_no_contam_sputum_specimen_1,0.08932106321835159,1.0934316606640442,0.21939141066606413,0.20337770490741935,0.4995386303070552,1,0.6839117131832032,1.2255352715267334,0.460381392275765,3.2623749068825423,arsC
bl_prevtb,0.3392765193898332,1.4039315058266435,0.16944170876649087,0.7022997648372277,0.3507430235205675,1,0.04525032818406308,2.0183891945094192,1.0149669708281104,4.013820210512365,arsC
TTP_baseline,0.08297158684280861,1.0865109369036192,0.2135974507526349,0.23218770372331243,0.5977311450649462,1,0.6976842365981986,1.261356467914682,0.39088424436648944,4.070310231431269,arsC
HIV_Low_CD4,0.3415121352312806,1.4070736683668474,0.14337184404740247,1.1463847956745314,0.48126928793453855,1,0.017218766113726414,3.146796010494464,1.225212531999154,8.082128506722382,arsC
Lineage_2,0.7702331106909998,2.1602697770747836,0.27161985234666214,1.538427218209858,0.5425206577803,1,0.004572500876358109,4.657259654592541,1.6081850871655377,13.48729550062217,arsC
peth_value_baseline,-0.2639323601413636,0.7680254870352019,0.2878389790251858,-0.0007515168685850501,0.0008195882007718401,1,0.35917173925590606,0.9992487654494903,0.9976448973918001,1.0008552119724772,arsC
smoked_substance_use,0.17621643690416633,1.1926961741843498,0.19457348068261623,0.35995686060426924,0.3974547465254306,1,0.36511851154431585,1.4332675829292123,0.6576778033973141,3.123499004625424,Rv1514c
screen_years,-0.0388991597274668,0.9618476972400568,0.18478172734381085,-0.0030480772954661313,0.014479207049194578,1,0.8332664450598524,0.9969565633758944,0.9690618876019055,1.0256541939936257,Rv1514c
high_lung_involvement,0.04014639900492791,1.0409631590082689,0.18474078993521997,0.08028826694142786,0.36946072935379637,1,0.8279651702015103,1.0835993885383728,0.5252707388357881,2.235395098236785,Rv1514c
F2,0.041354456496689986,1.0422214622494548,0.13209076998673494,0.07522263574315949,0.2402695312061693,1,0.7542228844984278,1.0781241531391523,0.6732106532469058,1.726579465099035,Rv1514c
underweight,0.224035852275362,1.2511158739751123,0.1782531855600114,0.44941799292954915,0.357577539818116,1,0.20881133766547189,1.567399682276958,0.7776948100261362,3.1590049622670677,Rv1514c
HIV_High_CD4,-0.12947022090963534,0.8785607507666869,0.18658114450259247,-0.3444072862881107,0.4963296208131009,1,0.48773966394447,0.7086402498092063,0.2678855431369472,1.8745729902749422,Rv1514c
Indel_Sample1,0.15368847349020842,1.166127550541151,0.12454585793058429,1.3416814721146766,1.0872700223985097,1,0.21720624082781648,3.8254705224360532,0.45414960297200424,32.223356845980284,Rv1514c
fstrom1_baseline,-0.0747119939076766,0.9280107205854287,0.1629854325849815,-0.16017610910656185,0.34942679303636903,1,0.6466674203895304,0.8519937318984702,0.42954015964063746,1.689931204108086,Rv1514c
RIF_pred_MIC_high,0.7008320231494155,2.0154288935564066,0.24568821771064434,1.4485728614531652,0.5078210937837809,1,0.004337326730768028,4.257034799444873,1.573436069246196,11.517687714103776,Rv1514c
screen_sex,-0.03283648143694143,0.9676967830398829,0.1804381869307988,-0.06723549811462409,0.3694625869245368,1,0.8555969419610028,0.9349749905606852,0.4532239693424539,1.9287996489731736,Rv1514c
diabetes,0.18063398018697108,1.197976615859693,0.13137616466650812,0.8460198876205922,0.6153152798390285,1,0.16915090518666276,2.3303533014832665,0.6976931402723401,7.78357446314318,Rv1514c
smear_pos_no_contam_sputum_specimen_1,0.06394364655658145,1.0660323224766013,0.22047798271629004,0.14559513301244315,0.5020126775455133,1,0.7717987787883669,1.156727772345554,0.4324313754154153,3.0941768229239583,Rv1514c
bl_prevtb,0.3447101514586352,1.411580715755465,0.16858764595685502,0.7135473410944781,0.34897512012589055,1,0.04088503360131301,2.0412193320656797,1.0300101681130078,4.045179834711614,Rv1514c
TTP_baseline,0.0596275107129876,1.061441097462059,0.2110167159769049,0.1668616368325583,0.5905092163988008,1,0.7775046006168806,1.181590765356522,0.37138531892819765,3.7593212914421636,Rv1514c
HIV_Low_CD4,0.33829077403419394,1.4025482687369146,0.14200742702006613,1.1355713600254143,0.4766892254016551,1,0.01720932367210507,3.1129516510212465,1.2229642763429995,7.923753922373817,Rv1514c
Lineage_2,0.6647504171818026,1.944005270470216,0.25938651194983603,1.3277410707407455,0.5180863617537121,1,0.010383799265488408,3.772511917651439,1.3665788963844197,10.414214800532605,Rv1514c
peth_value_baseline,-0.24010172435055194,0.7865478459280734,0.2867228911647892,-0.0006836618894672588,0.0008164102696782001,1,0.4023678141835966,0.999316571754075,0.9977188092646998,1.0009168929252636,Rv1514c
smoked_substance_use,0.16574443529604968,1.1802714274583315,0.1953417736448516,0.3385657299621798,0.39902413657535546,1,0.39616829178522095,1.4029339607194087,0.6417816085979804,3.06681224854601,Rv0774c
screen_years,-0.08204485094899913,0.9212306397013198,0.18855072104614345,-0.006428906154776543,0.014774539498823895,1,0.6634650828381605,0.9935917150481396,0.9652323094241629,1.022784345875513,Rv0774c
high_lung_involvement,0.04170994038718075,1.0425920210495478,0.18596184612615535,0.08341517323897339,0.3719027039228298,1,0.822529322517032,1.0869930052860974,0.524399892440199,2.2531541492938856,Rv0774c
F2,0.030594394595731107,1.0310672126280533,0.13371128515903966,0.05565037472179985,0.24321720439182218,1,0.8190170856468688,1.0572279854839042,0.6563595233308649,1.702924957374186,Rv0774c
underweight,0.24541398415941684,1.278150337686609,0.1766468371264941,0.492302723325764,0.35435518999506377,1,0.16474406760886073,1.6360793236205546,0.8169146257736616,3.276664988882603,Rv0774c
HIV_High_CD4,-0.1105152319005007,0.8953726918578641,0.18590161170507574,-0.29398460004882904,0.4945219769773817,1,0.5521895262411167,0.7452879687532405,0.2827393403839588,1.9645449961580403,Rv0774c
Indel_Sample1,-0.13019355784803333,0.877925485106288,0.17772232748477293,-0.5751703486996597,0.7851434031048417,1,0.46382240801250296,0.5626090209282748,0.12075118878538658,2.6213316292268125,Rv0774c
fstrom1_baseline,-0.06298655743847845,0.9389560955793786,0.16168386759910444,-0.13503777865946925,0.3466363493032685,1,0.6968574068035673,0.8736829044956216,0.4428905791861044,1.7234997841016493,Rv0774c
RIF_pred_MIC_high,0.6853779924903279,1.9845218281303714,0.24287340715267636,1.4166304149419178,0.5020030688509577,1,0.004773177216442848,4.123203521321318,1.5414483783745947,11.029112305507951,Rv0774c
screen_sex,-0.0014609966157144152,0.9985400701202788,0.1812355930848511,-0.0029915152568943605,0.3710953440782024,1,0.993568073479276,0.9970129548662803,0.4817523833228633,2.0633729413332325,Rv0774c
diabetes,0.17885273206987232,1.1958446216374188,0.13123802531488266,0.8376772085172893,0.6146682884002239,1,0.1729418251168734,2.3109927832783486,0.6927746596046195,7.7091267273151205,Rv0774c
smear_pos_no_contam_sputum_specimen_1,0.06880638281147687,1.0712287807633474,0.21866796499885816,0.15666723743503738,0.49789139600284754,1,0.7530187034171287,1.1696063479296004,0.4407920895625683,3.103456349397665,Rv0774c
bl_prevtb,0.3324202381376772,1.3943386796996398,0.16851888095819945,0.6881073157997675,0.348832777111786,1,0.04854122503607682,1.9899456280989027,1.004417363948399,3.942468285517783,Rv0774c
TTP_baseline,0.08859196724884368,1.0926347346004148,0.21219120868308033,0.24791577727457642,0.593795917001542,1,0.6763053572682727,1.2813520086908803,0.40015518916031956,4.103065547197868,Rv0774c
HIV_Low_CD4,0.3149787492006877,1.3702301921607736,0.1420911355609321,1.0573177693955522,0.47697021746201596,1,0.026641034359726864,2.8786394501854167,1.1302889652256949,7.331368649174722,Rv0774c
Lineage_2,0.6493138485813317,1.9142269287753566,0.25427468203517023,1.2969087980675764,0.5078762342398144,1,0.01066180419990021,3.657971643655693,1.3518711507151682,9.897952581287376,Rv0774c
peth_value_baseline,-0.21525237203486058,0.8063379173556845,0.285894195185107,-0.0006129062328715584,0.0008140506537246042,1,0.45150447455475917,0.999387281555786,0.9977940205611626,1.000983086643223,Rv0774c
smoked_substance_use,0.1631774756871451,1.177245603621788,0.1959848127727741,0.33332220819796576,0.4003376709413838,1,0.40506886046944846,1.395596898795306,0.6367837210211473,3.058637712666014,Rv3900c
screen_years,-0.05023799361939179,0.9510030649042434,0.18570442561879372,-0.003936570578744802,0.014551508242388609,1,0.7867551277403395,0.9960711675579788,0.9680640731218102,1.0248885361903861,Rv3900c
high_lung_involvement,0.04755702039555042,1.048705997047243,0.18585026256123627,0.09510867333302282,0.3716795493867181,1,0.7980366211127962,1.0997783652127398,0.5308000633080227,2.278659209368118,Rv3900c
F2,0.03692379016644522,1.0376139414391103,0.13234923826127054,0.06716337375077519,0.2407396779935684,1,0.7802543766991343,1.069470187258607,0.6671917956062763,1.7142993798291852,Rv3900c
underweight,0.23987332869788244,1.2710881297347767,0.17764437557151513,0.48118811719577553,0.35635626134716325,1,0.17691954067567806,1.6179956290751354,0.8047228708003034,3.253181872540431,Rv3900c
HIV_High_CD4,-0.11404674367790979,0.89221624943867,0.18606025692103134,-0.3033788714048722,0.4949439934683244,1,0.5399054590425287,0.7383193152970743,0.2798640658040885,1.9477863646929725,Rv3900c
Indel_Sample1,-0.008049355057686605,0.9919829542529132,0.14491013888797386,-0.05971466843393819,1.075025369659647,1,0.9557025135630781,0.9420332870735814,0.11455208421599539,7.746927696936143,Rv3900c
fstrom1_baseline,-0.06285882790282966,0.9390760356652442,0.16401106715149208,-0.13476393748661164,0.3516256656087149,1,0.7015272371355835,0.8739221876081831,0.43870083032404295,1.740913025921883,Rv3900c
RIF_pred_MIC_high,0.7072394283522035,2.0283840231948176,0.24387015625442504,1.4618165389429332,0.5040632824981345,1,0.003730846809169197,4.313788580251108,1.6061992266876883,11.585593870244834,Rv3900c
screen_sex,-0.019952433227329654,0.9802452993031356,0.1795119733829019,-0.040854309838723145,0.36756608563913107,1,0.9114988251849604,0.9599689777955197,0.467072587566868,1.9730133235400875,Rv3900c
diabetes,0.18032618754457802,1.1976079442116931,0.13107314721504962,0.8445783056078486,0.6138960629786977,1,0.16889359927415126,2.3269963263393634,0.6986286980491448,7.750772216940883,Rv3900c
smear_pos_no_contam_sputum_specimen_1,0.051924625551030994,1.053296347889416,0.2188277727749428,0.11822867745013746,0.49825526693715344,1,0.8124354234243978,1.1255014587451617,0.42386778472647846,2.9885581761183415,Rv3900c
bl_prevtb,0.3318447258500507,1.3935364515245883,0.16836468205124352,0.686916009826139,0.3485135865698409,1,0.04872527701585045,1.9875764054996723,1.0038493217077367,3.935311686995535,Rv3900c
TTP_baseline,0.06992992264165179,1.0724330253474617,0.2108235509225511,0.19569190824896585,0.5899686632755374,1,0.7401166933180703,1.21615216116063,0.3826534905292768,3.865183816956482,Rv3900c
HIV_Low_CD4,0.3255912816709691,1.384849239919726,0.14145276906790888,1.092941820819944,0.4748273546873906,1,0.021348329145869278,2.983036736728324,1.1762098844905438,7.56540842753163,Rv3900c
Lineage_2,0.6409879819127678,1.8983554940018361,0.2564211441536341,1.2802791054195757,0.5121634762449506,1,0.012428203313535526,3.5976437073108043,1.3184504397972996,9.816857618662485,Rv3900c
peth_value_baseline,-0.2312154370117596,0.7935684835951987,0.2848746827547477,-0.0006583592140748994,0.0008111477099978978,1,0.41699873667470544,0.9993418574568008,0.9977543457509767,1.000931895028262,Rv3900c
smoked_substance_use,0.1468896126857329,1.1582261025041256,0.19550662338433092,0.3000510325066239,0.3993608747124832,1,0.4524552441351719,1.349927696012302,0.6171261007291093,2.9528888541711376,cyp123
screen_years,-0.03979744745928313,0.960984069205058,0.18549277279059737,-0.003118465716689837,0.014534923457918549,1,0.8301182934959271,0.9968863916470374,0.9688878688461826,1.0256940042344775,cyp123
high_lung_involvement,0.04232384231513786,1.0432322668052871,0.1842633649351704,0.08464290780768596,0.36850593323761704,1,0.8183310211390491,1.0883283637397678,0.5285512798008591,2.240953096862703,cyp123
F2,0.03341420752546521,1.033978732326885,0.13767864354836817,0.06077953802960967,0.2504337217944125,1,0.8082400541404022,1.062664611226643,0.6504690654455637,1.7360642280197367,cyp123
underweight,0.25788857523790587,1.2941946052639222,0.17745512901325122,0.5173268684711612,0.3559766309999666,1,0.14615136849656182,1.6775373727803218,0.8349574549152635,3.3703892581692063,cyp123
HIV_High_CD4,-0.11892168993961542,0.887877327766734,0.1854729216428418,-0.3163468496858875,0.4933816067829435,1,0.5214051746623832,0.7288066199759109,0.2771054859410673,1.9168118866967307,cyp123
Indel_Sample1,-0.3040925755698819,0.7377925617221094,0.30743935905644854,-1.0921848751009748,1.1042052484935696,1,0.32260736645957144,0.3354827045718077,0.03852733099048687,2.921267634516524,cyp123
fstrom1_baseline,-0.05308473301660098,0.9482996567873948,0.16193537425974278,-0.11380911608472168,0.34717555801941136,1,0.7430520666840698,0.8924282898309537,0.4519152096054959,1.7623400044133297,cyp123
RIF_pred_MIC_high,0.6525574423955871,1.9204459839926258,0.25932473154391805,1.348792535685836,0.5360068547239593,1,0.011857002651139587,3.8527706378981406,1.3474829962193973,11.01597692133932,cyp123
screen_sex,-0.05416285292583802,0.9472778269739988,0.18230087367172676,-0.11090306380028059,0.3732765969943521,1,0.7663848737074002,0.8950255050951724,0.4306275351111903,1.8602402063398658,cyp123
diabetes,0.17591897581332516,1.192341446240831,0.1306999466615597,0.823936625843414,0.612148135540036,1,0.17831029520908215,2.2794555619728563,0.6867041822472263,7.566456988809137,cyp123
smear_pos_no_contam_sputum_specimen_1,0.07542019116928353,1.0783371634556194,0.22107925191912642,0.17172640843057327,0.5033817247343654,1,0.7329940520537186,1.1873529390177266,0.4426908347526441,3.184631103966203,cyp123
bl_prevtb,0.3356016569927779,1.398781718902489,0.16770822471897237,0.6946928281653276,0.34715472498133826,1,0.04538114632679567,2.0030936854686248,1.0143845461781988,3.9554864354759354,cyp123
TTP_baseline,0.06271148955571747,1.0647196121859828,0.2132111469448075,0.175491843787396,0.5966501124188074,1,0.7686596609774905,1.191832267774255,0.37012263292315056,3.837820301042919,cyp123
HIV_Low_CD4,0.36356459611172987,1.4384477720372568,0.14802237735304358,1.2204102936072294,0.49688015537781255,1,0.014043602006951152,3.3885777602349423,1.2795943126267584,8.973515374249825,cyp123
Lineage_2,0.5542712446281268,1.740671998370426,0.27482988874497877,1.1070751921349837,0.5489322327931999,1,0.04371854475699228,3.0254964452052184,1.0316792205156442,8.872553171492909,cyp123
peth_value_baseline,-0.24247478049954097,0.784683536655999,0.2840297383757847,-0.0006904188923793288,0.0008087418286066706,1,0.3932739798996363,0.9993098193919024,0.9977270632922638,1.0008950863153556,cyp123
smoked_substance_use,0.17289272978071363,1.1887385819960747,0.19610299791768956,0.35316753264630624,0.40057908743170223,1,0.3779701854025246,1.4235696178421982,0.6492398566903591,3.1214202824425494,pks15
screen_years,-0.0597600163603199,0.9419905687860303,0.1850469553752249,-0.004682701382774519,0.01449998990276618,1,0.7467367836349958,0.9953282453698888,0.9674397215095947,1.0240207157147168,pks15
high_lung_involvement,0.07341500280262328,1.0761770607503034,0.18981888638838298,0.1468217197213421,0.37961634912771,1,0.6989313559538051,1.1581474697699266,0.550343498754501,2.4372152387918313,pks15
F2,0.04291913686310518,1.0438534821706946,0.13246437986601878,0.07806874692991257,0.24094911745249475,1,0.745934160421343,1.0811969850885528,0.6742307649862508,1.7338083357682659,pks15
underweight,0.24801928576424623,1.2814846463664795,0.17807476357859445,0.4975289824549477,0.3572196236722468,1,0.16368579042209064,1.6446522808563875,0.8165977834101301,3.312378725338287,pks15
HIV_High_CD4,-0.10369697393352446,0.9014984335596854,0.18516153733898863,-0.27584716499140716,0.4925532848543231,1,0.5754554454861105,0.7589289128048673,0.2890273774276833,1.992797705938048,pks15
Indel_Sample1,0.12286300745566134,1.130729508824456,0.1384711318922652,0.5789271321804905,0.6524721878154033,1,0.37492684292679945,1.7841232751314333,0.4966375190786146,6.409293979180513,pks15
fstrom1_baseline,-0.08294513759417796,0.9204016412833625,0.16401665183710717,-0.1778272632579108,0.35163763869584086,1,0.6130590631264169,0.8370870066833733,0.4202000503654985,1.6675739475724334,pks15
RIF_pred_MIC_high,0.718683418835381,2.0517301623564697,0.24564210613600482,1.4854705009382243,0.5077257842468087,1,0.0034364482071587853,4.4170431468971145,1.6328815069668283,11.948368622161821,pks15
screen_sex,-0.02729895778853707,0.9730702910932387,0.18124032614270139,-0.055896945854176504,0.3711050354180855,1,0.880273133794863,0.9456365826394476,0.456918861521866,1.9570838976696943,pks15
diabetes,0.13390840446257135,1.1432880947610786,0.14597919601573192,0.6271753142881189,0.6837102458814222,1,0.3589793999041737,1.8723144030267402,0.4902341506723459,7.150789513487737,pks15
smear_pos_no_contam_sputum_specimen_1,0.04848485098307026,1.0496794700878145,0.2178151194690734,0.11039655553147414,0.4959495274195755,1,0.8238496759813702,1.1167208244848519,0.4224658531657532,2.951872655489732,pks15
bl_prevtb,0.3375454597944964,1.4015033189966943,0.16837695078167353,0.6987164848952185,0.3485389827467155,1,0.044995010007258,2.0111696834829043,1.0157148308925668,3.982223526465912,pks15
TTP_baseline,0.07074149737188082,1.0733037381671662,0.21263153520825065,0.1979630191217607,0.5950281268297264,1,0.7393643510412011,1.2189173163552858,0.379739161426413,3.912578883172909,pks15
HIV_Low_CD4,0.32132093512190824,1.3789480627505954,0.14157182964634762,1.0786071607857133,0.47522701614244833,1,0.023227784269492385,2.9405809409283625,1.1585617030933795,7.463578544900498,pks15
Lineage_2,0.6193736101265652,1.857763992757827,0.25988009546788265,1.2371075805930594,0.5190722221485496,1,0.017157957805884774,3.4456328223744244,1.2457586724774594,9.530245150140631,pks15
peth_value_baseline,-0.22717507634243334,0.796781272527153,0.2854814302055822,-0.0006468547543847728,0.0008128753531865878,1,0.4261707847701166,0.9993533544110497,0.9977624458941311,1.0009467995938044,pks15
smoked_substance_use,0.16078487318185214,1.1744322897542,0.19633642899640644,0.32843484523904076,0.40105591649338673,1,0.41282902213108585,1.388792750920519,0.6327876957374707,3.048013287871474,Rv2561
screen_years,-0.05056277571391289,0.9506942462890208,0.18436569297936184,-0.003962019995524485,0.01444660724731466,1,0.7838904870138603,0.9960458184502547,0.9682384882423016,1.0246517614201296,Rv2561
high_lung_involvement,0.04421948917614903,1.045211742377723,0.18736508697082188,0.08843398758011742,0.3747090272373037,1,0.8134271675772906,1.092462134161043,0.5241474660535406,2.276980414618258,Rv2561
F2,0.03787348429940467,1.038599825381571,0.13220301677226706,0.06889084164378793,0.24047370506738544,1,0.7745107177594908,1.0713192593161114,0.6686938415721881,1.7163683647559356,Rv2561
underweight,0.23647330647741632,1.266773740515363,0.17801643647673465,0.47436764115714736,0.3571026189661473,1,0.18405291368970855,1.6069976769253265,0.7980846329708704,3.235799095680185,Rv2561
HIV_High_CD4,-0.1141596623573703,0.8921155072459349,0.18572522918852,-0.3036792494817071,0.4940527770065403,1,0.5387729043543752,0.7380975736658849,0.2802691468165045,1.943803070867966,Rv2561
Indel_Sample1,-0.025354247917669322,0.9749644717122833,0.2136289712310521,-0.1271562312988253,1.0713887063893166,1,0.9055260576464979,0.8805960851795782,0.10784723873908596,7.190257945404032,Rv2561
fstrom1_baseline,-0.06318416516490008,0.9387705689314747,0.16261351343243333,-0.13546143268196428,0.34862943026177906,1,0.6976059455722874,0.8733128436131725,0.44097699962279263,1.7295127035471471,Rv2561
RIF_pred_MIC_high,0.7061772483661299,2.026230658114411,0.24292149727610057,1.4596210840393595,0.5021024679157767,1,0.0036489180079848586,4.304328240634037,1.6088478961359929,11.515844131453944,Rv2561
screen_sex,-0.019982289235300384,0.9802160335285481,0.17953392750732897,-0.040915442563052365,0.36761103858253213,1,0.911377735016892,0.9599102940704017,0.46700288738075707,1.973066543186201,Rv2561
diabetes,0.17886139033773676,1.1958549756253007,0.13179098900772812,0.8377177605042304,0.6172581570439595,1,0.17473054197247595,2.3110865005277144,0.6892949630448378,7.748672338077137,Rv2561
smear_pos_no_contam_sputum_specimen_1,0.0530587131372818,1.0544915558093313,0.21725234004063107,0.12081091418294312,0.494668118708106,1,0.8070556377736725,1.1284115255784817,0.42796203834692287,2.9752932666101537,Rv2561
bl_prevtb,0.331826806578341,1.3935114805900073,0.1681318800059151,0.6868789170726222,0.34803168814084906,1,0.04842607406160744,1.9875026821852761,1.004760638842364,3.9314506948091186,Rv2561
TTP_baseline,0.06822903600984762,1.0706104887545917,0.2114558568949978,0.19093214678893153,0.5917381084239239,1,0.74695027975567,1.2103773213070574,0.379518006998085,3.8601943331290736,Rv2561
HIV_Low_CD4,0.32496810916177116,1.3839865087871064,0.14153489295644509,1.0908499610705296,0.4751030274013802,1,0.021674267555614888,2.9768031644003736,1.173117973071793,7.55367941075929,Rv2561
Lineage_2,0.6381080678068342,1.8928962580750583,0.2576759315657241,1.274526901073673,0.5146697293273383,1,0.013271567608285052,3.5770087307407814,1.304464703400624,9.80861454237923,Rv2561
peth_value_baseline,-0.23017331614933506,0.7943959089314353,0.2840500151917357,-0.0006553918954528214,0.0008087995644948361,1,0.417752424235604,0.999344822826904,0.9977618983800977,1.0009302585439925,Rv2561
smoked_substance_use,0.16274547942789824,1.1767371477582313,0.19559724222864944,0.33243977055478574,0.3995459815917593,1,0.4053842026114701,1.3943659147703047,0.6372100279587747,3.051201674432869,lldD1
screen_years,-0.05192118690935092,0.9494036893333849,0.18377781182245026,-0.0040684629714584355,0.014400541799645124,1,0.7775436471057239,0.995939802011625,0.9682228451614405,1.024450201921818,lldD1
high_lung_involvement,0.04938475135484658,1.0506245021867855,0.18602995978127163,0.09876392896725965,0.3720389235455078,1,0.7906499932139519,1.10380569224946,0.5323687120015,2.288614974500747,lldD1
F2,0.03107932755101063,1.031567332351032,0.13524731423282685,0.05653245462672534,0.24601119965367854,1,0.8182500878044531,1.0581609564618073,0.6533510904806107,1.713787006854925,lldD1
underweight,0.23749081290134746,1.2680633469141394,0.17715727509918272,0.4764087684597275,0.35537913329195536,1,0.180061781508142,1.610281113575023,0.802421270850651,3.231476231914387,lldD1
HIV_High_CD4,-0.11117677146148285,0.8947805632802113,0.1857856797842294,-0.2957443795824494,0.4942135832944767,1,0.5495636559119443,0.7439775795753736,0.2824128692196923,1.9599058656220623,lldD1
Indel_Sample1,0.036744123307820745,1.0374275333479663,0.15282174019250908,0.186712210804613,0.7765509801747903,1,0.8099908757962264,1.2052803684654403,0.2630793075879611,5.521911928107359,lldD1
fstrom1_baseline,-0.06659591887526842,0.9355731724259247,0.16357328980414612,-0.1427759401120829,0.35068710851118223,1,0.6839110495558678,0.8669482954733975,0.436001304948476,1.723846553883706,lldD1
RIF_pred_MIC_high,0.6964575600207382,2.0066317296361627,0.2472160632580097,1.4395311390969958,0.5109790482197952,1,0.004844406382095666,4.218717361590927,1.5496523380365332,11.484883247773435,lldD1
screen_sex,-0.020075423189301642,0.9801247463846026,0.17968138107646592,-0.04110614228222552,0.3679129623495088,1,0.9110391576551812,0.9597272569000144,0.46663761949066634,1.9738580199388516,lldD1
diabetes,0.18135927532578092,1.198845817651397,0.13093487448019805,0.8494168902841693,0.6132484468243118,1,0.16601866804961674,2.3382829787975012,0.7029089028005759,7.778486326108367,lldD1
smear_pos_no_contam_sputum_specimen_1,0.05728427426342569,1.058956801776246,0.21807006325641895,0.1304322161784235,0.49653001628169297,1,0.7927914714480426,1.1393207097644042,0.43052549588517686,3.0150402057588304,lldD1
bl_prevtb,0.33047387374670717,1.3916274279423853,0.16850332074220337,0.6840783565999852,0.34880056758530736,1,0.04985212540973624,1.9819443475932628,1.0004419039564516,3.926368319262115,lldD1
TTP_baseline,0.06876923814923147,1.0711889910710903,0.21087944564295652,0.1924438485541103,0.5901250790712939,1,0.7443434915729822,1.2122084345400517,0.3812957139524778,3.853831121094597,lldD1
HIV_Low_CD4,0.3259591686932296,1.3853588017077172,0.14178658551551834,1.0941767405939067,0.47594790666961057,1,0.021508220128616962,2.986722823323131,1.1750797116582223,7.591411148415664,lldD1
Lineage_2,0.6436782231845892,1.9034694040420308,0.25685609084477784,1.285652466209543,0.5130322182125941,1,0.012210984222315013,3.6170271754896564,1.3232989133161432,9.886568678157078,lldD1
peth_value_baseline,-0.22418885783028905,0.7991641917011719,0.28425084508506504,-0.0006383518425631404,0.0008093714043877248,1,0.4302869230484455,0.9993618518606273,0.9977777821448831,1.0009484364418146,lldD1
smoked_substance_use,0.16881520913102271,1.1839013445507478,0.19616462879928687,0.34483839174493824,0.400704980674386,1,0.3894698182935592,1.411761748878215,0.6436958553068605,3.0962934111880296,pknJ
screen_years,-0.0677346848828247,0.9345083798894248,0.18618009280468878,-0.005307583931205297,0.014588780778856825,1,0.7159978678280781,0.9947064764059166,0.9666671334116936,1.0235591342717985,pknJ
high_lung_involvement,0.07897999734031919,1.0821826753220523,0.19028509674063324,0.15795108071123493,0.38054871721401656,1,0.6780969607563352,1.1711089034917328,0.5554866517794016,2.4689991369626396,pknJ
F2,0.055933841897201235,1.0575277173947766,0.1337417680929917,0.10174214271406055,0.2432726520226535,1,0.6757843083877622,1.107097961643429,0.6872456416549952,1.783446590833868,pknJ
underweight,0.2277963165175783,1.2558295076528538,0.17861091091431522,0.45696151899939885,0.35829514018929964,1,0.20217569922383571,1.579268111263007,0.7824822413330856,3.187404947367419,pknJ
HIV_High_CD4,-0.10815618975708616,0.897487407142545,0.18354576810717677,-0.28770924732953645,0.4882551327967581,1,0.5556868351562443,0.7499796191186087,0.2880354480601954,1.952778496123661,pknJ
Indel_Sample1,0.17780586105527774,1.194593381622793,0.1352322972628347,0.6577753738189234,0.5002786429902814,1,0.18857107044313104,1.930492928778264,0.7241528799927642,5.146431162574562,pknJ
fstrom1_baseline,-0.06394971328345479,0.9380521699082707,0.160854885724942,-0.13710270220979232,0.344859083242249,1,0.690953428044236,0.8718806774615144,0.4435192448255932,1.7139637672987025,pknJ
RIF_pred_MIC_high,0.7461206682384852,2.10880338022445,0.24970960741874632,1.5421814581511273,0.5161330370227697,1,0.00280852381511053,4.674776986363409,1.6999167756353966,12.855652809276219,pknJ
screen_sex,-0.02479932228550674,0.9755056546323335,0.18154725017064913,-0.0507787288346706,0.3717334885592066,1,0.8913471162150579,0.9504889630662223,0.4586981189305968,1.9695508475529537,pknJ
diabetes,0.12972371764880322,1.1385137886017533,0.14197527509792118,0.6075758554031021,0.6649574247266109,1,0.36087113964397133,1.8359753302097608,0.498716865379875,6.758956127483841,pknJ
smear_pos_no_contam_sputum_specimen_1,0.06529515273587529,1.0674740457772796,0.21891776836173915,0.1486724164102129,0.49846018048424917,1,0.7655021542755941,1.160292834054406,0.43679487614118423,3.0821777779344894,pknJ
bl_prevtb,0.32432273492421454,1.3830936077078777,0.16882388224970848,0.67134554692519,0.3494641274206346,1,0.05472270434043475,1.9568686085174773,0.9865003914546192,3.881736676611631,pknJ
TTP_baseline,0.07207174465079168,1.074732447602045,0.21146897476996437,0.20168558334919498,0.5917748174876181,1,0.7332430496473787,1.223463270406693,0.3835935517721663,3.9022094274496455,pknJ
HIV_Low_CD4,0.299924493013333,1.3497568876528987,0.14478429836668716,1.0067837806349915,0.48601060160737836,1,0.038309632117595804,2.7367847449926943,1.055717367850342,7.094693114385234,pknJ
Lineage_2,0.5941603814089396,1.811509329350367,0.26325123549325663,1.1867478689943887,0.5258055779332409,1,0.024007518658383638,3.2764085525130144,1.1690458150423677,9.182576820217587,pknJ
peth_value_baseline,-0.2317480706360486,0.7931459148848019,0.2880868120012969,-0.0006598758267146469,0.0008202938765064842,1,0.42114387864803937,0.9993403418434577,0.9977349468317066,1.0009483199993112,pknJ
smoked_substance_use,0.16065164884440117,1.174275837212391,0.19542274840994714,0.3281627082289671,0.3991895435189075,1,0.4110356895401489,1.3884148604349968,0.6349338745536055,3.0360576147114706,PE_PGRS25
screen_years,-0.06634076267256736,0.9358119201816401,0.18879343111506391,-0.0051983583677098644,0.014793557880085614,1,0.7252932449988303,0.994815129715066,0.9663847820119215,1.0240818778723224,PE_PGRS25
high_lung_involvement,0.04454151760076562,1.0455483844697637,0.1855458426312832,0.08907800808405279,0.37107074388475114,1,0.8102863224040044,1.0931659287799727,0.5282385565593771,2.262257711040548,PE_PGRS25
F2,0.034933052995892416,1.0355503794834453,0.1332882352696813,0.06354227678259602,0.2424476881068981,1,0.7932547202840033,1.065604535180456,0.6625584755459104,1.7138306539080301,PE_PGRS25
underweight,0.2440482680190354,1.276405938588733,0.17712878578961078,0.48956308410959376,0.35532198347330923,1,0.1682646503255596,1.631603190838931,0.8131373785416097,3.2738981660520916,PE_PGRS25
HIV_High_CD4,-0.11082734633874032,0.8950932767201474,0.1856605503749478,-0.29481486422796005,0.49388072312027803,1,0.5505505422244319,0.7446694396564552,0.2828599743127717,1.9604490727453925,PE_PGRS25
Indel_Sample1,-0.06847769025696274,0.9338142930280553,0.18509274258418407,-0.1947184672159136,0.526317038345454,1,0.7114091577046455,0.8230663456004331,0.29338166496548324,2.3090679826217255,PE_PGRS25
fstrom1_baseline,-0.061691202942719875,0.9401731646768898,0.16162021792861625,-0.1322606496846932,0.34649988986708596,1,0.7026803852954631,0.8761126068412762,0.4442410517738773,1.7278306378963786,PE_PGRS25
RIF_pred_MIC_high,0.6813894438299656,1.9766222306882926,0.2528602059111099,1.4083863519494446,0.5226451131303425,1,0.007044613947576827,4.089351303398336,1.4681759111811767,11.390184211067632,PE_PGRS25
screen_sex,-0.01686834314946611,0.9832731307570984,0.17968848574357787,-0.034539372197985474,0.36792750976175603,1,0.9252080706045743,0.9660503034139007,0.46969861236576677,1.9869191948971325,PE_PGRS25
diabetes,0.17930096009075772,1.196380752851002,0.13090170232972764,0.8397765356730401,0.613093081266934,1,0.17076888303854454,2.3158494092247297,0.6963771920946793,7.7015137013237425,PE_PGRS25
smear_pos_no_contam_sputum_specimen_1,0.06148406266929504,1.0634135484203489,0.21881211325906463,0.13999483552381223,0.4982196113338219,1,0.7787179051919975,1.1502678583109234,0.4332251717190758,3.054107268543415,PE_PGRS25
bl_prevtb,0.33113382898328747,1.3925461428728443,0.16823829483325445,0.6854444588232896,0.3482519660084422,1,0.04904009659179524,1.9846537364026506,1.0028873081696486,3.9275105202056304,PE_PGRS25
TTP_baseline,0.0730867249531493,1.0758238336406372,0.21128727228131905,0.20452590441205815,0.5912663412103197,1,0.7294091274017082,1.226943238677326,0.3850681953384467,3.9094106684476464,PE_PGRS25
HIV_Low_CD4,0.32656855980873006,1.3862032843372303,0.14202895648495034,1.0962223390876638,0.4767614953114361,1,0.021487358419297248,2.9928387122257067,1.1756097851463376,7.619095783795181,PE_PGRS25
Lineage_2,0.628674587897527,1.8751236199659047,0.2595029481900744,1.2556849140784707,0.5183189259978123,1,0.015409435152507655,3.5102417651943307,1.270993002414322,9.694622414685737,PE_PGRS25
peth_value_baseline,-0.22198652275035075,0.8009261585437102,0.2841646982313556,-0.0006320809481492694,0.0008091261111856957,1,0.43469095686029513,0.9993681187729312,0.9977845188242205,1.0009542320787346,PE_PGRS25
smoked_substance_use,0.14784166359405654,1.1593293177922877,0.19746294344396922,0.30199578443848824,0.4033570446463216,1,0.4540345087581831,1.352555524916451,0.6135033858252621,2.981901143905124,espK
screen_years,-0.05209248297150526,0.9492410741480755,0.1845041168507864,-0.004081885462882761,0.014457453925304514,1,0.7776845182653574,0.995926434107889,0.9681018556476145,1.024550729211588,espK
high_lung_involvement,0.03239971883289671,1.0329303044935931,0.18777108522796937,0.06479578091583035,0.37552097792916056,1,0.8630059180720505,1.06694111239722,0.511088859134655,2.2273295865827047,espK
F2,0.03732642136074529,1.0380318012956358,0.13174585460676883,0.06789574898269468,0.2396421394765384,1,0.7769304661543606,1.070253727622787,0.6691184270161008,1.7118689237098357,espK
underweight,0.2323128860432594,1.2615143773271429,0.1774621032542156,0.4660217992650034,0.355990621391882,1,0.19050573414254535,1.593641739188425,0.7931784925461839,3.201919891613337,espK
HIV_High_CD4,-0.1208725932348143,0.8861468535050834,0.18615510869433427,-0.3215365010589159,0.4951963112724755,1,0.5161372610293602,0.7250341650296703,0.2746923770299211,1.91368448642101,espK
Indel_Sample1,-0.12777254808294303,0.8800535262435171,0.2577740358267205,-0.5827647414226651,1.1756955745808546,1,0.6201226253386471,0.5583525302623772,0.055738413246591935,5.593226105507421,espK
fstrom1_baseline,-0.0720463097417683,0.9304878041635025,0.16282509339069884,-0.1544611108115118,0.3490830395513635,1,0.6581442884170154,0.8568768147381077,0.43229316598006834,1.698472086578344,espK
RIF_pred_MIC_high,0.7003209091636707,2.0143990428696,0.24196033497059916,1.4475164230707809,0.5001158097934147,1,0.0037992932107736212,4.252539879208776,1.59569191994196,11.333074510347059,espK
screen_sex,-0.017539873012424025,0.9826130551414,0.17966561853891616,-0.035914386902941825,0.3678806872086493,1,0.9222299970488983,0.9647228828615111,0.4690962609163676,1.984006947526175,espK
diabetes,0.17108170130465047,1.1865876908239443,0.1321528685062982,0.8012806979167697,0.618953061028224,1,0.19546713830837936,2.2283930000545,0.6624269377668753,7.496276313025574,espK
smear_pos_no_contam_sputum_specimen_1,0.05138501323318489,1.052728129528354,0.21766832731937336,0.11700001860093596,0.4956152921403621,1,0.8133781700794283,1.1241194506002106,0.4255434997213498,2.969483824909007,espK
bl_prevtb,0.3312629402823776,1.3927259479215757,0.16821419031639742,0.6857117182114486,0.34820206984542257,1,0.048919514064188194,1.9851842246317712,1.0032534830966506,3.9281761510188407,espK
TTP_baseline,0.0662016612049503,1.0684421587753141,0.21141902292870854,0.18525874076588636,0.5916350322459556,1,0.7541818165977328,1.203529802067699,0.3774471898831787,3.837580523287047,espK
HIV_Low_CD4,0.32307383914627086,1.381367346125488,0.14133318202196724,1.084491292898457,0.4744259259910596,1,0.02225997764703792,2.957934713548417,1.1672301683050033,7.495846155450375,espK
Lineage_2,0.6388568064706858,1.8943140734104824,0.25443122094988246,1.2760223962994781,0.5081888976708714,1,0.012041649304960161,3.582362132215698,1.3231171891060713,9.699305966241347,espK
peth_value_baseline,-0.2274226395914819,0.7965840431809214,0.28398222166636855,-0.0006475596621028036,0.0008086065302724808,1,0.4232277098841343,0.9993526499594053,0.9977700906111049,1.000937719399073,espK
smoked_substance_use,0.16108572306216792,1.1747856707226572,0.19623724220080524,0.3290493905126496,0.4008533078821513,1,0.41171899112593635,1.3896464892451763,0.6334281798691712,3.0486761190042073,"Rv0236A_c.-71delG,lpqI_c.-44delC"
screen_years,-0.06485571368711229,0.9372026791412786,0.18636932254879765,-0.005081992252684907,0.01460360852554046,1,0.7278434497762338,0.9949308992225723,0.9668571310076559,1.0238198204073625,"Rv0236A_c.-71delG,lpqI_c.-44delC"
high_lung_involvement,0.041815414899163475,1.042701993733721,0.18669718627663345,0.08362611035870228,0.3733733012306254,1,0.8227771204502287,1.0872223166440864,0.5230008901860169,2.2601345198255984,"Rv0236A_c.-71delG,lpqI_c.-44delC"
F2,0.03904855251729051,1.0398209683501132,0.13232320022651833,0.07102825889008799,0.2406923155139336,1,0.7679176275201084,1.073611564510886,0.6698375820247656,1.720778024976353,"Rv0236A_c.-71delG,lpqI_c.-44delC"
underweight,0.22700428110580936,1.254835240011216,0.17812225045516317,0.45537268863376246,0.35731488278609513,1,0.20251118236845644,1.57676091441502,0.7827424120649218,3.176236451361068,"Rv0236A_c.-71delG,lpqI_c.-44delC"
HIV_High_CD4,-0.10315456922222464,0.9019875431929708,0.18644331506110215,-0.2744042993395516,0.4959629769348347,1,0.5800745880888789,0.7600247356378039,0.2875168327401929,2.009056629054066,"Rv0236A_c.-71delG,lpqI_c.-44delC"
Indel_Sample1,0.14666766482200536,1.1579690652204544,0.19604983416736552,0.5840423522473466,0.7806860935828516,1,0.45439127766660514,1.7932728393772301,0.38826224658702824,8.282616980446617,"Rv0236A_c.-71delG,lpqI_c.-44delC"
fstrom1_baseline,-0.04548314745090397,0.9555357056486576,0.16406237743043495,-0.09751196839437147,0.35173567044740783,1,0.7816028756694873,0.9070914850622103,0.45525334419915026,1.8073781835030869,"Rv0236A_c.-71delG,lpqI_c.-44delC"
RIF_pred_MIC_high,0.7142595757584486,2.042673677086732,0.24087215398946454,1.476326713535682,0.49786661257417614,1,0.0030238226978613527,4.376838733836863,1.649588864420673,11.613025351466836,"Rv0236A_c.-71delG,lpqI_c.-44delC"
screen_sex,-0.0208049168441161,0.9794100123298634,0.18012689478926122,-0.042599842797827296,0.3688251896980514,1,0.9080476742635382,0.9582947819121974,0.46510879584736653,1.9744388780415825,"Rv0236A_c.-71delG,lpqI_c.-44delC"
diabetes,0.18711045475559487,1.2057604596717832,0.13159901375280503,0.8763531963427567,0.6163590190001216,1,0.15507775070194638,2.4021236405713142,0.7177110111112085,8.039723363945296,"Rv0236A_c.-71delG,lpqI_c.-44delC"
smear_pos_no_contam_sputum_specimen_1,0.0777663198606343,1.0808700512923468,0.22137000502104637,0.17706837651147192,0.5040437488575965,1,0.7253665578575414,1.1937127122476547,0.44448488998881475,3.205845848702551,"Rv0236A_c.-71delG,lpqI_c.-44delC"
bl_prevtb,0.3402722368498487,1.405330121136948,0.16891111094223862,0.7043608922599884,0.3496446901379165,1,0.043956565723428244,2.0225536420822734,1.0192528839584798,4.013452696069986,"Rv0236A_c.-71delG,lpqI_c.-44delC"
TTP_baseline,0.07553096142489789,1.0784566177547235,0.21269347270142683,0.21136585619949663,0.5952014527219044,1,0.7225023166098801,1.2353642380593863,0.3847322832790113,3.9667188510127924,"Rv0236A_c.-71delG,lpqI_c.-44delC"
HIV_Low_CD4,0.33203153878338165,1.39379680647488,0.1424992506150995,1.1145604166830294,0.4783401743236265,1,0.01980307847557558,3.048227934483337,1.1936679800611194,7.7841524576111905,"Rv0236A_c.-71delG,lpqI_c.-44delC"
Lineage_2,0.6775595485765186,1.9690664527439028,0.2606798454948389,1.353325424497725,0.5206696050604966,1,0.009344079808539837,3.870274460286752,1.3949125857071911,10.738324789258286,"Rv0236A_c.-71delG,lpqI_c.-44delC"
peth_value_baseline,-0.2231404891756976,0.8000024497145604,0.2813173886290057,-0.0006353667340754986,0.0008010187264182346,1,0.4276622672749939,0.9993648350686262,0.9977970953749045,1.0009350379963646,"Rv0236A_c.-71delG,lpqI_c.-44delC"
smoked_substance_use,0.16113944289824877,1.1748487817114595,0.1962557509079848,0.32915912388308627,0.40089111557051027,1,0.4116071704344856,1.3897989882051163,0.6334507503706667,3.0492366241348896,mmpL1
screen_years,-0.0651389668935775,0.9369372510707548,0.18638145002561293,-0.005104187530771722,0.014604558815649319,1,0.7267194072208938,0.9949088166996516,0.9668338708199037,1.0237990035529934,mmpL1
high_lung_involvement,0.04159749687160138,1.0424747949281683,0.18673546591877865,0.08319029889859829,0.37344985619453636,1,0.8237210320242562,1.0867485959327674,0.5226945764871381,2.25948874139677,mmpL1
F2,0.03927474711401101,1.0400561968374142,0.13232641560552547,0.07143970073209452,0.24069816420121715,1,0.7666176651371895,1.074053384115891,0.6701055563286059,1.7215059046087071,mmpL1
underweight,0.22643067959060306,1.2541156710088754,0.17816804679675455,0.45422203868605443,0.3574067506711345,1,0.2037703993729746,1.5749476579630832,0.7817015034411443,3.173155116632264,mmpL1
HIV_High_CD4,-0.10274532196583294,0.9023567546645598,0.1864578814709504,-0.2733156494862924,0.49600172544126003,1,0.5816078317848423,0.7608525869930964,0.28780814972150437,2.0113977303778663,mmpL1
Indel_Sample1,0.15151882416569884,1.1636002054065901,0.1961358652992847,0.6011882173047999,0.7782173063847276,1,0.4398066705483187,1.8242851602788048,0.39689255574914617,8.385182079648072,mmpL1
fstrom1_baseline,-0.044942726317713864,0.9560522368971379,0.1640973210840451,-0.09635335182070169,0.35181058664466736,1,0.7841780031878846,0.9081430653621839,0.45571419513397227,1.8097391654060042,mmpL1
RIF_pred_MIC_high,0.7146751993610343,2.043522836932523,0.24075997442869007,1.4771857796904784,0.4976347449340284,1,0.0029934117511484647,4.380600343362483,1.651757053377618,11.617725094030783,mmpL1
screen_sex,-0.020877324466843195,0.9793390981465901,0.18013779148725492,-0.04274810358486385,0.36884750161715324,1,0.9077346359655274,0.9581527149053615,0.4650195075556899,1.9742325002797223,mmpL1
diabetes,0.18732232389018974,1.2060159501612213,0.13160871249860537,0.8773455096453517,0.616404444184373,1,0.1546411854233886,2.4045084828740086,0.7183595991301983,8.048421780976543,mmpL1
smear_pos_no_contam_sputum_specimen_1,0.07862343318716589,1.081796876557961,0.2214287664680974,0.17901996256424232,0.5041775444910974,1,0.7225347111883992,1.1960446200471353,0.4452364157901121,3.212950878254431,mmpL1
bl_prevtb,0.34074247185222456,1.4059911119481274,0.16895227337873558,0.7053342750693284,0.34972989606234633,1,0.04371668129814456,2.0245233194979946,1.0200751228837537,4.0180321813987225,mmpL1
TTP_baseline,0.07550706166723548,1.0784308432109135,0.21274744145063273,0.21129897511330392,0.5953524788795055,1,0.7226539627406273,1.2352816183201811,0.38459269429635745,3.9676278285824345,mmpL1
HIV_Low_CD4,0.3323840116347635,1.3942881686003228,0.14253546050065677,1.1157435943099052,0.4784617233345507,1,0.019703895842243118,3.051836664040081,1.1947964648708964,7.795224791685065,mmpL1
Lineage_2,0.6791054515287357,1.9721127924524031,0.2607742302887204,1.3564131380034044,0.5208581247876765,1,0.009209188563548519,3.8822432275614864,1.3987094252575414,10.775513631197473,mmpL1
peth_value_baseline,-0.22319234554212533,0.7999609655700027,0.2812727390057739,-0.0006355143890810959,0.0008008915917803422,1,0.42748154378058545,0.9993646875074167,0.9977971966755671,1.0009346407910713,mmpL1
smoked_substance_use,0.1598513085276562,1.1733363929046141,0.19635054242081376,0.32652785513074434,0.40108474594897714,1,0.415580862778681,1.3861468605272829,0.631546439384506,3.042378199174408,"tgs3_c.-98delG,Rv3235_c.-13delC"
screen_years,-0.06643576900021392,0.9357230163510157,0.18658473558085556,-0.005205802914899418,0.01462048795370198,1,0.7217939943425231,0.9948077237944548,0.9667054490819029,1.023726935915159,"tgs3_c.-98delG,Rv3235_c.-13delC"
high_lung_involvement,0.040647787976575166,1.0414852173222906,0.18685469291866388,0.08129098829614169,0.3736882967379145,1,0.8277899645350714,1.084686481719904,0.5214590063852118,2.2562555238652213,"tgs3_c.-98delG,Rv3235_c.-13delC"
F2,0.03993282821237708,1.0407408634201507,0.1323382443273335,0.07263673241732078,0.24071968032565086,1,0.7628440146748475,1.0753398298528458,0.6708798820383309,1.7236405213919925,"tgs3_c.-98delG,Rv3235_c.-13delC"
underweight,0.22605994528777337,1.2536508134845556,0.17821627330437284,0.45347834224374095,0.3575034934917129,1,0.20463426475154034,1.5737768104245653,0.7809722748321669,3.1713974091620387,"tgs3_c.-98delG,Rv3235_c.-13delC"
HIV_High_CD4,-0.10281340804843751,0.9022953188195096,0.18640465379285934,-0.27349676714237636,0.49586013303462034,1,0.581249637775741,0.7607147956345154,0.2878358952928315,2.0104754471589854,"tgs3_c.-98delG,Rv3235_c.-13delC"
Indel_Sample1,0.14364325606480366,1.1544721841034808,0.18121877522545682,0.6128958313511189,0.7732227390343355,1,0.4279811454368039,1.8457687019609381,0.4055168351860323,8.401284004832142,"tgs3_c.-98delG,Rv3235_c.-13delC"
fstrom1_baseline,-0.04411953066650538,0.9568395789647008,0.1641773639328775,-0.09458849092558283,0.3519821916496632,1,0.7881367718863944,0.9097472266898354,0.4563656577561495,1.8135457881278187,"tgs3_c.-98delG,Rv3235_c.-13delC"
RIF_pred_MIC_high,0.7129055802232964,2.0399097776242057,0.24077716002175567,1.4735280954332497,0.4976702664040818,1,0.0030678914058140426,4.364606758023061,1.6456119104815152,11.57611465427866,"tgs3_c.-98delG,Rv3235_c.-13delC"
screen_sex,-0.020962116060423926,0.9792560619442381,0.18012377383659284,-0.0429217216091117,0.36881879928111055,1,0.9073544156426245,0.9579863767641394,0.4649649349157982,1.973778728565584,"tgs3_c.-98delG,Rv3235_c.-13delC"
diabetes,0.18717114516994826,1.2058336399943412,0.13157772054636768,0.8766374468335988,0.6162592898345539,1,0.1548770999046724,2.402806542448209,0.7180553912079625,8.040437201814433,"tgs3_c.-98delG,Rv3235_c.-13delC"
smear_pos_no_contam_sputum_specimen_1,0.07945229548416197,1.0826939089087393,0.22147989919739425,0.18090722303308907,0.5042939700771277,1,0.7197943429914491,1.198303999125324,0.44597570749797905,3.2197549108126053,"tgs3_c.-98delG,Rv3235_c.-13delC"
bl_prevtb,0.34046206874470075,1.4055969229396807,0.1688688973860239,0.7047538428106277,0.34955730840381993,1,0.043786124579088065,2.0233485618214733,1.0198281246029883,4.014342518960011,"tgs3_c.-98delG,Rv3235_c.-13delC"
TTP_baseline,0.07536690597365582,1.0782797055797528,0.21274069338241433,0.21090676339487963,0.5953335950841748,1,0.7231391529202784,1.2347972213932068,0.3844561111685403,3.965925195794237,"tgs3_c.-98delG,Rv3235_c.-13delC"
HIV_Low_CD4,0.3321316644858641,1.3939363683459947,0.14248984584241103,1.1148965177205648,0.4783086044691336,1,0.019757862356660633,3.0492526192439207,1.1941431267848144,7.78628736154959,"tgs3_c.-98delG,Rv3235_c.-13delC"
Lineage_2,0.6781668899067856,1.9702627114145914,0.26037498716519714,1.3545384993711078,0.5200606954388391,1,0.009198755602469142,3.8749722417918875,1.3982735073201167,10.738535627007382,"tgs3_c.-98delG,Rv3235_c.-13delC"
peth_value_baseline,-0.22289346950471978,0.800200090466042,0.2810627680558333,-0.0006346633741331531,0.0008002937237860248,1,0.42775565433421203,0.9993655379820661,0.9977992150364299,1.0009343197065157,"tgs3_c.-98delG,Rv3235_c.-13delC"
smoked_substance_use,0.16108386331274602,1.1747834859177169,0.19624698277380323,0.32904559160730806,0.4008732049254603,1,0.41174760026435264,1.389641210119733,0.6334010720075153,3.0487834299720347,Rv0205
screen_years,-0.06525136891292163,0.9368319433502468,0.18641337638184322,-0.005112995177145777,0.014607060514972244,1,0.7263117759356628,0.9949000539332095,0.9668206147608807,1.0237950062340284,Rv0205
high_lung_involvement,0.04160330532279152,1.0424808501097171,0.18672706999062122,0.08320191514541568,0.37343306528581643,1,0.8236890249915039,1.086761219946008,0.5227178504115673,2.2594406298706335,Rv0205
F2,0.03914224453805441,1.0399183958418885,0.13232846894350409,0.0711986821369883,0.24070189916735882,1,0.7673858044011044,1.073794548471537,0.6699391636504713,1.721103638790651,Rv0205
underweight,0.22662199742252398,1.2543556286533872,0.17814110226265986,0.4546058240273749,0.3573526996863913,1,0.2033202392842528,1.5755522157903519,0.7820844146529916,3.174036891891401,Rv0205
HIV_High_CD4,-0.10285595637038127,0.9022569284845242,0.18644869604840722,-0.27360995110077085,0.495977291046777,1,0.5811825377087635,0.7606286997951621,0.2877372393410329,2.0107095636180774,Rv0205
Indel_Sample1,0.15054055802053284,1.1624624513230197,0.1957124607281218,0.5958481596318413,0.774641140402607,1,0.4417790388577616,1.81456933692771,0.39755556181681223,8.2822684292755,Rv0205
fstrom1_baseline,-0.045030736210550266,0.9559680985447806,0.16408170734605876,-0.09654203748494511,0.3517771121291518,1,0.7837457930915458,0.9079717279496331,0.4556581107316804,1.8092790171824846,Rv0205
RIF_pred_MIC_high,0.7145997931598304,2.043368748448003,0.24079244146414705,1.4770299201220778,0.49770185212220086,1,0.003000367529336799,4.379917638088087,1.651282427680316,11.617442416185536,Rv0205
screen_sex,-0.020788332581440524,0.9794262552574631,0.1801414121065742,-0.04256588510464396,0.36885491514420493,1,0.9081280190184273,0.9583273239449038,0.4650974923941677,1.9746209662232896,Rv0205
diabetes,0.1873033604120449,1.2059930801209564,0.1316077139175906,0.8772566920284649,0.6163997672160805,1,0.1546798108201477,2.4042949296445606,0.718302383400539,8.047633200586429,Rv0205
smear_pos_no_contam_sputum_specimen_1,0.0785376971553767,1.0817041315624139,0.2214309266823902,0.17882474772079013,0.5041824631453223,1,0.7228273865198303,1.1958111571723216,0.44514521612406405,3.2123546919557793,Rv0205
bl_prevtb,0.3405407258041412,1.4057074874086786,0.16893296647166742,0.704916662313867,0.3496899309143954,1,0.043817393753479386,2.0236780292503225,1.0197290879460554,4.0160399604949895,Rv0205
TTP_baseline,0.07566347720319955,1.0785995397422898,0.21274088903294305,0.21173668837761636,0.59533414259265,1,0.7220950189382832,1.2358224358225436,0.3847749004375995,3.96922224174559,Rv0205
HIV_Low_CD4,0.3322225137498465,1.3940630121917603,0.14252524783025222,1.1152014796946308,0.47842744153643224,1,0.019754780016801185,3.050182667149526,1.1942291626446313,7.790476563456594,Rv0205
Lineage_2,0.678714654090425,1.9713422463985715,0.26071767897998765,1.3556325776671125,0.5207451718759252,1,0.009234318745919744,3.8792140848503394,1.3979275181731134,10.764722577152764,Rv0205
peth_value_baseline,-0.22297120454716554,0.8001378892956812,0.28125160834218643,-0.000634884715675535,0.0008008314246597895,1,0.42790486207108,0.999365316780981,0.9977979426278277,1.000935153017519,Rv0205
smoked_substance_use,0.2010198632295244,1.2226490573409856,0.1986661385401241,0.41062275550691485,0.4058148081621161,1,0.31161090808437875,1.5077564564374817,0.6806142002079532,3.3401147540476286,Rv3773c
screen_years,-0.052626392812764225,0.9487344002679821,0.18356000143473064,-0.004123721802700103,0.014383474518444803,1,0.7743431205557775,0.995884769062721,0.9682017307995732,1.0243593268853786,Rv3773c
high_lung_involvement,0.06776931657693842,1.0701184214229584,0.19278254501912967,0.1355309844626284,0.38554333189992446,1,0.7251889470792696,1.1451446769771987,0.5378798555715324,2.4380097481356886,Rv3773c
F2,0.02596073469999502,1.0263006496793703,0.13119261352251385,0.04722187293451266,0.23863580893602232,1,0.8431369227329407,1.0483545847857105,0.656721190595334,1.673537189267345,Rv3773c
underweight,0.2648423503848664,1.3032255065831795,0.17795285987887338,0.5312762057673599,0.3569750837224892,1,0.13667904016875548,1.7011018799444177,0.8450308852451953,3.4244282149649217,Rv3773c
HIV_High_CD4,-0.10121551568050123,0.9037382421341388,0.1856621561215896,-0.26924616982080757,0.49388499461096896,1,0.5856437216103765,0.7639551697913654,0.2901831592450255,2.011238360521635,Rv3773c
Indel_Sample1,-2.6087747706690414,0.07362469566001054,388.3538953361831,-16.28667475000602,2424.5073405153325,1,0.9946402354074819,8.448644328037806e-08,0.0,inf,Rv3773c
fstrom1_baseline,-0.03561173492619699,0.9650149023369268,0.16209593583925944,-0.07634850631963112,0.34751978827929125,1,0.8261083707759784,0.9264932615317198,0.46884888219470355,1.8308452814167355,Rv3773c
RIF_pred_MIC_high,0.677499999694988,1.9689492005301361,0.24175130321526414,1.4003471313745228,0.4996837551527043,1,0.0050713436765962,4.05660789833759,1.5234613769794203,10.801762282600494,Rv3773c
screen_sex,-0.035085252652888976,0.9655230993431041,0.1788177039039438,-0.07184004909675105,0.3661445096297413,1,0.8444482919276367,0.9306797469726132,0.4540853508658997,1.907493359504572,Rv3773c
diabetes,0.20529429362821847,1.227886370930689,0.13480285128642522,0.9615192836072037,0.6313645581979092,1,0.12777809896590858,2.6156673967777455,0.7588641435783623,9.015732247282779,Rv3773c
smear_pos_no_contam_sputum_specimen_1,0.03486082624676343,1.0354755877469903,0.2205758470070435,0.07937562068547346,0.5022355075715864,1,0.8744216376854459,1.0826108967537433,0.40454678578868614,2.897183700236243,Rv3773c
bl_prevtb,0.3488174972855293,1.417390489124137,0.1677553973777299,0.722049515113242,0.3472523720192522,1,0.037587759482240746,2.0586481203434155,1.0423183057069485,4.0659672387880095,Rv3773c
TTP_baseline,0.06531258909678817,1.0674926588022782,0.21443314270352995,0.1827707612165775,0.6000697455724425,1,0.7606841273101469,1.2005391663960459,0.3703360922132852,3.891854778282959,Rv3773c
HIV_Low_CD4,0.34584431504974483,1.4131825874297417,0.14192003015309212,1.1609270170589987,0.4763958524021254,1,0.01481395043177588,3.1928917697553802,1.2550912812049106,8.122562881310655,Rv3773c
Lineage_2,0.668896341797963,1.9520817003411088,0.2546077394201892,1.3360219446549106,0.5085414673221462,1,0.008609977194870685,3.803881316944068,1.4039630450368012,10.306192263783448,Rv3773c
peth_value_baseline,-0.22486247083354918,0.798626045581363,0.2771099750627579,-0.0006402698776785657,0.0007890386029257791,1,0.4171040190593216,0.9993599350513407,0.9978156320896711,1.000906628105489,Rv3773c
smoked_substance_use,0.1610675680677228,1.1747643426889367,0.19623665823917077,0.3290123053523798,0.4008521150252286,1,0.4117703044810168,1.3895949549379893,0.6334061703935858,3.048555933058315,Rv0021c
screen_years,-0.06500039255725236,0.9370670955248469,0.18638988853512642,-0.0050933290625876735,0.014605220044052089,1,0.7272894145910038,0.994919619944037,0.9668431161978466,1.0238114473445032,Rv0021c
high_lung_involvement,0.0416632598786218,1.0425433534597086,0.1867200354557052,0.08332181749038728,0.3734189970099276,1,0.8234325864515059,1.0868915329769666,0.5227949442556409,2.2596492514651434,Rv0021c
F2,0.03915980662875812,1.0399366591434513,0.1323296213036912,0.07123062710408028,0.2407039952793125,1,0.7672864151644921,1.0738288513509506,0.669957812780868,1.7211656913252007,Rv0021c
underweight,0.22682999070563853,1.2546165533331337,0.1781452869378874,0.4550230604781073,0.3573610941836234,1,0.20291639183570453,1.5762097307648804,0.7823979240325961,3.1754137364689496,Rv0021c
HIV_High_CD4,-0.10308077480598633,0.9020541072931741,0.18644237393677307,-0.2742079967885767,0.49596047342418986,1,0.5803436913909055,0.7601739450768313,0.2875746896333071,2.0094411907755894,Rv0021c
Indel_Sample1,0.1476885805284083,1.1591518576896391,0.19600046610509042,0.5847099638898536,0.7759802758525235,1,0.45114267903268657,1.794470448927548,0.39212154263999827,8.212056319054595,Rv0021c
fstrom1_baseline,-0.045358673857694716,0.9556546520140666,0.16406742305575334,-0.09724510768293859,0.35174648783547685,1,0.7821919974477013,0.9073335844432184,0.455365195027745,1.807898896200046,Rv0021c
RIF_pred_MIC_high,0.7142941113103805,2.042744223167754,0.2408392762625025,1.4763980962088923,0.4977986565141641,1,0.0030184382386032917,4.37715117543722,1.6499263621039992,11.61230758698779,Rv0021c
screen_sex,-0.020759377102375964,0.9794546154244815,0.18013286205630027,-0.04250659629010419,0.3688374081865799,1,0.9082510836021064,0.9583841437202536,0.4651410284038745,1.974670284593524,Rv0021c
diabetes,0.18714871947859452,1.2058065986445183,0.13159911363060156,0.8765324135455138,0.6163594867891948,1,0.1549936497240521,2.40255418102983,0.7178389906469159,8.041171722341183,Rv0021c
smear_pos_no_contam_sputum_specimen_1,0.07797390609773963,1.0810944483291567,0.2213873931103926,0.17754103560163126,0.5040833402997104,1,0.7246839878270883,1.1942770647748067,0.4446605234533332,3.2076103728979137,Rv0021c
bl_prevtb,0.34031352343193283,1.405388143612116,0.16891123178027545,0.7044463551648212,0.34964494027171594,1,0.04393108670831256,2.0227265027781893,1.0193394962584614,4.013797679829991,Rv0021c
TTP_baseline,0.07552932440631863,1.0784548523026483,0.212703947651585,0.21136127516640646,0.5952307658243337,1,0.7225211831249283,1.235358578827896,0.3847084176683233,3.96692858329764,Rv0021c
HIV_Low_CD4,0.33207447068533885,1.3938566461072293,0.14250350204785,1.1147045300968026,0.47835444549399564,1,0.019790834531425064,3.048667256672284,1.1938066236165557,7.785492104030253,Rv0021c
Lineage_2,0.677851119813955,1.9696406595931566,0.2606790788897678,1.3539077951092884,0.5206680738797532,1,0.009313468172511897,3.8725290508310226,1.395729367054939,10.744548050295426,Rv0021c
peth_value_baseline,-0.22306357175487182,0.8000639862062305,0.28130139949018085,-0.000635147720616112,0.000800973199194765,1,0.42779529958981954,0.9993650539429998,0.9977974029410948,1.000935167899465,Rv0021c
smoked_substance_use,0.20101986318501253,1.2226490572865631,0.1986661385008553,0.4106227554159906,0.4058148080819018,1,0.3116109080958793,1.50775645630039,0.680614200253073,3.340114753218807,Rv2085
screen_years,-0.05262639287682929,0.9487344002072012,0.18356000138833148,-0.004123721807720142,0.014383474514809038,1,0.7743431202330227,0.9958847690577217,0.9682017308016121,1.0243593268729365,Rv2085
high_lung_involvement,0.06776931674845954,1.0701184216065063,0.19278254526298294,0.13553098480565126,0.38554333238760347,1,0.7251889467454442,1.1451446773700094,0.5378798552419141,2.438009751302313,Rv2085
F2,0.025960734691293112,1.0263006496704394,0.13119261343385782,0.04722187291868413,0.23863580877475943,1,0.8431369226802108,1.0483545847691165,0.6567211907925085,1.6735371887119015,Rv2085
underweight,0.2648423503540362,1.3032255065430007,0.1779528597999886,0.5312762057055143,0.35697508356424557,1,0.13667904004051043,1.701101879839212,0.8450308854550218,3.424428213691043,Rv2085
HIV_High_CD4,-0.10121551572519566,0.9037382420937468,0.1856621560893826,-0.2692461699397004,0.4938849945252943,1,0.5856437213797887,0.7639551697005366,0.2901831592592522,2.0112383599447874,Rv2085
Indel_Sample1,-2.668531313860655,0.06935400981922996,485.7860238844041,-16.975045671694062,3090.1791930551885,1,0.9956170636400958,4.244546881026336e-08,0.0,inf,Rv2085
fstrom1_baseline,-0.03561173490826018,0.965014902354236,0.16209593575382916,-0.07634850628117613,0.34751978809613604,1,0.8261083707719816,0.9264932615673482,0.4688488823810394,1.830845280829908,Rv2085
RIF_pred_MIC_high,0.677499999681845,1.9689492005042584,0.24175130305436068,1.4003471313473574,0.4996837548201276,1,0.005071343648125675,4.05660789822739,1.5234613779310855,10.801762275266055,Rv2085
screen_sex,-0.03508525264273285,0.9655230993529101,0.17881770385432696,-0.07184004907595551,0.3661445095281466,1,0.8444482919294792,0.9306797469919673,0.454085350965761,1.9074933591644154,Rv2085
diabetes,0.2052942936048347,1.2278863709019765,0.13480285137309897,0.9615192834976831,0.6313645586038557,1,0.12777809925431927,2.615667396491276,0.7588641428914681,9.01573225346865,Rv2085
smear_pos_no_contam_sputum_specimen_1,0.034860826152772174,1.0354755876496649,0.22057584716176978,0.07937562047146207,0.5022355079238872,1,0.8744216381085766,1.0826108965220522,0.4045467854227703,2.897183701616708,Rv2085
bl_prevtb,0.34881749730623296,1.417390489153482,0.16775539732772654,0.7220495151560984,0.3472523719157456,1,0.03758775941397611,2.058648120431642,1.0423183059630727,4.065967238137403,Rv2085
TTP_baseline,0.06531258908805532,1.0674926587929559,0.21443314274330566,0.1827707611921395,0.6000697456837509,1,0.7606841273842035,1.200539166366707,0.37033609212344226,3.891854779036899,Rv2085
HIV_Low_CD4,0.34584431514910835,1.4131825875701605,0.14192003021703026,1.1609270173925412,0.4763958526167523,1,0.014813950448069473,3.1928917708203457,1.255091281095569,8.122562887436723,Rv2085
Lineage_2,0.6688963417954673,1.9520817003362372,0.25460773924959473,1.336021944649926,0.5085414669814089,1,0.008609977150576468,3.8038813169251067,1.4039630459674155,10.306192256849258,Rv2085
peth_value_baseline,-0.22486247085247696,0.7986260455662467,0.277109974896535,-0.0006402698777324603,0.0007890386024524786,1,0.4171040187406887,0.9993599350512868,0.9978156320905429,1.0009066281045065,Rv2085
smoked_substance_use,0.16324722336110292,1.17732771662788,0.19597938322955838,0.33346468159144355,0.40032658002747823,1,0.40485509752810667,1.395795748386456,0.6368882966167547,3.059007021424444,ethR-Rv3856c_n.4328213delG
screen_years,-0.05004754748681718,0.9511841970074277,0.18569858612125936,-0.003921647517764128,0.014551050668498168,1,0.7875375730219039,0.9960860320996653,0.9680793879094465,1.0249029116162363,ethR-Rv3856c_n.4328213delG
high_lung_involvement,0.04760354464877699,1.0487547884455928,0.1858453743345022,0.09520171658857975,0.371669773484953,1,0.7978381227294538,1.0998806969327946,0.5308596243650794,2.2788275694016926,ethR-Rv3856c_n.4328213delG
F2,0.03686026728811406,1.0375480313083763,0.132356673980854,0.0670478273564357,0.24075320336599734,1,0.780634749170899,1.0693466209735725,0.6670970239822128,1.7141467502905354,ethR-Rv3856c_n.4328213delG
underweight,0.23998815524492403,1.2712340927757553,0.17763868890370127,0.48141846031176505,0.3563448538389033,1,0.17669852258312313,1.6183683661570563,0.8049262511096976,3.2538585553236214,ethR-Rv3856c_n.4328213delG
HIV_High_CD4,-0.11413963795425915,0.8921333715053337,0.18606163291137054,-0.30362598201767876,0.49494765377797206,1,0.5395783747296328,0.7381368912990056,0.27979290970480103,1.9473190756385013,ethR-Rv3856c_n.4328213delG
Indel_Sample1,-0.009156746812383158,0.9908850485266466,0.14535765363328973,-0.06832053180971646,1.084545898485346,1,0.9497708067421635,0.9339610613650039,0.11147093079610722,7.825208401117125,ethR-Rv3856c_n.4328213delG
fstrom1_baseline,-0.06306278288547844,0.9388845259590276,0.16401993890552097,-0.13520119948224177,0.35164468588868564,1,0.7006209239771118,0.8735401381823386,0.4384926981548196,1.7402168296681628,ethR-Rv3856c_n.4328213delG
RIF_pred_MIC_high,0.7073964033483078,2.0287024537611207,0.24385808146521754,1.4621409957482336,0.5040383247174167,1,0.0037214862667508813,4.315188445398204,1.6067990503352074,11.588786609883497,ethR-Rv3856c_n.4328213delG
screen_sex,-0.019925125695728203,0.9802720677481119,0.17950507024276943,-0.04079839533725531,0.36755195087057335,1,0.9116160688702035,0.9600226554830043,0.4671116449402409,1.973068984736075,ethR-Rv3856c_n.4328213delG
diabetes,0.18027528409058535,1.1975469833823753,0.13107399869355907,0.8443398934642321,0.6139000509755969,1,0.1690166737691694,2.3264416082854007,0.6984566969476483,7.748985127373235,ethR-Rv3856c_n.4328213delG
smear_pos_no_contam_sputum_specimen_1,0.0517320849909031,1.053093565143191,0.218809305067256,0.11779027629581315,0.4982132172809031,1,0.8131025617798219,1.1250081457488486,0.4237169208622085,2.9870020895692426,ethR-Rv3856c_n.4328213delG
bl_prevtb,0.3317679848558524,1.3934295142551354,0.16836702599867795,0.6867571565630962,0.3485184385228583,1,0.048780578080488066,1.9872606975783924,1.0036803249352908,3.934724017225675,ethR-Rv3856c_n.4328213delG
TTP_baseline,0.06991470214998954,1.0724167025137623,0.2108067022154419,0.19564931522232779,0.5899215138504963,1,0.7401511977400845,1.2161003626623692,0.38267255409248035,3.8646620361232915,ethR-Rv3856c_n.4328213delG
HIV_Low_CD4,0.3255619838693095,1.384808667475711,0.14144643801569898,1.0928434742286974,0.47480610266954026,1,0.02135420386099078,2.982743379659274,1.176143203041342,7.56434934614718,ethR-Rv3856c_n.4328213delG
Lineage_2,0.6408678148639011,1.898127387930113,0.25639787000762493,1.2800390894346192,0.5121169895655232,1,0.01243668663551634,3.5967803189305227,1.318254132175363,9.81360751837568,ethR-Rv3856c_n.4328213delG
peth_value_baseline,-0.2313541342412447,0.7934584254776718,0.28490273527776366,-0.0006587541383938735,0.0008112275863125778,1,0.4167652214483887,0.9993414627924763,0.9977537955105407,1.000931656436536,ethR-Rv3856c_n.4328213delG
smoked_substance_use,0.14859628228472505,1.160204499536854,0.19564909509242356,0.3035372420891957,0.3996519013026863,1,0.4475510856063224,1.354642039702284,0.6189281478529804,2.9648919056185195,"Rv2219A_c.-75delC,glnA1_c.-124delG"
screen_years,-0.044736194032802136,0.9562497129420067,0.1843097009159688,-0.003505458171135453,0.014442219796831144,1,0.8082200286960886,0.9965006787743299,0.9686889798603083,1.0251108698902507,"Rv2219A_c.-75delC,glnA1_c.-124delG"
high_lung_involvement,0.03382055280866699,1.0343989700827296,0.18758498824264547,0.06763728850688708,0.3751488049620945,1,0.8569213266413422,1.0699771450794784,0.5129171960428582,2.232038816060224,"Rv2219A_c.-75delC,glnA1_c.-124delG"
F2,0.022890912524890256,1.023154920072308,0.134220162546495,0.041637949584131737,0.24414283857002853,1,0.8645795856783366,1.0425169667143435,0.646053332151924,1.6822784928097805,"Rv2219A_c.-75delC,glnA1_c.-124delG"
underweight,0.2560045065173549,1.2917585492589077,0.17749884935033886,0.5135474091822495,0.3560643344007597,1,0.14922107081629166,1.6712091547283718,0.8316647513756034,3.3582522695933616,"Rv2219A_c.-75delC,glnA1_c.-124delG"
HIV_High_CD4,-0.10888541380179122,0.8968331763148534,0.1863569446859584,-0.28964907621503905,0.49573322073058984,1,0.5590291368596507,0.7485261971406331,0.28329448628735465,1.9777704647505787,"Rv2219A_c.-75delC,glnA1_c.-124delG"
Indel_Sample1,0.18884038014086946,1.207848140544959,0.16799624844149605,0.5811760458746025,0.51702604770316,1,0.26098121716667644,1.7881401294832655,0.6490948748889309,4.926005806494088,"Rv2219A_c.-75delC,glnA1_c.-124delG"
fstrom1_baseline,-0.0723435135353457,0.9302113007491948,0.16264844192478842,-0.15509829026258845,0.34870431395460766,1,0.6564754629289973,0.8563310043477015,0.43233860630447796,1.696130714014257,"Rv2219A_c.-75delC,glnA1_c.-124delG"
RIF_pred_MIC_high,0.6454052542479564,1.9067595951443124,0.25482304855210874,1.3340094417225967,0.5267021774298255,1,0.011316887648832147,3.7962336926538782,1.3521448958720506,10.658170062422222,"Rv2219A_c.-75delC,glnA1_c.-124delG"
screen_sex,-0.023530623974690544,0.9767440624253835,0.18015903929782232,-0.048180960768420246,0.3688910083226475,1,0.8960836039518717,0.9529613228600872,0.4624605368954873,1.9637033009639895,"Rv2219A_c.-75delC,glnA1_c.-124delG"
diabetes,0.18464874444520218,1.2027958771851004,0.13206201750990101,0.8648234947993529,0.6185275500048683,1,0.16205385433833286,2.3745869220447635,0.7064744606290324,7.981411026982429,"Rv2219A_c.-75delC,glnA1_c.-124delG"
smear_pos_no_contam_sputum_specimen_1,0.06186997329748932,1.0638240102065388,0.2180269306359787,0.14087352656300942,0.4964318063742455,1,0.7765849900519006,1.1512790325605136,0.43512804507626174,3.046099707457769,"Rv2219A_c.-75delC,glnA1_c.-124delG"
bl_prevtb,0.33396711120836836,1.3964972137133447,0.1674761031350794,0.691309331063698,0.34667423510224243,1,0.04613916098183211,1.9963276766299978,1.0119106899115058,3.9384149532281847,"Rv2219A_c.-75delC,glnA1_c.-124delG"
TTP_baseline,0.061336426346397036,1.063256561543108,0.2122552037499898,0.1716438666521462,0.5939750008084298,1,0.7726005851708333,1.1872549368392122,0.3706393681424428,3.8030884093978887,"Rv2219A_c.-75delC,glnA1_c.-124delG"
HIV_Low_CD4,0.32258274265738807,1.3806891280208442,0.142317690357487,1.0828427847197266,0.47773071452014176,1,0.023412323984684603,2.953062550984274,1.157783949864332,7.532129315704895,"Rv2219A_c.-75delC,glnA1_c.-124delG"
Lineage_2,0.6887865836848315,1.9912977934463505,0.2664601106910334,1.3757497738936255,0.5322148336190548,1,0.00973925680753415,3.9580432481673293,1.394628216052323,11.233177540827286,"Rv2219A_c.-75delC,glnA1_c.-124delG"
peth_value_baseline,-0.20646546198288898,0.8134543560722611,0.28269257986799773,-0.0005878865228092556,0.0008049344244140369,1,0.4651742487946423,0.9994122862486143,0.9978368140617265,1.0009902459290247,"Rv2219A_c.-75delC,glnA1_c.-124delG"
smoked_substance_use,0.20101986319179668,1.2226490572948578,0.19866613853655085,0.41062275542984855,0.405814808154817,1,0.3116109081664896,1.5077564563212844,0.6806142001652375,3.3401147537424345,fadD14_c.-91_-90insG
screen_years,-0.052626392844620236,0.9487344002377591,0.18356000142033654,-0.00412372180519629,0.014383474517316905,1,0.774343120405668,0.9958847690602352,0.9682017307992966,1.024359326880557,fadD14_c.-91_-90insG
high_lung_involvement,0.0677693166239853,1.0701184214733042,0.19278254509580328,0.13553098455671683,0.385543332053263,1,0.7251889470010895,1.1451446770849434,0.5378798554604873,2.4380097490977923,fadD14_c.-91_-90insG
F2,0.02596073469969008,1.0263006496790572,0.13119261349084752,0.04722187293395798,0.23863580887842212,1,0.8431369226973885,1.048354584785129,0.6567211906691097,1.673537189077484,fadD14_c.-91_-90insG
underweight,0.26484235037695647,1.303225506572871,0.17795285984973827,0.5312762057514925,0.3569750836640439,1,0.13667904011623938,1.7011018799174256,0.8450308853285857,3.424428214518315,fadD14_c.-91_-90insG
HIV_High_CD4,-0.1012155157270078,0.9037382420921091,0.18566215611073755,-0.26924616994452094,0.49388499458210117,1,0.5856437214161987,0.763955169696854,0.29018315922554455,2.0112383601590227,fadD14_c.-91_-90insG
Indel_Sample1,-2.6332240738107537,0.07184645016933479,418.40871742665126,-16.416430405117794,2608.5047827277563,1,0.9949786061403039,7.420528928733431e-08,0.0,inf,fadD14_c.-91_-90insG
fstrom1_baseline,-0.035611734924369594,0.9650149023386903,0.1620959358089664,-0.07634850631571334,0.34751978821434554,1,0.826108370752781,0.9264932615353497,0.4688488822562208,1.8308452811908578,fadD14_c.-91_-90insG
RIF_pred_MIC_high,0.6774999996891227,1.9689492005185876,0.2417513031536175,1.4003471313623996,0.49968375502528484,1,0.005071343665742317,4.05660789828841,1.5234613773414165,10.801762279771937,fadD14_c.-91_-90insG
screen_sex,-0.035085252667826534,0.9655230993286816,0.1788177038929761,-0.07184004912733698,0.366144509607284,1,0.8444482918528371,0.9306797469441476,0.45408535087199786,1.9074933593622703,fadD14_c.-91_-90insG
diabetes,0.20529429360448534,1.2278863709015475,0.13480285132241418,0.9615192834960469,0.6313645583664675,1,0.12777809911169333,2.6156673964869963,0.7588641432433046,9.015732249259129,fadD14_c.-91_-90insG
smear_pos_no_contam_sputum_specimen_1,0.03486082622681682,1.0354755877263362,0.22057584704351862,0.07937562064005646,0.5022355076546376,1,0.8744216377772965,1.0826108967045744,0.4045467857044618,2.897183700576257,fadD14_c.-91_-90insG
bl_prevtb,0.34881749727368805,1.4173904891073532,0.16775539736884848,0.7220495150887307,0.3472523720008677,1,0.037587759478612724,2.0586481202929554,1.0423183057189576,4.065967238541838,fadD14_c.-91_-90insG
TTP_baseline,0.06531258909820477,1.0674926588037903,0.21443314270185282,0.18277076122054173,0.6000697455677493,1,0.7606841273033002,1.2005391664008052,0.37033609221815983,3.8918547782625885,fadD14_c.-91_-90insG
HIV_Low_CD4,0.3458443150580403,1.4131825874414647,0.14192003017269123,1.1609270170868449,0.4763958524679155,1,0.0148139504431677,3.19289176984429,1.2550912810780208,8.122562882584214,fadD14_c.-91_-90insG
Lineage_2,0.6688963417903304,1.9520817003262094,0.2546077393544997,1.3360219446396657,0.5085414671909411,1,0.008609977178477692,3.803881316886078,1.4039630453764373,10.306192260976015,fadD14_c.-91_-90insG
peth_value_baseline,-0.22486247082644317,0.798626045587038,0.2771099749972811,-0.0006402698776583321,0.0007890386027393416,1,0.4171040189639754,0.9993599350513609,0.9978156320900559,1.0009066281051435,fadD14_c.-91_-90insG
smoked_substance_use,0.16536977899079486,1.1798293141515626,0.19606745437404602,0.3378004204949452,0.40050648272688893,1,0.3989862717727348,1.4018606928207913,0.6394301683273714,3.0733823635763318,cyp128
screen_years,-0.05370718294751614,0.947709571399897,0.1844098440416258,-0.004208410826678556,0.014450066855475873,1,0.7708691823748346,0.995800432124891,0.9679933888419546,1.0244062738965898,cyp128
high_lung_involvement,0.05060077810152238,1.051902866787402,0.18662874574798766,0.10119584521541526,0.3732364278977805,1,0.7862905284372728,1.1064933219678366,0.5324138858537877,2.299578399605537,cyp128
F2,0.03634501379659879,1.0370135687662996,0.1321740749120518,0.06611059521772421,0.2404210606079213,1,0.7833328438773213,1.0683448644654998,0.6669060985917374,1.7114264689435963,cyp128
underweight,0.24261480271086436,1.2745775657242402,0.1778536219337909,0.4866875394358754,0.3567760114862892,1,0.17252781958149754,1.626918182178009,0.8084951541403115,3.273814020958305,cyp128
HIV_High_CD4,-0.11286431850127214,0.8932718523577564,0.1858251540858406,-0.30023346975603477,0.4943185899670575,1,0.5436064832230598,0.7406452822212048,0.28109007680813036,1.9515289913665907,cyp128
Indel_Sample1,0.05323667574126654,1.0546792325717105,0.19269252466302933,0.2959803420166293,1.071314062339204,1,0.782334669949982,1.3444437275198418,0.1646790853337427,10.976068593071565,cyp128
fstrom1_baseline,-0.060449229991563935,0.9413415597241566,0.16213216922440218,-0.1295979661645936,0.3475974695503746,1,0.7092681177195173,0.8784485259678293,0.44446832447073353,1.7361682943187176,cyp128
RIF_pred_MIC_high,0.7069099057674818,2.027715734962766,0.24348565193062058,1.4611354378264079,0.503268537808713,1,0.003692623597955248,4.310851454386042,1.6076077897673116,11.55968537852884,cyp128
screen_sex,-0.02363969096523958,0.9766375376992293,0.17986230696078453,-0.048404284739702305,0.3682834235384566,1,0.8954334516983361,0.952748527515023,0.4629081933871077,1.960928256724448,cyp128
diabetes,0.18306155480222794,1.2008883262492185,0.13130397763711707,0.8573897107350715,0.6149771836379158,1,0.16326285290686593,2.357000204543008,0.7061388280595293,7.867362257195469,cyp128
smear_pos_no_contam_sputum_specimen_1,0.05668333118469254,1.0583206201891475,0.21820366768853763,0.1290639115509475,0.49683422406640476,1,0.7950391978301838,1.1377628380296678,0.42968054117320176,3.0127132871011644,cyp128
bl_prevtb,0.33590763404290974,1.3992097794916356,0.16878220403914168,0.6953261982869607,0.34937785384787884,1,0.046570675342404354,2.0043627870229095,1.0106141220952778,3.975276115945163,cyp128
TTP_baseline,0.07424787477067671,1.0770737518194577,0.2116770181605809,0.20777526627277806,0.5923570061497873,1,0.725768252694897,1.2309365055133046,0.3854965128629469,3.93052759246099,cyp128
HIV_Low_CD4,0.326766164292679,1.3864772313875715,0.14162640010769192,1.096885656002604,0.4754101977653669,1,0.02104141721043532,2.994824571321365,1.1795096373019707,7.6039855286862865,cyp128
Lineage_2,0.6500927156828045,1.9157184379232364,0.2584618614937342,1.2984644704109778,0.516239508626714,1,0.011895254898683209,3.663666677629545,1.331962776431832,10.077198674222895,cyp128
peth_value_baseline,-0.2324823623062785,0.7925637282197933,0.28473286949983095,-0.0006619666373160589,0.0008107439131569126,1,0.41421829077194416,0.9993382524142609,0.9977515360827103,1.0009274920881726,cyp128
smoked_substance_use,0.1630436644448946,1.1770880854642185,0.1995501429796462,0.3330488723189737,0.40762056174788214,1,0.41389636086445436,1.395215484219774,0.6275871406443952,3.1017624825898387,Rv0759c
screen_years,-0.10806208108458593,0.8975718724654143,0.19091506704934857,-0.008467575602209456,0.014959805952430781,1,0.5713789925396175,0.9915681733426229,0.9629168106968392,1.0210720505279192,Rv0759c
high_lung_involvement,0.003316667995500195,1.0033221742245582,0.18984680037785187,0.0066329616598022525,0.3796721739561735,1,0.9860614791799025,1.0066550084682484,0.47830301476767245,2.118645032096293,Rv0759c
F2,0.06512380980213082,1.0672911573113506,0.1399391539517474,0.11845844530309775,0.25454552896277965,1,0.6416648474326765,1.1257600925105657,0.6835594663543366,1.8540241899487482,Rv0759c
underweight,0.227459367675425,1.2554064286363034,0.18054607367577427,0.45628559650385847,0.3621770945971057,1,0.2077266827121904,1.5782010090999206,0.7760266124971844,3.2095786214200785,Rv0759c
HIV_High_CD4,-0.12084010374042388,0.8861756444360083,0.1885400816609735,-0.3214500748636313,0.5015406432859663,1,0.5215712333896925,0.7250968296818999,0.2713212671805219,1.9377965386875748,Rv0759c
fstrom1_baseline,-0.08681089545092113,0.9168504598334357,0.16370065080321786,-0.18611511665138877,0.35096015957321713,1,0.5959020820257601,0.8301780221670586,0.4172856042167673,1.6516159233022398,Rv0759c
RIF_pred_MIC_high,0.6538703770691916,1.9229690600683869,0.25390942507680825,1.3515062837370417,0.5248137788861067,1,0.010017891546499784,3.863240286277175,1.381113666643449,10.806225345511635,Rv0759c
screen_sex,-0.00036041422807833506,0.9996396507133275,0.18329121960216024,-0.0007379788909168142,0.3753044148062683,1,0.9984310827142382,0.9992622933485319,0.4788723953155663,2.08515909598456,Rv0759c
diabetes,0.15264406034781605,1.1649102673855738,0.13339517507212473,0.7149258995884372,0.6247715457901885,1,0.2524993629154806,2.0440352127961345,0.6007335250415239,6.954963851670738,Rv0759c
smear_pos_no_contam_sputum_specimen_1,0.02328923356923503,1.0235625453860786,0.2179212489194278,0.05302792758730507,0.49619117662591555,1,0.9148921508954375,1.054459093206532,0.39872277301835257,2.7886141812992538,Rv0759c
Indel_1,0.14404592427513785,1.1549371469583323,0.2302220794794973,0.48098993537915447,0.7687444381986628,1,0.5315232195439361,1.6176750035342058,0.35853769543768305,7.298737204925854,Rv0759c
bl_prevtb,0.37489500751013816,1.4548386594660654,0.17005101423656932,0.776029759107787,0.3520042811198842,1,0.027481952113410518,2.1728284654429273,1.0899306231279162,4.33163674830061,Rv0759c
TTP_baseline,0.050414322024082116,1.0517067513890348,0.2150467107671928,0.14107944792855073,0.6017867545534777,1,0.8146478440335394,1.151516129921886,0.3540203373456825,3.745517580747111,Rv0759c
HIV_Low_CD4,0.3136842338144665,1.3684575556944907,0.14230693537264563,1.052972352048887,0.4776946122859078,1,0.027504706846590142,2.8661576992330455,1.1237913654998615,7.309951125330902,Rv0759c
Indel_2,0.32732972478627415,1.3872588153946992,0.1480220525627544,2.1078272439987438,0.9531823463576597,1,0.02701106769563479,8.230339324214372,1.2707714721629375,53.305009496643834,Rv0759c
Lineage_2,0.6466944178903539,1.9092193054330444,0.27593644242080123,1.2916768709856579,0.551142410815498,1,0.01909682867338281,3.6388833804908565,1.2354775746284126,10.717695350152447,Rv0759c
peth_value_baseline,-0.20534988512314517,0.814362333293376,0.28441314484448327,-0.000584710046730871,0.0008098335341807702,1,0.4702867072367811,0.9994154608628761,0.9978304023794785,1.0010030372194412,Rv0759c
smoked_substance_use,0.15342118124274862,1.1658158953407072,0.19774430505291563,0.31339305073097123,0.4039317812783305,1,0.4378337885859457,1.3680591420122685,0.6198370284804263,3.019480492528282,htrA
screen_years,-0.07667283149962219,0.9261928251600867,0.1907604800913122,-0.006007963115668005,0.014947692760262438,1,0.6877337234867644,0.9940100486054274,0.9653110455565311,1.0235622821024697,htrA
high_lung_involvement,0.0247487375760439,1.0250575297247266,0.18904958139195596,0.04949468191966242,0.3780778259614124,1,0.8958454290123928,1.050740004280209,0.5008121289611468,2.204528390486379,htrA
F2,0.11812969942379009,1.1253900643450139,0.22409652772802757,0.21487472216968725,0.40762551136275976,1,0.5980980573438124,1.239706579486844,0.5576316838741988,2.7560708038420705,htrA
underweight,0.20263920724587717,1.224630550702798,0.17945447666185807,0.40649612499227794,0.3599873408853688,1,0.2588153252261992,1.5015473228470941,0.7415103954362885,3.0406105924148124,htrA
HIV_High_CD4,-0.08786466647851074,0.9158848182541475,0.18753030683470287,-0.2337312096161082,0.4988545135703103,1,0.6394014600760941,0.7915745549316985,0.29775982025694203,2.1043479791014814,htrA
fstrom1_baseline,-0.021857716959337064,0.9783794319487962,0.16548741855477628,-0.04686107107281187,0.35479083643449016,1,0.8949203519935541,0.9542199571369266,0.4760471702344795,1.9127006387831462,htrA
RIF_pred_MIC_high,0.7718024899601669,2.16366272139058,0.26866205496371603,1.5952640638966913,0.5553064769697407,1,0.004068988608583007,4.929630637738767,1.660109175624304,14.638349441923864,htrA
screen_sex,-0.03156850557428872,0.9689245774454793,0.1821259863566571,-0.06463920932264455,0.3729185002912928,1,0.8623894185201222,0.9374056095785736,0.45133472123771284,1.946956960146127,htrA
diabetes,0.19346836064313566,1.2134509931351223,0.13208473560035616,0.9061311750979828,0.6186339527775577,1,0.1429948324542061,2.4747296929782494,0.7361148752280305,8.319743642473014,htrA
smear_pos_no_contam_sputum_specimen_1,0.10043992924404112,1.1056572220439984,0.22446486175134445,0.22869457163514556,0.5110905174040773,1,0.6545401255048906,1.2569580697273415,0.4616148307406689,3.422644776203654,htrA
Indel_1,-0.00543202047353302,0.9945827062722851,2.0396071450980906,-0.011056099512251042,4.151328160852091,1,0.9978750220813047,0.9890047945324766,0.00028945526938390856,3379.211184132622,htrA
bl_prevtb,0.34808280976286415,1.416349532452795,0.17145605096739866,0.7205287176371169,0.35491269625991134,1,0.04234051929412815,2.055519712917781,1.0252255275967812,4.121201800444578,htrA
TTP_baseline,0.06855213433318773,1.0709564570963446,0.21602861243924604,0.1918363051957765,0.6045345083712761,1,0.7509940071656978,1.2114721890299116,0.37045268114006535,3.961814664901867,htrA
HIV_Low_CD4,0.34144101359914764,1.4069735985496283,0.14436603419733726,1.1461460552336813,0.4846065762892343,1,0.0180248976089819,3.14604483269948,1.2169340465088576,8.133224736171483,htrA
Indel_2,0.5507039915436353,1.734473642939406,1.993831730202976,1.1224052582640391,4.063684397493944,1,0.782391503653044,3.07223484180619,0.0010676772277164648,8840.33739615774,htrA
Lineage_2,0.205459373915406,1.2280890874972301,0.37579727709352584,0.41037484455095447,0.7505997231035263,1,0.5845647366984725,1.507382713422419,0.3461879028417065,6.563495217693071,htrA
peth_value_baseline,-0.2231965161919528,0.799957629219897,0.2804208529438199,-0.0006355262645240943,0.0007984659447496863,1,0.426070346079098,0.9993646756395184,0.9978019285457973,1.0009298702916265,htrA
