covariate,coef,exp(coef),se(coef),coef_transformed,se_transformed,imp_num,pval,OR,OR_lower,OR_upper,Indel
underweight,0.2929978252194654,1.340439875265963,0.1956310439591172,0.5877563488410292,0.3924376845843246,1,0.1342096032630679,1.7999454319171873,0.8340954963843243,3.8842117862086534,mmpL1
screen_years,0.014350547186157456,1.0144540106149387,0.1871987275509126,0.0011244864249536958,0.014668599403837185,1,0.9388944820935259,1.0011251188968602,0.9727526526999304,1.0303251303447452,mmpL1
smoked_substance_use,0.162702249561157,1.1766862786676844,0.1993507627534343,0.3323514650176299,0.40721328827467695,1,0.41440825523389346,1.3942427899755898,0.6276504259805857,3.0971268032869053,mmpL1
F2,0.07279113693731921,1.0755058800022261,0.14170672611353716,0.1324051055925416,0.25776069482735103,1,0.6074795572381023,1.1415706822756628,0.6888053402661135,1.8919476177810262,mmpL1
TTP_baseline,-0.02328303348545516,0.9769859249058466,0.2194453230011316,-0.06515524514364983,0.6140958318295625,1,0.9155034279601798,0.9369219994960146,0.281179799446923,3.121927090304053,mmpL1
smear_pos_no_contam_sputum_specimen_1,-0.11820048733095595,0.8885178981744484,0.21290328306561093,-0.26913409856690196,0.48476562545263535,1,0.5787688405180272,0.7640407920029763,0.2954495260375262,1.9758309978483082,mmpL1
bl_prevtb,0.22301413051534252,1.2498382344695538,0.17237987035578534,0.4616375212112519,0.35682499523180267,1,0.19575645237414174,1.586670064732811,0.7884182008000064,3.19313010755548,mmpL1
Lineage_2,0.039565246282974295,1.0403583761875705,0.17914793857246836,0.07902575328434958,0.3578216269342386,1,0.8252073871671689,1.0822321927448244,0.5367130158858529,2.1822211952138777,mmpL1
screen_sex,-0.026731319046988763,0.9736228002866891,0.18616546070998025,-0.05473465708671367,0.3811896687716459,1,0.8858249989072318,0.9467363244024958,0.4484972723772334,1.9984729521147606,mmpL1
peth_value_baseline,-0.22497744492840013,0.7985342295529814,0.277048701014169,-0.0006405972531155318,0.0007888641321594948,1,0.4167628438610057,0.9993596078854988,0.9978156466388023,1.0009059581670228,mmpL1
HIV_High_CD4,-0.036574694745652954,0.9640860790423303,0.18981425795719517,-0.09729334881538694,0.5049301146049395,1,0.8472042915698458,0.907289814699356,0.33724750292374706,2.4408625733941,mmpL1
high_lung_involvement,-0.027367525167566617,0.9730035725011527,0.19459784478220407,-0.054731961536827245,0.3891737265447477,1,0.8881572525544261,0.9467388763809269,0.4415347958290859,2.0299974283294655,mmpL1
HIV_Low_CD4,0.3059938929150708,1.3579740132599378,0.1363561767569881,1.0271574864229531,0.45771916047626987,1,0.024827384846213208,2.7931150724619833,1.1388789676238147,6.850150042099323,mmpL1
fstrom1_baseline,0.00174065083753657,1.0017421666495778,0.17808529244527604,0.0037318061516899005,0.38179959790977536,1,0.9922013980141403,1.0037387780101106,0.4749329441785578,2.121334278513324,mmpL1
diabetes,0.23334160379934962,1.2628127873008552,0.14495961551952283,1.0928820658172798,0.6789349241178751,1,0.10746319818262229,2.982858490685773,0.7883556698323715,11.286079514526833,mmpL1
Indel_Sample1,0.034500881752334775,1.0351029410801469,0.19207173398450064,0.136890737572298,0.7620918653810693,1,0.8574469909019045,1.1467028501380612,0.2574880747797924,5.106750779193554,mmpL1
underweight,0.32135449926554593,1.3789943467381796,0.1942649041095536,0.6446400993948618,0.3896971954036138,1,0.0980853198881336,1.9053011868116634,0.8876725371487006,4.08954029841504,cyp123
screen_years,0.04113564266115766,1.0419934347225246,0.19198443781053814,0.003223324598997656,0.015043600172163392,1,0.8303400158001693,1.0032285250958615,0.9740802466883846,1.0332490336270972,cyp123
smoked_substance_use,0.12148677657890314,1.129174434277398,0.1997221558904094,0.24816072479127696,0.4079719320764934,1,0.5430025019493016,1.28166591112667,0.5761140878116638,2.8512885598471205,cyp123
F2,0.0860060902964379,1.0898129655689393,0.15217236252500022,0.15644274765357052,0.2767974038616686,1,0.571945464089236,1.1693438127254892,0.6797228109108898,2.01165082355702,cyp123
TTP_baseline,-0.05137766805550614,0.9499198483968321,0.22627389115707452,-0.14377527563823492,0.6332048982000817,1,0.8203773677418951,0.8660823559965011,0.2503653392295075,2.9960163402684175,cyp123
smear_pos_no_contam_sputum_specimen_1,-0.10508528265846587,0.9002477437914939,0.21721421736409025,-0.23927171079883883,0.4945813160864126,1,0.6285374730952118,0.7872009623094925,0.29860511091789366,2.0752670748203754,cyp123
bl_prevtb,0.2281919532642522,1.2563264582531157,0.16982387558724113,0.47235557415953117,0.35153410587670636,1,0.17904615713820116,1.6037675406493823,0.8052209133448476,3.194241830799346,cyp123
Lineage_2,-0.09269820711648519,0.9114685335094806,0.17594416016874667,-0.18515101847454501,0.3514225513440233,1,0.5982897595780274,0.8309787812278364,0.4173097352721316,1.6547079458872487,cyp123
screen_sex,-0.06802587443180495,0.9342363004310364,0.1900701590460265,-0.13928878344924467,0.3891848718543995,1,0.7204190779468935,0.8699767572897876,0.40572604400012774,1.865444847371483,cyp123
peth_value_baseline,-0.2606517838214918,0.770549190598723,0.28114304338988405,-0.0007421758069518958,0.0008005222985149369,1,0.35386710371634345,0.9992580995373902,0.9976914980177605,1.0008271609760693,cyp123
HIV_High_CD4,-0.045150301266597755,0.9558538049983918,0.1897598792475697,-0.12010555496906797,0.50478546030774,1,0.8119323900871376,0.8868268227986881,0.3297347033489236,2.38513509693575,cyp123
high_lung_involvement,-0.017420688855991573,0.9827301740286958,0.19201955661277142,-0.03483941154975627,0.38401744120085113,1,0.9277122865242435,0.965760493786407,0.4549809333026075,2.0499613568163104,cyp123
HIV_Low_CD4,0.36895924722134377,1.446228664637127,0.14457660478309783,1.2385190088534443,0.48531341769552494,1,0.010710704648363361,3.4504995196039117,1.3328535750062507,8.932674344765132,cyp123
fstrom1_baseline,0.0177028088391942,1.0178604323118907,0.17770515507118967,0.03795330430644584,0.3809846159728405,1,0.9206468135269562,1.038682729735615,0.4922528254240468,2.1916823171541013,cyp123
diabetes,0.23505676679287826,1.2649805755850794,0.14584029809702784,1.1009152276926597,0.6830597016070219,1,0.10701834327508412,3.0069167784762447,0.7883152649218202,11.469457607900864,cyp123
Indel_Sample1,-0.5222451037729229,0.5931872848619086,0.30864785784374205,-1.875705785869302,1.108545716505938,1,0.09063798743098131,0.15324676926299563,0.017450002877446098,1.3458205396572929,cyp123
underweight,0.2951465654248026,1.3433232289984391,0.1948123383360602,0.5920667415777363,0.3907953535280338,1,0.12976476996972472,1.8077206487141058,0.8403993557063126,3.8884536519437036,arsC
screen_years,0.017005195096946063,1.0171506065075244,0.18722648764369354,0.0013325004818387825,0.014670774641274663,1,0.92763016232965,1.001333388655059,0.9729508718974775,1.030543868345572,arsC
smoked_substance_use,0.16437306001975,1.1786539417468458,0.19961663683616387,0.3357644252267107,0.40775638857687757,1,0.4102557265294471,1.399009414662848,0.6291261972483632,3.1110250230807344,arsC
F2,0.0723624887626154,1.07504496516209,0.14172614111066908,0.13162540617827662,0.2577960101810258,1,0.6096454025746703,1.1406809471913875,0.6882208503562035,1.8906038993326066,arsC
TTP_baseline,-0.022328142268051025,0.9779192857431785,0.21958298096295537,-0.06248307738705784,0.6144810538949865,1,0.9190072623172697,0.9394289602716435,0.28171937934376856,3.132644880351507,arsC
smear_pos_no_contam_sputum_specimen_1,-0.11819271469744234,0.8885248043252807,0.21234183105172366,-0.26911640083348803,0.4834872391696496,1,0.5777902892944246,0.7640543139128837,0.29619597187259095,1.9709214508156798,arsC
bl_prevtb,0.22199127444781466,1.2485604834370987,0.1716909938329322,0.45952021708133733,0.3553990261701307,1,0.19602149528686752,1.5833141556457304,0.7889525697308881,3.1774834275820285,arsC
Lineage_2,0.0371249420572507,1.0378226804387753,0.1752748144774157,0.07415160493957422,0.350085631889845,1,0.8322553396419299,1.0769700671022204,0.5422632875683322,2.138932419038239,arsC
screen_sex,-0.025136373367922224,0.9751769147997076,0.1860010775595637,-0.05146886969095563,0.38085308024217346,1,0.8925003867653799,0.9498332181035846,0.45026130346971416,2.0036879368952807,arsC
peth_value_baseline,-0.22816467860852999,0.7959931659945989,0.27830516865448346,-0.0006496725323782076,0.0007924417784398594,1,0.4123094366578245,0.9993505384591272,0.9977995945712275,1.0009038930785572,arsC
HIV_High_CD4,-0.038152348009813535,0.962566284662309,0.18954685245396055,-0.10149010754179989,0.5042187818902775,1,0.8404781653325782,0.9034901170362297,0.33630366564306774,2.4272539224966554,arsC
high_lung_involvement,-0.0283697440715547,0.9720288984271188,0.19466329243191094,-0.05673628623073723,0.3893046144575019,1,0.8841286065837689,0.9448432046777414,0.44053767494325763,2.026452519732143,arsC
HIV_Low_CD4,0.3066781971441182,1.3589035986434779,0.13653927503716387,1.0294545525675118,0.45833378309975437,1,0.024698854945879107,2.799538417132176,1.1401237906424797,6.874179289410678,arsC
fstrom1_baseline,-0.002711000199676494,0.997292671242855,0.17762962224221757,-0.005812151986037083,0.3808226800637345,1,0.9878230826315382,0.994204705893319,0.4713233561544224,2.0971653203975134,arsC
diabetes,0.2326608470401131,1.2619534115063786,0.1446466644560675,1.0896936637439263,0.677469182050623,1,0.10773072816290172,2.973363084120658,0.7881069037164349,11.217879184056104,arsC
Indel_Sample1,0.039605340040222405,1.0404000888999605,0.19728521015967035,0.2025637344776777,1.0090262799554517,1,0.8408927368708385,1.2245381279328598,0.16946795371081305,8.848242950523307,arsC
underweight,0.335190164947931,1.3982062497612904,0.197733624301197,0.6723945727912859,0.39665548020816616,1,0.09004503969633565,1.9589224914041496,0.9002922171026863,4.262368655899813,Rv0025
screen_years,0.011656908408130403,1.0117251149330377,0.18780267966121664,0.0009134171047160662,0.01471592414627029,1,0.9505071040645876,1.000913834397164,0.972457151882426,1.0302032351228556,Rv0025
smoked_substance_use,0.1326047825047526,1.141798650343793,0.1996968842800253,0.270871446784963,0.40792030982322297,1,0.5066709166654322,1.3111065125930472,0.5894073909146162,2.9164891955230385,Rv0025
F2,0.05598421860918565,1.0575809935059377,0.1452606121146796,0.10183377658805053,0.2642251171601182,1,0.699937111497592,1.1071994139667047,0.6596552447632295,1.8583806496198232,Rv0025
TTP_baseline,-0.033081102942379696,0.9674600925469806,0.2230921898923456,-0.09257416449534125,0.6243012248017346,1,0.8821182858551623,0.9115816014679454,0.2681571524448436,3.098858294692645,Rv0025
smear_pos_no_contam_sputum_specimen_1,-0.12778697327589886,0.8800408313931526,0.21331461810778377,-0.2909618448941439,0.4857022060732735,1,0.5491368814405609,0.747544200102043,0.28854025346954554,1.9367222575937222,Rv0025
bl_prevtb,0.23044557627090176,1.2591609371871164,0.1708750479667837,0.4770205563116947,0.35371002455296435,1,0.17745892338738234,1.611266565411555,0.8055432755079207,3.222893199842273,Rv0025
Lineage_2,0.19281965267076376,1.212664073070049,0.20954831062562584,0.3851288626223172,0.41854189351473664,1,0.3574849668869482,1.46980371199882,0.647136408313975,3.338280653122167,Rv0025
screen_sex,-0.04630748819550374,0.9547483432056297,0.18760946783675567,-0.09481853411245934,0.3841463965999992,1,0.8050404386840389,0.9095379696085614,0.42838556494930663,1.9311092292700354,Rv0025
peth_value_baseline,-0.200602981412125,0.818237222462188,0.2776501758593002,-0.0005711937874496297,0.0007905767622132843,1,0.4699855108956349,0.9994289693126664,0.9978815513181263,1.000978786893056,Rv0025
HIV_High_CD4,-0.022085064759887446,0.9781570248196826,0.18973912712312932,-0.05874908660856354,0.5047302570122407,1,0.9073379146413966,0.942943336587406,0.3506375492493398,2.535786991205318,Rv0025
high_lung_involvement,-0.031946346734200506,0.9685585470143062,0.19579646337717357,-0.06388908788765993,0.39157082845423796,1,0.8703916722626319,0.938109041416259,0.4354593582645888,2.0209660370927365,Rv0025
HIV_Low_CD4,0.3055012080137507,1.3573051247563832,0.13819216157088188,1.0255036462759572,0.463882177419465,1,0.02705672061861747,2.7884995243613733,1.123345498838174,6.921939514962844,Rv0025
fstrom1_baseline,-0.007823670711153126,0.992206854542161,0.17755765771589563,-0.016773279200553014,0.38066839428956295,1,0.9648544209093458,0.9833666090269046,0.4663263248268801,2.0736763855398204,Rv0025
diabetes,0.23968345567473726,1.270846807299935,0.14629395573589765,1.1225848537720617,0.6851844589990563,1,0.10134477930801643,3.072786650933106,0.8022363541319814,11.769620952130676,Rv0025
Indel_Sample1,0.30388760124588615,1.3551167340968395,0.1819040472686891,0.8391730734265453,0.5023205217631758,1,0.09480212519250635,2.314452303130485,0.8647134851804292,6.194756477457143,Rv0025
underweight,0.29682386096104013,1.3455782697103433,0.19487359671799503,0.5954314119454016,0.39091823840909035,1,0.1277184325404707,1.8138132769087354,0.8430287170683288,3.9024988554734508,Rv3378c
screen_years,0.016383833236172318,1.0165187842294392,0.18794492292485074,0.0012838115385977874,0.014727070105857946,1,0.9305335333165281,1.0012846359774015,0.9727961596884778,1.030607401416402,Rv3378c
smoked_substance_use,0.16439802836831158,1.178683371156697,0.200216961537631,0.33581542800783937,0.4089826702942909,1,0.41158964784698615,1.399080769853462,0.6276479392074559,3.118670321845459,Rv3378c
F2,0.07576812926028403,1.07871242330954,0.14070835629115347,0.1378201739573861,0.2559446871742909,1,0.5902481932351797,1.1477691329341182,0.6950147608994802,1.8954618759627595,Rv3378c
TTP_baseline,-0.02025156287159631,0.9799521227265496,0.21898577190915255,-0.056671977226042274,0.6128098239701214,1,0.9263175562935604,0.9449039685576384,0.28429093061797245,3.140597935555564,Rv3378c
smear_pos_no_contam_sputum_specimen_1,-0.11716032452694232,0.8894425822704599,0.21100475944152924,-0.2667657218796113,0.4804428222585627,1,0.5787238943139116,0.7658524729274873,0.29866989363949176,1.9638069413086414,Rv3378c
bl_prevtb,0.2173949931234173,1.2428349164427828,0.1701801757766946,0.45000595037329844,0.35227164450659637,1,0.20144688957958967,1.5683215175608856,0.7862867072000335,3.128162233853893,Rv3378c
Lineage_2,0.044761930980629853,1.0457788627223086,0.17455765010781787,0.08940536573200931,0.34865320166735064,1,0.7976183266644006,1.0935238435871226,0.5521462331673749,2.1657204643666677,Rv3378c
screen_sex,-0.019794247196420745,0.9804003726812472,0.18696403746490528,-0.040530410440325036,0.3828248228305013,1,0.9156839497443672,0.9602799615309121,0.45345770577372857,2.0335691571155,Rv3378c
peth_value_baseline,-0.25923137796821627,0.7716444608592834,0.28782427727264326,-0.0007381313655715294,0.0008195463392319079,1,0.36776992740625325,0.9992621409863703,0.997658333314936,1.000868526894222,Rv3378c
HIV_High_CD4,-0.03722154732736221,0.9634626591252408,0.18956035179674877,-0.09901405911254813,0.5042546918623444,1,0.8443305629220839,0.9057299741743903,0.3371136739109169,2.4334426325724183,Rv3378c
high_lung_involvement,-0.017002508187999175,0.9831412187288109,0.19547510919458705,-0.03400309741116075,0.39092815635826533,1,0.9306870712543982,0.9665685107727772,0.44923542158097646,2.0796549896480085,Rv3378c
HIV_Low_CD4,0.3021320136221782,1.3527397950027022,0.13534682911805598,1.0141939655187715,0.45433099160186613,1,0.02559646584452531,2.75714015145856,1.1317007445784775,6.717166045177755,Rv3378c
fstrom1_baseline,0.005347743204768093,1.0053620679070197,0.17825570476939287,0.011465102913721003,0.38216494732147177,1,0.9760667307639233,1.0115310791063254,0.47827737613477783,2.1393341501264573,Rv3378c
diabetes,0.217791677946437,1.2433280279901218,0.14739914103768106,1.020052211163285,0.6903607206517471,1,0.13952449155941293,2.7733395594688783,0.7167487360579322,10.730974364066913,Rv3378c
Indel_Sample1,0.09727932554575221,1.1021681943603117,0.1487102766127181,0.7222744029303212,1.1041362144265403,1,0.5130130132926963,2.059111137286817,0.2365033724379053,17.927603450186812,Rv3378c
underweight,0.2889271531318992,1.3349944748198148,0.19561964530199982,0.5795905429626925,0.39241481877266204,1,0.13967983451566793,1.7853072744444636,0.8273492456331595,3.852450559431045,Rv0029
screen_years,0.007813486936059752,1.007844091883634,0.18743688840731554,0.0006122526114981435,0.01468726131592363,1,0.9667490452392392,1.000612440076385,0.9722189423072258,1.0298351653790605,Rv0029
smoked_substance_use,0.17285422952142782,1.1886928161334493,0.20076341561909486,0.35308888826608587,0.41009891063533865,1,0.38924646881429814,1.4234576664941323,0.6371882082566489,3.179957981088041,Rv0029
F2,0.0788517711059128,1.0820439200088816,0.14222118127515887,0.1434292349139643,0.2586964748256193,1,0.5792842071358446,1.1542251290764707,0.695164661351142,1.9164317789143999,Rv0029
TTP_baseline,-0.028007298452850136,0.9723812698964981,0.21868730771499698,-0.07837562908831343,0.6119746017148703,1,0.8980935229267261,0.9246170482460555,0.2786430218732292,3.0681431753069317,Rv0029
smear_pos_no_contam_sputum_specimen_1,-0.12571978993629002,0.88186191875021,0.21021432355441752,-0.28625501552955435,0.4786430559906192,1,0.5498030361459576,0.7510710567393705,0.2939404254438441,1.9191226637840075,Rv0029
bl_prevtb,0.2227757773477686,1.2495403670676426,0.1718421248960153,0.4611441320022479,0.3557118662990431,1,0.19483842017669128,1.585887411936721,0.7897504142101935,3.1845996381712167,Rv0029
Lineage_2,0.008610173105684639,1.008647347261515,0.17772705198970742,0.017197552890708952,0.3549836152173084,1,0.9613607622015719,1.0173462821733832,0.507348290345,2.040005805771421,Rv0029
screen_sex,-0.021432388844226942,0.9787956527373765,0.1862494514829844,-0.04388464526856247,0.3813616470474186,1,0.9083868107081486,0.9570643530070102,0.4532371690280148,2.020955557905954,Rv0029
peth_value_baseline,-0.22588723908204025,0.7978080581627844,0.27729267141674513,-0.0006431877867395043,0.0007895588096627508,1,0.41529175200887114,0.9993570190141854,0.997811703202815,1.0009047280636278,Rv0029
HIV_High_CD4,-0.04400509308835797,0.9569490836343982,0.19015215260895688,-0.11705915527861094,0.5058289574372673,1,0.8169881943695465,0.8895325710599146,0.3300649934077855,2.397310259433884,Rv0029
high_lung_involvement,-0.023327827814572825,0.9769421624569451,0.19415572897646388,-0.046653022765757564,0.3882895448320632,1,0.9043642556955096,0.9544185016362738,0.4458884161761937,2.042920702173344,Rv0029
HIV_Low_CD4,0.3012537887407532,1.3515523067738153,0.1357965723308406,1.0112459483112224,0.4558406854835929,1,0.02652623039685101,2.7490240239681585,1.1250355352825279,6.717239453646483,Rv0029
fstrom1_baseline,-0.005777119846548995,0.9942395356213319,0.1778647757941676,-0.012385649618801512,0.3813268291169707,1,0.9740889428064244,0.9876907368488657,0.467772832744935,2.085484498816521,Rv0029
diabetes,0.22903033185684243,1.257380177106965,0.14425562055166063,1.0726897310166716,0.6756376832389456,1,0.11236096332475749,2.9232316419844464,0.7776056229284833,10.989225104259553,Rv0029
Indel_Sample1,-0.08877140942823862,0.9150547225510202,0.1995491771121028,-0.3612781818737041,0.8121169232953646,1,0.6564210667707251,0.6967851385085602,0.1418481580839184,3.422741160721751,Rv0029
underweight,0.2978917176800446,1.3470159219732991,0.19916292687542778,0.5975735424058488,0.3995226743990777,1,0.13472697040824513,1.8177028660951486,0.8307083483390739,3.9773811302325948,Rv1215c
screen_years,-0.010141092024108695,0.9899101554681333,0.19439653943999818,-0.0007946401044774283,0.015232608681926203,1,0.9583955955293547,0.9992056755383575,0.9698149445384491,1.029487107463812,Rv1215c
smoked_substance_use,0.16498819563836273,1.1793791968106744,0.2060731308880592,0.33702096116632974,0.4209450523034873,1,0.4233462575748903,1.4007684251707586,0.6138429404810458,3.1965052484234833,Rv1215c
F2,0.09903727774462168,1.1041074574275738,0.14093160316789521,0.1801461245023031,0.2563507671935335,1,0.48222220478342026,1.1973923186954818,0.7244865031364068,1.9789856107243382,Rv1215c
TTP_baseline,-0.08127301827532485,0.9219419500800147,0.22849033372219094,-0.22743442913489428,0.639407391477738,1,0.7220685014170487,0.7965746518741224,0.22748979747057033,2.7892731149425134,Rv1215c
smear_pos_no_contam_sputum_specimen_1,-0.18224368108266206,0.8333982322864038,0.21350799070718063,-0.4149558934589169,0.4861425017218058,1,0.39334415528075417,0.6603694066730207,0.25467229239081796,1.7123486390127625,Rv1215c
bl_prevtb,0.2642345611578582,1.3024336608219536,0.17339614819468402,0.546963493072762,0.3589286824794537,1,0.1275392107849109,1.7279979656110696,0.8551111678626432,3.4919167020347386,Rv1215c
Lineage_2,0.11855580265595907,1.1258696988685355,0.18123893934870808,0.2367977579138565,0.3619980930752218,1,0.5130210341099217,1.2671848137581638,0.6233136305866135,2.5761627428363796,Rv1215c
screen_sex,0.008572227269558325,1.008609074020726,0.19235799850577365,0.017552366916271014,0.3938694183999175,1,0.9644548983739741,1.0177073149491103,0.4702844720187922,2.2023439865127856,Rv1215c
peth_value_baseline,-0.21924494954879942,0.803124968959021,0.2832326001037139,-0.0006242746355534096,0.0008064720695754738,1,0.4388829442708868,0.9993759201833147,0.9977974982279184,1.0009568390540406,Rv1215c
HIV_High_CD4,-0.06202036486341087,0.9398637463993736,0.19300518319647358,-0.1649820739250486,0.5134183823678806,1,0.7479524354927991,0.8479089036302397,0.3099750054398511,2.3193789700406766,Rv1215c
high_lung_involvement,-0.043262889344718614,0.9576595984675119,0.1959078486697962,-0.08652089588258852,0.39179358646813445,1,0.8252225812345997,0.9171163846281871,0.42552898444505033,1.9766043999338676,Rv1215c
HIV_Low_CD4,0.2715452189329881,1.311990197311972,0.13845393173711373,0.911520494321739,0.4647608851067517,1,0.04984780757410266,2.4881028049025833,1.0006060816828726,6.1869057974865855,Rv1215c
fstrom1_baseline,-0.03923343024801948,0.9615262336405036,0.1768878417171451,-0.084113110564243,0.37923236621849093,1,0.8244708691735535,0.919327264588345,0.437186723554792,1.9331845499410867,Rv1215c
diabetes,0.2082005726839834,1.23146014204598,0.14850325615071658,0.9751311736713395,0.6955319699531445,1,0.16091724234622928,2.6515149971287,0.6783537055090706,10.364109052404078,Rv1215c
Indel_Sample1,0.3183829204894898,1.3749026388322068,0.08541172371531852,2.5446413032202133,0.6826440300600473,1,0.00019329230440595654,12.73865795088235,3.342381544057086,48.55023409224719,Rv1215c
underweight,0.3147079876989593,1.3698592367987121,0.1956265114506746,0.6313071356843615,0.3924285923304442,1,0.10767790909445871,1.8800664757991536,0.8712391487536743,4.057037563658886,Rv3705A
screen_years,0.018533175409651763,1.0187059805972045,0.18831863345607647,0.0014522306284976802,0.014756353478385435,1,0.9216036197424321,1.001453285626035,0.9729041701195364,1.030840152702766,Rv3705A
smoked_substance_use,0.12763121071199562,1.1361339314036683,0.20174218116499365,0.260711944527609,0.41209823248839006,1,0.5269654015326299,1.2978537577059215,0.578691505417692,2.9107466769804833,Rv3705A
F2,0.06950738241917917,1.0719799749810863,0.14052511825276662,0.12643204510732461,0.25561138214785517,1,0.6208641191730063,1.134772335223647,0.6875937755514975,1.8727747378982569,Rv3705A
TTP_baseline,-0.034449444405338966,0.9661371820916176,0.21885375513514177,-0.09640333149435047,0.6124403882057001,1,0.8749229038079073,0.9080976778023879,0.27341501544108304,3.0160793879580754,Rv3705A
smear_pos_no_contam_sputum_specimen_1,-0.14767328874757268,0.8627129269248066,0.2101403379768871,-0.336241570123198,0.478474596095358,1,0.4822199672779879,0.7144504950739837,0.27970087624183326,1.8249478398849468,Rv3705A
bl_prevtb,0.2076767813546539,1.2308152828017453,0.17199459113040674,0.42988932735407087,0.3560274702222126,1,0.22725461025427263,1.5370874006048278,0.7649753317236665,3.0885148567791534,Rv3705A
Lineage_2,0.05377011504070736,1.0552419900077898,0.172738695375695,0.10739788689516029,0.34502010743945,1,0.7555877088840709,1.1133771645425696,0.5661880015995031,2.189394171234483,Rv3705A
screen_sex,-0.017189873884086722,0.9829570290459644,0.18648655853158155,-0.035197733817603376,0.38184714396491054,1,0.926556975405376,0.9654145022880075,0.456756714336337,2.0405286490034946,Rv3705A
peth_value_baseline,-0.22193796092397397,0.8009650539251697,0.2824742351800415,-0.0006319426739654145,0.0008043127131692424,1,0.4320475069377845,0.9993682569597516,0.9977940700234881,1.0009449274390476,Rv3705A
HIV_High_CD4,-0.04264952548294141,0.9582471724369943,0.18969724893289827,-0.11345317270530983,0.5046188556895984,1,0.8221119656571245,0.8927460003124357,0.3320439445319779,2.4002709105182785,Rv3705A
high_lung_involvement,-0.04095293866851982,0.9598743018475643,0.1948633827390129,-0.0819012552396154,0.389704772488787,1,0.8335409948055159,0.9213629339667508,0.42925309287910135,1.9776436563193585,Rv3705A
HIV_Low_CD4,0.30929117746834056,1.3624590301225563,0.13510618087677254,1.0382257808960649,0.4535231857980509,1,0.022065109121173068,2.824201813823405,1.1610638194420806,6.869661901131435,Rv3705A
fstrom1_baseline,-0.025486969374560388,0.9748350815937931,0.17696902563144923,-0.05464187707772743,0.37940641757002286,1,0.8854851660404923,0.9468241666821221,0.45010932061648107,1.9916850452806862,Rv3705A
diabetes,0.21623706545419916,1.2413966363776083,0.14518227912686413,1.012771005907135,0.6799777945670846,1,0.13637739382810093,2.7532196424039594,0.7261773707046774,10.438521916433714,Rv3705A
Indel_Sample1,-1.949249645140904,0.14238086768992864,334.0651525373789,-15.693872623588096,2689.638017875422,1,0.995344419015413,1.5284024313494994e-07,0.0,inf,Rv3705A
underweight,0.3242092176210841,1.3829366115626118,0.1950674885290956,0.6503666908341116,0.3913071871764653,1,0.09650552642846948,1.916243369077891,0.8899577378693921,4.126025869864257,Rv3773c
screen_years,0.015163194336911988,1.0152787388373694,0.18643489013603165,0.0011881641842367867,0.014608746299090498,1,0.9351776194690323,1.0011888703309462,0.9729287248874305,1.0302698732535964,Rv3773c
smoked_substance_use,0.21015254285468796,1.2338662630839312,0.2034019316705973,0.42927805659308005,0.41548860056006065,1,0.3015156793536279,1.5361481111290942,0.6804066556841535,3.468148054714041,Rv3773c
F2,0.05333346999144121,1.0547813243980733,0.14101496317004947,0.09701213668244003,0.2565023967785602,1,0.7052735397514547,1.1018737466316104,0.6664945456606713,1.8216589489302784,Rv3773c
TTP_baseline,-0.04323391506256628,0.9576873463689096,0.2229773214167554,-0.12098579578047507,0.6239797768387346,1,0.8462590563720397,0.8860465451031276,0.2608098488973492,3.0101565696554036,Rv3773c
smear_pos_no_contam_sputum_specimen_1,-0.14712153905019434,0.8631890598621849,0.21364154721632003,-0.33498527532449124,0.48644660038930393,1,0.49105153974909244,0.7153486195513094,0.2757107162434852,1.856016532349984,Rv3773c
bl_prevtb,0.2423706067056887,1.274266356973917,0.17064213725654626,0.5017052768608486,0.35322790118845326,1,0.15550743647767137,1.651535195511576,0.8264559271682419,3.3003193665258905,Rv3773c
Lineage_2,0.09226294258316578,1.0966531409832243,0.17352518080646218,0.18428164166395938,0.34659099627378254,1,0.5949353729694387,1.2023544085104654,0.6095561385483591,2.371653785830688,Rv3773c
screen_sex,-0.05594170230742397,0.9455942602470547,0.18542415286564778,-0.11454540972188926,0.3796717776947445,1,0.7628839120442731,0.8917714424054874,0.42371745739270056,1.87685518171351,Rv3773c
peth_value_baseline,-0.21896807195773582,0.8033473670528528,0.27044118277027995,-0.0006234862586370434,0.0007700499881981161,1,0.4181299506468328,0.9993767080685315,0.9978695162073484,1.000886176407019,Rv3773c
HIV_High_CD4,-0.02432853738791412,0.9759650160837832,0.1897279811878703,-0.06471700968965267,0.5047006074041013,1,0.89796813418871,0.9373326819150491,0.3485714587483118,2.5205521982235832,Rv3773c
high_lung_involvement,-0.018572857383583753,0.9815985552840008,0.20239757745871517,-0.03714361856701522,0.40477231159160665,1,0.926885366264172,0.9635377435014852,0.43583882507956445,2.130156676570631,Rv3773c
HIV_Low_CD4,0.324835150140722,1.3838025075283376,0.13629033860948234,1.0904036454510997,0.4574981555880398,1,0.01715328533916859,2.9754748670941007,1.2137609200142156,7.294229480221658,Rv3773c
fstrom1_baseline,0.03331060305389556,1.0338716130558216,0.17744581674927087,0.07141507688523788,0.3804286168464016,1,0.8510940556622927,1.0740269371154594,0.5095581451634232,2.2637924103433944,Rv3773c
diabetes,0.27578398483649663,1.3175632196503406,0.14994309269452932,1.2916658073825746,0.7022756089391626,1,0.06587729442602039,3.6388431215521733,0.9187243994761031,14.41256950486812,Rv3773c
Indel_Sample1,-2.633029750202531,0.07186041298737836,384.07464757619186,-16.438099459862705,2397.7918427938507,1,0.9945301327667048,7.261462712467064e-08,0.0,inf,Rv3773c
underweight,0.29493398045678093,1.3430376890245883,0.19565622211765604,0.591640294164588,0.3924881922033564,1,0.13170581357866268,1.8069499152700887,0.837258490090098,3.8997132127537153,Rv1895
screen_years,0.014724065509040436,1.0148329985506883,0.18705676912752858,0.0011537547363361727,0.014657475763885871,1,0.9372597737820575,1.001154420567376,0.9728023326848642,1.0303328231700417,Rv1895
smoked_substance_use,0.16262247428031276,1.1765924119335103,0.19931868104316594,0.3321885082574604,0.4071477550479593,1,0.4145620315623203,1.394015607198633,0.6276287636301157,3.0962244334910975,Rv1895
F2,0.07286644023261526,1.0755868721885518,0.14150887505728815,0.1325420802461141,0.25740080911740804,1,0.6066055155442471,1.1417270592339914,0.6893857913945011,1.890872562299659,Rv1895
TTP_baseline,-0.02396470215955939,0.9763201711433195,0.21922077487481487,-0.06706282688533968,0.6134674563120058,1,0.9129505397873103,0.9351364477807628,0.2809897894053718,3.1121421807482412,Rv1895
smear_pos_no_contam_sputum_specimen_1,-0.12133765510417396,0.8857348362070585,0.21264705677836568,-0.2762772063472795,0.48418221642950826,1,0.5682668504695195,0.7586026121526102,0.29368223999097115,1.9595257894466325,Rv1895
bl_prevtb,0.22100955942522124,1.247335354316118,0.1722584951596667,0.45748807459548396,0.35657374951681925,1,0.19948819120444872,1.5800999026977098,0.7855402099859535,3.1783423315147115,Rv1895
Lineage_2,0.03471441952871917,1.0353239982617037,0.17880360113700802,0.06933694114944706,0.35713386361218985,1,0.8460597441585231,1.0717972809227692,0.5322550063768721,2.158268870429468,Rv1895
screen_sex,-0.026121743073371347,0.9742164782806472,0.18610580260335113,-0.053486498257529096,0.3810675137069053,1,0.8883758463529875,0.9479187394721058,0.4491649436961965,2.0004899074450964,Rv1895
peth_value_baseline,-0.22436318612351286,0.7990248869143627,0.2773435576160754,-0.000638848222214954,0.0007897037022297493,1,0.41853122387346475,0.9993613557978623,0.9978157499165191,1.000909355806118,Rv1895
HIV_High_CD4,-0.03757068288681148,0.9631263387648535,0.18982498189239805,-0.09994280419177781,0.5049586416391533,1,0.8431055024763654,0.9048891724234467,0.33633635759231023,2.4345402924346566,Rv1895
high_lung_involvement,-0.02702141054319224,0.9733404015545318,0.19456477783305187,-0.05403977135183229,0.3891075963784993,1,0.8895439430569785,0.9473944265954488,0.44189779955594577,2.0311397803882603,Rv1895
HIV_Low_CD4,0.30461600317037607,1.3561041633128765,0.13618130945553436,1.0225321987963096,0.4571321675264836,1,0.02529670176001257,2.780225942821849,1.1349284556416888,6.810699172018989,Rv1895
fstrom1_baseline,0.0001773725532126916,1.000177388284654,0.17814424987781885,0.0003802715461056159,0.38192599759011703,1,0.9992055718978725,1.0003803438584957,0.47322660328892063,2.1147602975470177,Rv1895
diabetes,0.23219202977131476,1.2613619246151133,0.14496590621162656,1.0874979044927995,0.6789643872931932,1,0.10922175488529173,2.9668414572033175,0.7840771629167576,11.226124989326838,Rv1895
Indel_Sample1,0.015252662715335567,1.0153695782433476,0.1970941993221003,0.06042377560882739,0.7807932225280364,1,0.938315141776918,1.062286622333182,0.22994783044971664,4.907429940874357,Rv1895
underweight,0.3183480420224208,1.374854685172075,0.19505134027206095,0.6386091183428956,0.39127479362341505,1,0.10265329303785946,1.8938449324069195,0.8796111138902662,4.07753900714221,"Rv2219A_c.-75delC,glnA1_c.-124delG"
screen_years,0.02769099853841624,1.0280779577433845,0.18777760147100372,0.002169823320737036,0.014713959058521997,1,0.8827634293901018,1.0021721790909188,0.9736834710895792,1.0314944295192214,"Rv2219A_c.-75delC,glnA1_c.-124delG"
smoked_substance_use,0.12246363909549417,1.130278021395622,0.20035832749690746,0.2501561593312758,0.40927143817424266,1,0.5410518891143945,1.2842259448949203,0.5757964193486869,2.864269769872462,"Rv2219A_c.-75delC,glnA1_c.-124delG"
F2,0.05680752719961467,1.0584520675551354,0.14450698358409264,0.1033313526039997,0.26285428728482935,1,0.6942362612253102,1.1088587714507945,0.6624212582507409,1.8561719747193661,"Rv2219A_c.-75delC,glnA1_c.-124delG"
TTP_baseline,-0.03754857601459491,0.9631476307111013,0.22285382008400498,-0.10507594195379283,0.6236341706866864,1,0.8661980364278061,0.900256152779074,0.26517204001712974,3.056359714863696,"Rv2219A_c.-75delC,glnA1_c.-124delG"
smear_pos_no_contam_sputum_specimen_1,-0.12673980479803773,0.8809628650890736,0.21204466803168776,-0.28857751678602267,0.482810620118995,1,0.5500379012200713,0.749328717342299,0.2908728806305085,1.9303742769581598,"Rv2219A_c.-75delC,glnA1_c.-124delG"
bl_prevtb,0.21839372263785475,1.2440767924012672,0.17020706803623004,0.4520733127253611,0.3523273112753479,1,0.1994549164772973,1.5715671602259615,0.7878279676336946,3.1349779908410813,"Rv2219A_c.-75delC,glnA1_c.-124delG"
Lineage_2,0.1730486045563725,1.1889238907979691,0.20114446950047354,0.3456391053922901,0.40175645837180063,1,0.38961268601419863,1.4128926184682875,0.642885216209824,3.105166367164733,"Rv2219A_c.-75delC,glnA1_c.-124delG"
screen_sex,-0.037049162650762704,0.9636287596403302,0.18781506050730326,-0.07586132242388588,0.3845673651388949,1,0.8436208973162658,0.9269447440968422,0.4362239556664988,1.969691364831084,"Rv2219A_c.-75delC,glnA1_c.-124delG"
peth_value_baseline,-0.19867148660114678,0.8198191706821011,0.2780179944118859,-0.0005656940793757234,0.0007916240829991805,1,0.47485662759849756,0.999434465895353,0.9978849910188214,1.0009863467329068,"Rv2219A_c.-75delC,glnA1_c.-124delG"
HIV_High_CD4,-0.02329924062672555,0.9769700908852549,0.18970807965369674,-0.06197894913939285,0.5046476667871043,1,0.9022525822945568,0.9399026723429765,0.3495634457342486,2.527200839383749,"Rv2219A_c.-75delC,glnA1_c.-124delG"
high_lung_involvement,-0.03935183174390727,0.9614123942356162,0.19550518526399827,-0.07869922209713402,0.3909883051025933,1,0.8404774483909534,0.9243178970376369,0.4295478142075241,1.9889836393657392,"Rv2219A_c.-75delC,glnA1_c.-124delG"
HIV_Low_CD4,0.3030037061581281,1.3539194822726839,0.1378629438529024,1.0171200550090886,0.46277706241058625,1,0.02795895157523538,2.765219605116603,1.1163826480782029,6.849299814614807,"Rv2219A_c.-75delC,glnA1_c.-124delG"
fstrom1_baseline,-0.0033346575817439785,0.9966708962137992,0.1777180157841606,-0.007149219940595983,0.3810121882387683,1,0.9850295668170668,0.9928762749399348,0.47051878903859407,2.0951411937297593,"Rv2219A_c.-75delC,glnA1_c.-124delG"
diabetes,0.24157434648813775,1.273252113221859,0.14557585382504334,1.1314410569725892,0.6818211466405939,1,0.09702722856282042,3.1001207333436085,0.814725661274613,11.796300298521583,"Rv2219A_c.-75delC,glnA1_c.-124delG"
Indel_Sample1,0.2912672571283762,1.3381221588512773,0.16463106654071338,0.8964054862860087,0.5066693479904888,1,0.07685850374749327,2.4507779047079175,0.9078753515384046,6.61578963238375,"Rv2219A_c.-75delC,glnA1_c.-124delG"
underweight,0.31563233277390984,1.3711260448313074,0.19460990415993426,0.6331613804587559,0.39038926869736545,1,0.1048307818233795,1.8835558132805537,0.8763519265033037,4.048353628774264,frdB
screen_years,-0.0016267136286135316,0.9983746087528588,0.18775791413729692,-0.00012746673481743944,0.014712416389855104,1,0.993087303629659,0.9998725413887217,0.9714521423493289,1.029124395778663,frdB
smoked_substance_use,0.20047676413362744,1.2219852180249278,0.2023922924376239,0.4095133683862208,0.4134262131061499,1,0.321912413635947,1.5060846983284824,0.669792631607849,3.3865572887747697,frdB
F2,0.060320824430131585,1.0621772643026655,0.1400536026311439,0.10972194506287479,0.25475370800926805,1,0.666687880374861,1.1159677269784436,0.6773371341245086,1.8386471151727912,frdB
TTP_baseline,-0.03031920834110164,0.9701358086756261,0.22047268891902683,-0.08484527814040772,0.6169708128012006,1,0.8906204872806613,0.9186544093247909,0.27414836233941237,3.078354787788405,frdB
smear_pos_no_contam_sputum_specimen_1,-0.14429126959598176,0.8656355780111791,0.21160640918386367,-0.3285409531777631,0.48181273590877305,1,0.4953115715496439,0.7199734424216837,0.28002495274093153,1.8511270253551224,frdB
bl_prevtb,0.23817935937614235,1.2689367681225137,0.17121866410565661,0.49302942738205546,0.3544213072964879,1,0.16420028329825676,1.6372687012118619,0.81740256466134,3.2794719711683338,frdB
Lineage_2,0.051065822038879036,1.0523921616012648,0.17297906422177095,0.10199645984368655,0.3455002088140601,1,0.7678304936771688,1.107379551424284,0.5626083697743778,2.1796502448131467,frdB
screen_sex,-0.03409181179550839,0.9664827660458657,0.18552463499138752,-0.06980589415777946,0.37987752342266917,1,0.8542025622197643,0.9325748205597162,0.442926180349373,1.9635231208414567,frdB
peth_value_baseline,-0.22063970976252315,0.8020055830246184,0.2731131601500145,-0.0006282460539413756,0.0007776581347409375,1,0.41916588447914727,0.99937195125129,0.9978498868216887,1.0008963373528765,frdB
HIV_High_CD4,-0.03162049480483912,0.9688742051116573,0.18976961633696013,-0.08411454564847716,0.5048113622063367,1,0.8676645721919618,0.9193259452772282,0.3418009822461347,2.4726675391800357,frdB
high_lung_involvement,-0.021087418661520634,0.979133366299739,0.1983446840926723,-0.042172457320368735,0.39666698228378877,1,0.9153308164529658,0.9587044307178507,0.44059664623655,2.0860671394774504,frdB
HIV_Low_CD4,0.3256039611300528,1.3848667991703214,0.1356483287504224,1.0929843831116208,0.4553430627957997,1,0.016379238886183537,2.983163704309992,1.2220482927717644,7.282253687804613,frdB
fstrom1_baseline,0.025315379790573175,1.0256385351889552,0.1779243594619247,0.05427400372180751,0.3814545713919182,1,0.8868575031651086,1.0557738484898573,0.49989199297491277,2.229798506116548,frdB
diabetes,0.2631676552176177,1.3010448276213904,0.14864997475498676,1.2325757859187274,0.6962191433020793,1,0.07666306079834843,3.4300532502745615,0.876350932579104,13.42528987228195,frdB
Indel_Sample1,-0.20470681942137472,0.814886190197882,0.19819138045686888,-1.1159079338500937,1.0803906508716403,1,0.30166264203105997,0.3276176886344933,0.039421863761158325,2.7226858313066735,frdB
underweight,0.3183013942817227,1.3747905528030504,0.19504469144069486,0.6385155425433693,0.3912614560061653,1,0.10269195308808472,1.8936677226445926,0.8795517997104931,4.077050885424021,Rv1725c
screen_years,0.027073832894420256,1.0274436591023137,0.18769423313850503,0.0021214631864774364,0.014707426446423675,1,0.8853075198797901,1.0021237150816593,0.9736488509775848,1.0314313413103247,Rv1725c
smoked_substance_use,0.12117377477646882,1.1288210559511178,0.2004385334794023,0.24752135681773763,0.40943527472756164,1,0.5454824828143949,1.2808467169015008,0.5740969263686838,2.857650401604456,Rv1725c
F2,0.054340065320397014,1.055843596901858,0.144517499981915,0.09884310630905982,0.26287341632749456,1,0.7069092551718961,1.1038930921100347,0.6594300865753914,1.8479289671732857,Rv1725c
TTP_baseline,-0.03784238639299307,0.9628646895088351,0.22292608072118908,-0.10589814097018127,0.6238363848669352,1,0.8652043365456611,0.8995162672640137,0.26484911631264685,3.0550583907458835,Rv1725c
smear_pos_no_contam_sputum_specimen_1,-0.12596966989603225,0.881641586658888,0.21208233126211565,-0.28682397441655844,0.4828963766145833,1,0.5525349297126003,0.7506438497300038,0.2913344145166548,1.9340872930247948,Rv1725c
bl_prevtb,0.21893080914586213,1.2447451487279075,0.1701919817081864,0.45318507763308064,0.3522960826932569,1,0.19831201677021115,1.573315345050029,0.788752609809643,3.138273197685245,Rv1725c
Lineage_2,0.17440013411352492,1.1905318429302425,0.2011922565139136,0.3483385866637107,0.4018519058942879,1,0.38603339052379915,1.4167118482807557,0.6445024365980977,3.114142549488382,Rv1725c
screen_sex,-0.037507245529307814,0.9631874388927217,0.18782690136159766,-0.07679928621199478,0.38459161029859984,1,0.8417226536857042,0.9260757111177469,0.4357942759432213,1.9679382453246763,Rv1725c
peth_value_baseline,-0.1982370865726614,0.8201753775157261,0.2780051966801142,-0.0005644571755381426,0.0007915876429381705,1,0.47580261822090464,0.9994357021004439,0.9978862965776011,1.000987513365787,Rv1725c
HIV_High_CD4,-0.022596304899668282,0.9776570794925348,0.18972001890525794,-0.06010905052881022,0.5046794267177016,1,0.9051934137246899,0.9416618392633834,0.3501959056594293,2.5320884830311323,Rv1725c
high_lung_involvement,-0.03856393204832846,0.9621701892623932,0.19546840902818274,-0.07712351163119817,0.3909147567816618,1,0.8436007259766551,0.9257755025023576,0.4302872130462613,1.9918330246577605,Rv1725c
HIV_Low_CD4,0.3031693892594322,1.3541438224355966,0.13793077440240425,1.0176762185202524,0.46300475537551855,1,0.027950373241463464,2.766757947106512,1.116505338016435,6.856169224839263,Rv1725c
fstrom1_baseline,-0.003254879561790317,0.9967504118162012,0.17774080626601055,-0.006978182706009608,0.38106104907779104,1,0.985389550881815,0.993046108275785,0.47055420714415575,2.0957002576741908,Rv1725c
diabetes,0.24184967173869062,1.2736027199421756,0.1455951884277098,1.132730574245534,0.6819117024615868,1,0.09669128984287294,3.1041209712110645,0.8156321655054998,11.813618211023517,Rv1725c
Indel_Sample1,0.2940752568482361,1.3418848858943297,0.1642321969833507,0.9087116551567758,0.5074881618748109,1,0.07335644620350293,2.481123930154442,0.9176429891618496,6.708465088811637,Rv1725c
underweight,0.2963200377977601,1.34490050696068,0.1943979408251823,0.5944207380173983,0.389964068286309,1,0.12743474202027422,1.8119810291779672,0.8437535823228114,3.8912726640663875,bioF2
screen_years,0.02322919303949194,1.023501091993494,0.18874974173393905,0.0018202032226850423,0.014790134448536123,1,0.9020526643093302,1.0018218607981264,0.9731978010082478,1.0312878222014343,bioF2
smoked_substance_use,0.13164254653832588,1.140700499041086,0.20162355696496428,0.26890588986121333,0.41185591914132424,1,0.5138126710600088,1.308531989124532,0.5837299143974649,2.933301727956877,bioF2
F2,0.07143758147405177,1.0740511079220303,0.14182076879179545,0.1299430248835452,0.2579681353687709,1,0.6144600161894185,1.1387635002932366,0.6868322256596858,1.8880627046213152,bioF2
TTP_baseline,-0.027075992622864833,0.9732872760610488,0.2202666657649165,-0.07576946268416729,0.6163942775692381,1,0.9021675213699961,0.9270298969107663,0.27696059284951685,3.102912298549714,bioF2
smear_pos_no_contam_sputum_specimen_1,-0.14051367364794104,0.8689117836577249,0.21256908629829427,-0.31993963601585274,0.4840046831947248,1,0.508595697705942,0.7261928716456548,0.281233109205202,1.8751564789769348,bioF2
bl_prevtb,0.20369440545429787,1.2259234606840594,0.1706329739422376,0.4216458401143898,0.35320893319887453,1,0.23257281090428272,1.5244685234676518,0.7628979935090643,3.046284429657541,bioF2
Lineage_2,-0.027423489517917038,0.9729491205120283,0.17915171446969458,-0.05477438207610579,0.3578291687329296,1,0.8783398312731544,0.9466987160590522,0.4694907579474387,1.908958683033746,bioF2
screen_sex,-0.013475114130621892,0.9866152687909322,0.18799364601930021,-0.027591446192663786,0.38493303421577907,1,0.942857717659076,0.9727857209354581,0.45746892058790384,2.068582183987038,bioF2
peth_value_baseline,-0.22260872684547764,0.8004279740102707,0.27842269328981667,-0.0006338526023448373,0.0007927764162458484,1,0.4239801797181745,0.999366348239779,0.9978147253708727,1.0009203839148566,bioF2
HIV_High_CD4,-0.043451764431052024,0.9574787375087755,0.19009272781227654,-0.11558723053831722,0.505670879905468,1,0.8191938630492968,0.8908428601454471,0.33065361127246923,2.4000977893998185,bioF2
high_lung_involvement,-0.023507676403042427,0.9767664765869122,0.19308613688605802,-0.04701269964433176,0.3861504813693002,1,0.9030993135889427,0.9540752810966981,0.4476007013017519,2.0336421264587967,bioF2
HIV_Low_CD4,0.29826207606794924,1.3475148930119942,0.13674342021834013,1.001203394717024,0.4590190557670117,1,0.029170071578222337,2.721554963492497,1.1068770451096732,6.69167497152021,bioF2
fstrom1_baseline,0.007736610009844228,1.0077666149058797,0.17707109270238072,0.01658662852156056,0.37962524061883496,1,0.965149826946249,1.0167249503504416,0.48313209663985335,2.1396417912505052,bioF2
diabetes,0.22735185510327346,1.2552714639173972,0.14506715759510228,1.0648283933383547,0.6794386097179047,1,0.11706375332657125,2.900341223476347,0.7657903728243756,10.984702225455436,bioF2
Indel_Sample1,-0.21515928926876823,0.8064129770127632,0.23671649018979637,-0.6899712181082621,0.7591006906448,1,0.36338580612953864,0.5015905055819279,0.11329262197843597,2.220736274757785,bioF2
underweight,0.32420921760473714,1.382936611540005,0.1950674884902121,0.6503666908013194,0.39130718709846457,1,0.09650552637884775,1.916243369015053,0.889957737976264,4.126025869098174,fadD14_c.-91_-90insG
screen_years,0.015163194305385855,1.0152787388053615,0.18643489011801195,0.0011881641817664483,0.014608746297678502,1,0.9351776195972575,1.0011888703284728,0.9729287248877196,1.0302698732482,fadD14_c.-91_-90insG
smoked_substance_use,0.210152542827965,1.2338662630509585,0.20340193166616416,0.42927805653849316,0.41548860055100506,1,0.3015156794045627,1.5361481110452406,0.6804066556590884,3.4681480544631706,fadD14_c.-91_-90insG
F2,0.05333346998733867,1.0547813243937458,0.14101496312608547,0.09701213667497763,0.2565023966985909,1,0.705273539685477,1.1018737466233877,0.6664945457601621,1.8216589486311632,fadD14_c.-91_-90insG
TTP_baseline,-0.04323391505965862,0.9576873463716943,0.22297732139736803,-0.12098579577233827,0.623979776784481,1,0.8462590563690497,0.8860465451103372,0.26080984892720455,3.0101565693598107,fadD14_c.-91_-90insG
smear_pos_no_contam_sputum_specimen_1,-0.14712153906616737,0.8631890598483971,0.21364154724751347,-0.3349852753608607,0.48644660046032917,1,0.49105153976532057,0.7153486195252925,0.27571071619507687,1.8560165325408517,fadD14_c.-91_-90insG
bl_prevtb,0.24237060669732222,1.274266356963256,0.17064213724205315,0.5017052768435302,0.35322790115845265,1,0.1555074364568355,1.651535195482974,0.8264559272025246,3.3003193662746746,fadD14_c.-91_-90insG
Lineage_2,0.09226294258597093,1.0966531409863005,0.17352518075280815,0.18428164166956224,0.34659099616661654,1,0.5949353728443583,1.202354408517202,0.6095561386798065,2.37165378534583,fadD14_c.-91_-90insG
screen_sex,-0.05594170231096639,0.9455942602437051,0.18542415286210473,-0.11454540972914265,0.37967177768748983,1,0.7628839120253131,0.8917714423990191,0.423717457395652,1.8768551816732095,fadD14_c.-91_-90insG
peth_value_baseline,-0.21896807195325765,0.8033473670564504,0.2704411827003355,-0.0006234862586242924,0.0007700499879989574,1,0.4181299505359668,0.9993767080685443,0.9978695162077507,1.000886176406641,fadD14_c.-91_-90insG
HIV_High_CD4,-0.024328537422402107,0.9759650160501241,0.189727981169618,-0.06471700978139512,0.5047006073555478,1,0.8979681340350992,0.9373326818290559,0.34857145874950424,2.520552197752478,fadD14_c.-91_-90insG
high_lung_involvement,-0.01857285733055669,0.9815985553360521,0.20239757757355673,-0.03714361846096709,0.40477231182127676,1,0.9268853665137043,0.9635377436036666,0.4358388249295936,2.13015667775541,fadD14_c.-91_-90insG
HIV_Low_CD4,0.32483515015326153,1.3838025075456897,0.13629033863126735,1.0904036454931922,0.4574981556611676,1,0.017153285352635016,2.975474867219346,1.2137609198913402,7.294229481574156,fadD14_c.-91_-90insG
fstrom1_baseline,0.03331060305353205,1.0338716130554457,0.17744581670379822,0.07141507688445853,0.3804286167489121,1,0.8510940556261859,1.0740269371146225,0.5095581452603903,2.263792409909074,fadD14_c.-91_-90insG
diabetes,0.2757839848130735,1.317563219619479,0.14994309278031717,1.2916658072728697,0.7022756093409598,1,0.06587729460368995,3.6388431211529744,0.9187243986518117,14.412569514637005,fadD14_c.-91_-90insG
Indel_Sample1,-2.658155733950289,0.07007734390646757,413.8398408601512,-16.571863004886037,2580.0208246288253,1,0.9948751023285096,6.352304999373962e-08,0.0,inf,fadD14_c.-91_-90insG
underweight,0.28610984442202436,1.3312386763643396,0.19592026514375718,0.5739389956188385,0.3930178649572135,1,0.14419715242655196,1.7752459835702494,0.8217148310520885,3.8352700755653375,echA4
screen_years,0.01785796407847576,1.0180183709430075,0.18675447097107487,0.0013993221250076728,0.014633788153315268,1,0.9238202471860611,1.0014003016330415,0.9730864268495157,1.0305380246207323,echA4
smoked_substance_use,0.1675795264201095,1.1824393216121254,0.1998569706674791,0.3423142658623727,0.4082473178734691,1,0.4017514743482735,1.4082027780426356,0.6326513655082752,3.1344831801537576,echA4
F2,0.07462467785292755,1.0774796730003282,0.14165858183523342,0.13574026683268567,0.25767312168973167,1,0.5983376947726249,1.1453843606491636,0.6912250841232602,1.8979423110544296,echA4
TTP_baseline,-0.022925810601841918,0.9773349889783163,0.21803274784067667,-0.06415559256112521,0.6101428812434301,1,0.9162579961901988,0.9378590642840181,0.28365015033108304,3.1009312825430477,echA4
smear_pos_no_contam_sputum_specimen_1,-0.12785790187363236,0.8799784135446651,0.21069713323651,-0.2911233442639407,0.47974237928025587,1,0.5439619710719723,0.7474234819330478,0.291883324699651,1.9139218107775264,echA4
bl_prevtb,0.21751926275764472,1.2429893726801655,0.17136536176402678,0.4502631875527274,0.3547249703120153,1,0.20432324914613254,1.5687250000576254,0.7827162955887461,3.1440486670266017,echA4
Lineage_2,0.05286490742348313,1.0542872091230804,0.17591970179479624,0.10558986797577198,0.35137369934366625,1,0.7637913005959833,1.1113659762457773,0.5581709911151502,2.212824300827776,echA4
screen_sex,-0.013968717764197749,0.9861283920812575,0.18689376216856954,-0.0286021417581553,0.3826809281637307,1,0.9404203978237411,0.9718030274067833,0.4590285003747941,2.057391040656279,echA4
peth_value_baseline,-0.2307854160793581,0.7939098080375065,0.277665922629945,-0.0006571347792069229,0.000790621599321394,1,0.4058820117551214,0.9993430810865653,0.9977957083875382,1.0008928534373944,echA4
HIV_High_CD4,-0.0448711576208858,0.9561206627583778,0.1896813173731447,-0.11936299729959952,0.5045764757104609,1,0.8129975609584077,0.887485587412536,0.3301148294103499,2.3859293727332314,echA4
high_lung_involvement,-0.023906149266580846,0.9763773391874742,0.1944853732364155,-0.047809600398313716,0.38894879614711775,1,0.9021704187488339,0.9533152806485216,0.44479791094338733,2.0431976004348638,echA4
HIV_Low_CD4,0.29392612109819,1.341684777807402,0.1364340853622178,0.9866485009393984,0.4579806833660115,1,0.03121310826518394,2.682229900379262,1.0931056399834986,6.58157544461773,echA4
fstrom1_baseline,-0.002648753557558469,0.9973547512949662,0.17813462721880133,-0.005678700522384078,0.3819053674342335,1,0.988136379062454,0.9943373928199266,0.47038702476023464,2.10190077259017,echA4
diabetes,0.2224484292386412,1.249131399332264,0.1453570814088072,1.041862637976832,0.6807965010295798,1,0.1259280422846001,2.834491732327182,0.7464146628786672,10.763914188991704,echA4
Indel_Sample1,-0.09786597745057829,0.9067704232944298,0.192977394263565,-0.3696099428848875,0.7288167505183305,1,0.6120586930203187,0.6910038090302378,0.1656191298590283,2.8830381158307254,echA4
underweight,0.29687256906044623,1.345643811866667,0.19487004294945823,0.5955291208435631,0.3909111095165183,1,0.12764898072415787,1.8139905112640387,0.8431228728444365,3.902825650850424,rplJ_c.-169_-168insA
screen_years,0.016411960617512378,1.0165473766430357,0.18792819772398345,0.0012860155561921062,0.01472575954528587,1,0.9304084002500548,1.001286842828788,0.9728008025337439,1.030607025622047,rplJ_c.-169_-168insA
smoked_substance_use,0.16424395649409704,1.178501783189756,0.20020122991121975,0.33550070578825525,0.4089505353416459,1,0.4119913392967539,1.398640517330456,0.6274899557107636,3.1174926051248177,rplJ_c.-169_-168insA
F2,0.07571220239481122,1.0786520959919323,0.14071986577806267,0.13771844450459894,0.25596562261909434,1,0.5905529374750911,1.147652376947161,0.6949155461658375,1.8953468311070831,rplJ_c.-169_-168insA
TTP_baseline,-0.020274093287121056,0.9799300442467499,0.21899647286055954,-0.05673502634494768,0.6128397695144865,1,0.9262394104753933,0.9448443950730182,0.2842563227750536,3.1405842522185883,rplJ_c.-169_-168insA
smear_pos_no_contam_sputum_specimen_1,-0.11731314104469513,0.8893066711372939,0.21098821835615164,-0.2671136742161899,0.480405159384213,1,0.5781988936784674,0.7655860391258776,0.29858802915114124,1.9629788406813944,rplJ_c.-169_-168insA
bl_prevtb,0.21741918146753783,1.242864978925006,0.17019955785432359,0.4500560200581036,0.3523117652570255,1,0.20144807355483307,1.568400044890846,0.7862642468156052,3.128564869604834,rplJ_c.-169_-168insA
Lineage_2,0.044624602080163,1.0456352569217984,0.1745454493182138,0.08913107147564386,0.34862883238673936,1,0.7982120016169377,1.093223937410779,0.5520211689050923,2.1650230908688286,rplJ_c.-169_-168insA
screen_sex,-0.01983798532750974,0.9803574927389783,0.18695399715793148,-0.0406199679964846,0.3828042644450999,1,0.9154938179838749,0.9601939650552029,0.45343536724650024,2.033305112759812,rplJ_c.-169_-168insA
peth_value_baseline,-0.25922134872469704,0.7716521999082999,0.28790729281581806,-0.0007381028084606097,0.0008197827163893629,1,0.36792659650205006,0.9992621695224105,0.997657899599427,1.0008690191693523,rplJ_c.-169_-168insA
HIV_High_CD4,-0.037112336527069356,0.9635678853991143,0.1895650835547952,-0.09872354446680216,0.5042672789417261,1,0.8447853193402557,0.9059931402219237,0.33720330561472395,2.434209737750984,rplJ_c.-169_-168insA
high_lung_involvement,-0.0170593473647206,0.9830853393794207,0.19548366364162148,-0.03411676934952764,0.3909452642868482,1,0.9304589812251601,0.9664586453010221,0.44916929770803143,2.0794883306655385,rplJ_c.-169_-168insA
HIV_Low_CD4,0.30218195154107075,1.3528073496996242,0.13534667412591028,1.01436159666578,0.45433047132565646,1,0.025571936798606944,2.7576023727648735,1.1318916229886768,6.7182852950176235,rplJ_c.-169_-168insA
fstrom1_baseline,0.005331123022305796,1.0053453587448653,0.17825703145660396,0.011429470667541875,0.3821677916251018,1,0.9761412679738085,1.0114950366240378,0.47825766817510806,2.1392698480277375,rplJ_c.-169_-168insA
diabetes,0.218005835838681,1.243594325013751,0.14734759051719348,1.0210552441238707,0.69011927789826,1,0.13899753191207884,2.7761227060184455,0.7178076192542405,10.736661289383,rplJ_c.-169_-168insA
Indel_Sample1,0.09689924098794138,1.101749356851402,0.14963108546392068,0.7563727955996127,1.1679852315358645,1,0.5172516958768214,2.1305343048239997,0.21592240052273537,21.022258056796353,rplJ_c.-169_-168insA
underweight,0.30037277839777266,1.3503620995818761,0.19562089536661853,0.6025505731657614,0.3924173264138555,1,0.12466495481042185,1.8267721795769727,0.846560801109776,3.9419455657546707,espG2
screen_years,0.012903545654013927,1.0129871556339356,0.1872381304646416,0.0010111016488420135,0.014671686954508049,1,0.9450571515507813,1.001011612984437,0.9726364776949673,1.0302145480954843,espG2
smoked_substance_use,0.16704479347511708,1.1818072013742253,0.19968973546407487,0.3412219682565266,0.40790570695534206,1,0.4028614840670688,1.406665441287114,0.6323839670814705,3.128965575840654,espG2
F2,0.06955819328465335,1.0720344445951986,0.1414910988010162,0.1265244686947478,0.2573684745889509,1,0.6229963010709972,1.1348772198006065,0.6852932211382726,1.8794090825574985,espG2
TTP_baseline,-0.02120622307263857,0.9790170478464593,0.2191678268974786,-0.05934349850640513,0.6133192866825905,1,0.9229186420109281,0.9423830063991117,0.28324948098618863,3.135348130763675,espG2
smear_pos_no_contam_sputum_specimen_1,-0.12193508755212716,0.8852058275148397,0.2109303125252102,-0.2776375175182842,0.4802733119277084,1,0.5632085329116943,0.7575713781035642,0.29553857428132513,1.9419271894281398,espG2
bl_prevtb,0.2227972854134918,1.249567242553,0.17171121419881924,0.46118865353155,0.355440882170755,1,0.19445523020117794,1.5859580196413712,0.7902051575325726,3.183050396581472,espG2
Lineage_2,0.04073379104827237,1.0415747921019054,0.17504012387009998,0.08135974937939984,0.34961687196101154,1,0.815985699240334,1.084761068501687,0.546688161355783,2.1524273963034015,espG2
screen_sex,-0.031330943960724444,0.9691547840745658,0.18659522924607663,-0.06415278164458833,0.38206965652715263,1,0.8666551833066812,0.9378617005312763,0.4435274664547178,1.9831569313040929,espG2
peth_value_baseline,-0.22773098912755332,0.7963384547262535,0.27833027067356264,-0.0006484376517424747,0.0007925132535358402,1,0.4132406123552014,0.9993517725385175,0.9978006869548609,1.000905269291578,espG2
HIV_High_CD4,-0.03673623526159081,0.9639303526581122,0.18965633123256914,-0.09772306717323673,0.5045100093924924,1,0.8464116014963695,0.9069000193671928,0.3373802942047613,2.437805821074559,espG2
high_lung_involvement,-0.021879607804963713,0.9783580146301095,0.19555747687909408,-0.043756746197910444,0.3910928824309633,1,0.9109159707574381,0.9571867684765595,0.4447314285455577,2.060134388844398,espG2
HIV_Low_CD4,0.30477767365318975,1.3563234230511412,0.13566419732558088,1.0230748927866167,0.4553963302829957,1,0.02466820126627693,2.7817351642183645,1.139414446175104,6.791251901206627,espG2
fstrom1_baseline,-0.0001097189137693662,0.9998902871051306,0.17774407917649124,-0.00023522794378493626,0.3810680659172412,1,0.9995074771425825,0.9997647997201388,0.47373133925345,2.109908236880846,espG2
diabetes,0.23452288278680902,1.2643054029357628,0.14478663521043292,1.0984147209422155,0.6781247510734383,1,0.1052789699175936,2.999407355367971,0.7939892410140766,11.330688148803247,espG2
Indel_Sample1,0.060760113585103734,1.0626439697573489,0.17166163382062521,0.38525791994925035,1.0884443770532666,1,0.7233742666757399,1.4699934131779073,0.17411246147198978,12.41083272568668,espG2
underweight,0.29590455248929803,1.3443418366263895,0.19483785282065025,0.5935872706436529,0.3908465358202367,1,0.1288324620101979,1.810471431295982,0.8415937502615758,3.8947613412292403,mce2D
screen_years,0.010784025851166093,1.010842383044452,0.18801508694753116,0.000845019393245382,0.014732568048898081,1,0.9542606270346793,1.0008453765227197,0.9723589200383889,1.0301663789615438,mce2D
smoked_substance_use,0.16337212395465808,1.1774747747421275,0.19930919592728938,0.33371981571135645,0.40712837982625255,1,0.41239179606239373,1.3961519089387213,0.6286144634895413,3.100851580812642,mce2D
F2,0.07157377592672247,1.0741973976865151,0.1419005428927513,0.1301907589023518,0.2581132422966886,1,0.6139845657246437,1.139045645698699,0.6868070397544837,1.889067682604073,mce2D
TTP_baseline,-0.021998934903698378,0.9782412769718214,0.21979722162565365,-0.061561823438731435,0.6150805850044773,1,0.9202749295442244,0.940294811683744,0.2816478865074789,3.1392187736366677,mce2D
smear_pos_no_contam_sputum_specimen_1,-0.11568554442800864,0.8907552822238959,0.21330955777173902,-0.2634077525389302,0.48569068404819055,1,0.5875867624490771,0.7684285047483984,0.2966079633359043,1.990783929968685,mce2D
bl_prevtb,0.22461201782665666,1.251836931546694,0.17255804266578767,0.4649451355577752,0.3571938105321959,1,0.19303240923126685,1.5919268463126366,0.7904587004156165,3.206025922263136,mce2D
Lineage_2,0.046385157542608364,1.0474777772387858,0.1834095628832611,0.09264752176192682,0.36633359395111564,1,0.8003417855441483,1.0970749720560942,0.5350724457111476,2.249365490522033,mce2D
screen_sex,-0.030478318908388344,0.9699814620961741,0.18696411122188153,-0.062406959084125684,0.38282497385420483,1,0.8705050901247853,0.9395004707314176,0.44364520660056844,1.9895653584717987,mce2D
peth_value_baseline,-0.22539641753046358,0.7981997356657691,0.27704170729649247,-0.0006417902291407415,0.0007888442183573176,1,0.4158838920277276,0.9993584156741572,0.9978144952144016,1.000904725045276,mce2D
HIV_High_CD4,-0.03591325782129585,0.9647239721130265,0.18977516499114927,-0.09553384230826835,0.5048261223335567,1,0.8499038694789438,0.9088876022787724,0.33791028067091644,2.444662742831888,mce2D
high_lung_involvement,-0.025060957694452837,0.9752504611967298,0.1948339504441115,-0.050119086918183564,0.3896459112208199,1,0.8976525931190669,0.9511161522648193,0.44316592096531987,2.041271434248723,mce2D
HIV_Low_CD4,0.30770817453101784,1.3603039596673532,0.13673900095756628,1.0329119711902226,0.4590042212330768,1,0.024427866440932346,2.8092343451730986,1.1425701345554302,6.907057490322723,mce2D
fstrom1_baseline,0.002203683827492723,1.002206113723278,0.17789513927395703,0.004724509181551532,0.38139192581426423,1,0.9901164228401741,1.0047356872717852,0.4757846565084037,2.1217451791862816,mce2D
diabetes,0.23552625154809706,1.2655746041137226,0.1455038534156404,1.1031141131927116,0.681483924495521,1,0.10551306367324882,3.013535918879211,0.7924944036773333,11.459259134494395,mce2D
Indel_Sample1,0.04930186426467022,1.0505374225878683,0.19344214261096535,0.17114488838362948,0.6715087634032545,1,0.7988264410035478,1.186662670202919,0.31822770366249703,4.425033636752706,mce2D
underweight,0.31979552585798676,1.3768462061045716,0.1943401944101022,0.641512784312298,0.3898482284432633,1,0.09985748058071567,1.8993520169862044,0.8846389326995331,4.077977976190723,end
screen_years,0.039777026845090394,1.0405787272014888,0.19184569315571595,0.0031168655893113423,0.015032728358088391,1,0.8357453923131197,1.0031217280654448,0.9739973066577102,1.0331170265449505,end
smoked_substance_use,0.1217884171975058,1.1295150905275617,0.19973033059825454,0.24877688530394237,0.40798863053109835,1,0.5420179800209546,1.282455866396165,0.5764503093602447,2.8531393297008525,end
F2,0.0825157870473279,1.0860158182868451,0.15170170817804293,0.150093980623783,0.2759412963583591,1,0.5864865730207567,1.1619434377661757,0.6765553462454604,1.9955685223098443,end
TTP_baseline,-0.04962610018981982,0.9515851555017052,0.2260550004008935,-0.13887368780407985,0.6325923542681424,1,0.8262363657046059,0.870337955813914,0.25189777738489944,3.007125212434494,end
smear_pos_no_contam_sputum_specimen_1,-0.10658068265755813,0.8989025193912137,0.21694286665874196,-0.24267663018487962,0.49396346983951067,1,0.6232251925783885,0.7845251645152557,0.297950700493308,2.065709973960986,end
bl_prevtb,0.22663985765520672,1.2543780319368452,0.16977795159742,0.4691427482816959,0.35143904357381034,1,0.18190277311758318,1.5986231831802638,0.8027875905546269,3.183402573569676,end
Lineage_2,-0.08843281420304805,0.915364608170799,0.175938659369335,-0.17663152422883,0.3514115643072167,1,0.6152213720607964,0.8380885429566741,0.4208892542166178,1.6688295051451771,end
screen_sex,-0.06668505146652484,0.9354897860810322,0.19000626849699928,-0.13654333399762605,0.38905405050263825,1,0.72561657469709,0.8723685162253169,0.40694580444317124,1.8700938055928178,end
peth_value_baseline,-0.25990691789239473,0.7711233602506518,0.2810534936052518,-0.0007400548873713983,0.0008002673158606945,1,0.3550909667841676,0.9992602188857069,0.9976941126477494,1.0008287834811085,end
HIV_High_CD4,-0.04526391615694961,0.9557452119421553,0.18974455477115484,-0.12040778505559353,0.5047446952476454,1,0.8114530988356488,0.8865588375499428,0.3296614009097295,2.3842238438255343,end
high_lung_involvement,-0.018286619518401548,0.9818795661749913,0.19200977651979564,-0.03657117514249607,0.3839978821187164,1,0.9241258188592063,0.964089472248709,0.4542111076312656,2.046335932531506,end
HIV_Low_CD4,0.3659014685737981,1.4418131717472777,0.14415702974659272,1.228254685602645,0.4839049920705664,1,0.01114196589005049,3.4152636228350626,1.322889460125948,8.817082579484744,end
fstrom1_baseline,0.017378898490772295,1.0175307901747475,0.17774793904159814,0.03725886829161154,0.3810763411370842,1,0.9221127742522173,1.0379616814300325,0.49182267914351735,2.1905546405327065,end
diabetes,0.23451681519669093,1.2642977316720667,0.14578313655983435,1.0983863026905414,0.6827919790156103,1,0.10768873371521709,2.999322118666018,0.7867369069562351,11.434487300618827,end
Indel_Sample1,-0.5004372030017624,0.6062655406471947,0.3014929732371757,-1.7859727352065102,1.0759756205736077,1,0.09694190156163955,0.16763391825161367,0.020346503505368835,1.381128238617197,end
underweight,0.2752166961995482,1.3168159929740122,0.1961735215508817,0.5520872394775395,0.39352589965358237,1,0.16063926813364016,1.7368745101368954,0.8031535596900898,3.75610993385541,Rv1894c
screen_years,0.022800720158679698,1.023062643470452,0.18711797452828802,0.0017866287581239332,0.014662271723328742,1,0.903016142977419,1.0017882257302073,0.9734090388704877,1.0309947916409308,Rv1894c
smoked_substance_use,0.18133529559884987,1.198817070000739,0.20191420702937338,0.3704131400410009,0.4124496292773204,1,0.36914241349542853,1.4483328553714712,0.6453430269802596,3.2504698621507586,Rv1894c
F2,0.07724218695132105,1.0803036801676118,0.14336056490301102,0.1405014449533223,0.2607689827696302,1,0.5900272002439639,1.15085074248925,0.6903225205160248,1.9186067267485487,Rv1894c
TTP_baseline,-0.02385478898545102,0.976427487489908,0.21952689580446605,-0.06675524583890854,0.6143241051772614,1,0.9134685688344734,0.9354241222672689,0.2806046985439718,3.118330851407221,Rv1894c
smear_pos_no_contam_sputum_specimen_1,-0.10758078458299294,0.8980039746438523,0.21331657534041712,-0.24495379110235777,0.485706662552704,1,0.6140333326805849,0.7827407069914124,0.3021229102695356,2.027926362270302,Rv1894c
bl_prevtb,0.2288153897220736,1.257109942170959,0.17237757189661182,0.4736460827939228,0.35682023743913266,1,0.18437371301390715,1.6058385525500931,0.7979504856286347,3.231676029151902,Rv1894c
Lineage_2,-0.003990891194242352,0.9960170618286193,0.176831050895737,-0.007971217483273825,0.3531939849724164,1,0.9819941116097104,0.9920604684231624,0.4964767086943952,1.9823366449478217,Rv1894c
screen_sex,-0.0033386931227067105,0.9966668741156869,0.18688899339767384,-0.006836259103708788,0.3826711636983393,1,0.9857468866388822,0.9931870549583162,0.46913816554569926,2.1026226356778572,Rv1894c
peth_value_baseline,-0.23680868900134255,0.7891422451682736,0.2826556122732458,-0.0006742853521891007,0.000804829163463723,1,0.40214340236046753,0.9993259419270925,0.9977508116969028,1.0009035587854191,Rv1894c
HIV_High_CD4,-0.07924653670222315,0.923812142768817,0.1955312358430415,-0.21080588618438553,0.5201380043080684,1,0.6852655510524821,0.8099312704723851,0.2922172806482414,2.2448660853793334,Rv1894c
high_lung_involvement,-0.035223256941842127,0.9653898622081709,0.19621302487015907,-0.0704425384589534,0.39240390442556566,1,0.8575330371053909,0.9319812910684199,0.43190913067393755,2.011045993740024,Rv1894c
HIV_Low_CD4,0.271966378888609,1.312542871419179,0.14136716305187078,0.9129342401886135,0.4745399931998175,1,0.05437590496003694,2.49162283758892,0.9829991183752776,6.3155543568092725,Rv1894c
fstrom1_baseline,-0.006101357844509312,0.9939172176415012,0.17738829726572405,-0.013080788086153388,0.38030530000541707,1,0.9725617778272533,0.9870043936032686,0.46838462175868756,2.0798669036876567,Rv1894c
diabetes,0.23479765827184731,1.2646528507989825,0.14476464975979614,1.0997016633255499,0.6780217797030584,1,0.10481903257523366,3.003269904724614,0.7951721828109496,11.342990003422925,Rv1894c
Indel_Sample1,0.11450790295147092,1.1213215027783656,0.10559096220976456,0.9386887437310567,0.8655913269850355,1,0.2781662313882922,2.5566268264915526,0.4686781082671416,13.946332492685187,Rv1894c
underweight,0.29375069220980937,1.3414494281824392,0.19570955369469592,0.5892666069908161,0.3925951758404377,1,0.1333679160370066,1.8026658679381655,0.8350983320249875,3.8912833456982954,Rv2488c
screen_years,0.012533907662982333,1.0126127862916148,0.18815122557961467,0.0009821373941923286,0.014743235659108607,1,0.9468872994784825,1.0009826198490557,0.9724719243072155,1.0303291850339793,Rv2488c
smoked_substance_use,0.16067796620374641,1.1743067414582267,0.19986984875667935,0.3282164666309399,0.4082736239130222,1,0.42144723182393606,1.3884895014054408,0.6237627869063728,3.09076324523109,Rv2488c
F2,0.07328884471765966,1.0760413008770202,0.14150472748791298,0.1333104225580803,0.2573932648011056,1,0.6045105554491865,1.1426046335378794,0.689925880783336,1.8922979771391193,Rv2488c
TTP_baseline,-0.024967853372776336,0.975341265456453,0.2191875323021682,-0.06987004542299846,0.6133744302906606,1,0.9093084093129076,0.932514996623977,0.2802531890387762,3.102852181312016,Rv2488c
smear_pos_no_contam_sputum_specimen_1,-0.12155643420861974,0.8855410771288084,0.21121790829364093,-0.2767753507998943,0.4809281470272587,1,0.5649515005576746,0.7582248125768212,0.29541409409470715,1.9460983003161856,Rv2488c
bl_prevtb,0.22123803992767604,1.2476203786846174,0.17163878251043896,0.4579610274642309,0.355290949137347,1,0.1974068990760086,1.5808473922293231,0.7878902804093149,3.1718610314877367,Rv2488c
Lineage_2,0.03568784824627047,1.036332303050381,0.17573901047090537,0.07128122167086551,0.35101279503182914,1,0.8390779741341261,1.0738831826309085,0.5397273282142467,2.1366809306341294,Rv2488c
screen_sex,-0.027407187689928024,0.972964981490514,0.18651078852798514,-0.05611855581396747,0.38189675695041386,1,0.8831739095841153,0.9454270433732438,0.4472567585996174,1.998476886386481,Rv2488c
peth_value_baseline,-0.22246808847318258,0.8005405528139392,0.27740496316600377,-0.000633452150846228,0.000789878547430888,1,0.4225752539378872,0.999366748437611,0.9978207922724832,1.0009150998028418,Rv2488c
HIV_High_CD4,-0.03679360448490538,0.9638750543086777,0.18995304004128374,-0.0978756766179369,0.5052992926339144,1,0.8464120259605882,0.90676162841899,0.33680737769153685,2.4412073643056624,Rv2488c
high_lung_involvement,-0.026635448981865838,0.9737161460424181,0.1946177159544753,-0.05326789179020335,0.3892134666465575,1,0.8911411789166925,0.9481259832906479,0.4421472671876024,2.033130015501007,Rv2488c
HIV_Low_CD4,0.30378554941963,1.3549784490155772,0.13562466486390798,1.0197445392810145,0.45526362807911436,1,0.025097481441655838,2.772486412117897,1.1359215101963605,6.766912006138185,Rv2488c
fstrom1_baseline,0.0033435782108235295,1.0033491742035912,0.18060597065910322,0.007168345004484802,0.3872037158764226,1,0.9852295190494446,1.007194099090817,0.4715467676296009,2.1513029520758016,Rv2488c
diabetes,0.23228624809154566,1.2614807736156424,0.1446295192256532,1.0879391867621215,0.6773888804047571,1,0.10825683511543797,2.968150960643346,0.7868492317012695,11.196452598828655,Rv2488c
Indel_Sample1,0.019877056264328,1.0200759203728138,0.14599667936968486,0.1476456797947355,1.0844552979404622,1,0.8917048217707715,1.1591021302911846,0.13836673108729997,9.70983225438703,Rv2488c
underweight,0.24856641095510407,1.2821859707368242,0.19673327835530557,0.4986265206509964,0.39464877698333956,1,0.20642065777073604,1.646458340482261,0.7596702140337366,3.568423530191502,fadE5
screen_years,-0.015986775134918245,0.9841403350923771,0.1885053629849906,-0.0012526986870119764,0.014770985312118191,1,0.9324139814556057,0.9987480856124572,0.9702482640478995,1.0280850535645,fadE5
smoked_substance_use,0.18606707717940374,1.2045030523352849,0.20044751436035427,0.3800787380562846,0.40945361994989005,1,0.3532735779012659,1.4623997314135,0.6554484570418855,3.262824027521681,fadE5
F2,0.0909838355183696,1.0952513009458404,0.14531354362070034,0.1654971313251729,0.26432139813523037,1,0.5312356951543253,1.1799795777368935,0.7028840833169697,1.980912410628949,fadE5
TTP_baseline,-0.03587379985510008,0.9647620389099206,0.22167985223514608,-0.10038924804422159,0.6203489388447553,1,0.8714420391750584,0.9044852803795438,0.2681387185033169,3.0510089217612992,fadE5
smear_pos_no_contam_sputum_specimen_1,-0.13679856344340896,0.8721458905039304,0.21174223209722517,-0.3114805944454583,0.48212199501740877,1,0.5182393459481773,0.7323618222547615,0.284670661429857,1.884120534242243,fadE5
bl_prevtb,0.22212918145402757,1.2487326805487664,0.17290849825520552,0.4598056835150502,0.35791925088532345,1,0.19891000970698625,1.5837662032103228,0.7852892501078211,3.1941292792265354,fadE5
Lineage_2,-0.08942433343747026,0.9144574563588426,0.19243798069183538,-0.17861193789378563,0.3843665290473756,1,0.6421522491343828,0.8364304233770309,0.3937825239721626,1.7766554139922583,fadE5
screen_sex,-0.027329112035450173,0.9730409493338089,0.18814651206627359,-0.05595868924819292,0.38524604049304434,1,0.8845100024314083,0.9455781976297922,0.44440140760165203,2.0119606115970425,fadE5
peth_value_baseline,-0.230172424917053,0.7943966169230295,0.28114306008869344,-0.0006553893577719799,0.0008005223460628652,1,0.412956375432017,0.9993448253629221,0.9977780877846242,1.0009140230740585,fadE5
HIV_High_CD4,-0.06293535246107933,0.9390041760360004,0.1904057737408335,-0.16741605753368255,0.506503621967545,1,0.7409974173707563,0.8458476168439502,0.31344075544044053,2.2825946482780854,fadE5
high_lung_involvement,-0.007432312493498608,0.9925952388420357,0.19882550621536654,-0.014863786149210498,0.39762857226184584,1,0.9701811567372354,0.9852461346332182,0.4519419814527525,2.147864074696894,fadE5
HIV_Low_CD4,0.2547059369918261,1.2900821996363323,0.14078420773483663,0.8549945475223625,0.4725831341513008,1,0.07042087710514378,2.351361559793627,0.9312277752139252,5.937216792749762,fadE5
fstrom1_baseline,0.02427416049950683,1.024571176334201,0.17823457898623685,0.052041718836253636,0.382119655453717,1,0.8916693364620474,1.0534196890401728,0.49812758318320904,2.2277285553355,fadE5
diabetes,0.21169675724519646,1.2357730890184546,0.14706744496433363,0.991505953579952,0.6888071841886347,1,0.15002205860851775,2.6952903997900766,0.698701742351419,10.397269534139431,fadE5
Indel_Sample1,0.24624382838709338,1.2792114435818487,0.13789994610056402,0.9063970482041566,0.5075948701405703,1,0.07415266837179921,2.47538774452389,0.9153300063898377,6.6943555252894855,fadE5
underweight,0.2932483923731027,1.3407757875526656,0.19561348595476788,0.5882589888700159,0.39240246306511517,1,0.13384210181344605,1.800850383954767,0.8345724625287422,3.8858963732922622,Rv0021c
screen_years,0.014352256546802946,1.0144557446841833,0.18718937087394216,0.001124620367779448,0.014667866229269034,1,0.9388841690327255,1.0011252529903965,0.9727541808357955,1.030323787777448,Rv0021c
smoked_substance_use,0.16267100313161606,1.1766495119972027,0.19934448322152026,0.33228763801669714,0.40720046109105235,1,0.41448319433727177,1.3941538024796662,0.6276261450510141,3.0968512709274223,Rv0021c
F2,0.07279013702062472,1.0755048045864795,0.14168448868029723,0.13240328677117005,0.25772024553887823,1,0.6074281172623801,1.141568605964397,0.6888586974196766,1.8917941908913074,Rv0021c
TTP_baseline,-0.02334520475681591,0.9769251863369102,0.21942102454536,-0.06532922524074208,0.6140278350265086,1,0.9152693040257763,0.9367590078946328,0.2811683531843006,3.120968021235805,Rv0021c
smear_pos_no_contam_sputum_specimen_1,-0.11856364058847021,0.8881952885872734,0.212875936001619,-0.2699609726924635,0.4847033581339287,1,0.577553926742701,0.7634092875645166,0.295241357002833,1.973956989820266,Rv0021c
bl_prevtb,0.22274913813733535,1.2495070807422222,0.17234051570002584,0.4610889890431762,0.3567435313994842,1,0.1961860107214951,1.5857999638231683,0.7881116713785713,3.1908695386565205,Rv0021c
Lineage_2,0.03897855811724942,1.0397481892523777,0.17905222011043084,0.07785393006586572,0.35763044340130584,1,0.8276676950550483,1.080964750687625,0.5362853668344706,2.1788489197950147,Rv0021c
screen_sex,-0.026640217489632512,0.9737115028804837,0.18615609830695626,-0.05454811887312254,0.3811704984524363,1,0.8862057753721215,0.9469129433777735,0.4485977969698156,1.9987706769694416,Rv0021c
peth_value_baseline,-0.22483590541851667,0.7986472616955258,0.2770603423773728,-0.0006401942357318669,0.0007888972795947555,1,0.4170756143894244,0.9993600106448745,0.9978159839500439,1.0009064265762704,Rv0021c
HIV_High_CD4,-0.03669044362484898,0.9639744936173011,0.18981608198621738,-0.09760125558417679,0.5049349667545786,1,0.846728172713257,0.9070104970282634,0.3371404718857128,2.440134336640347,Rv0021c
high_lung_involvement,-0.027336858868136013,0.9730334113775756,0.1945954323736155,-0.054670632399075984,0.3891689019998438,1,0.8882803778126085,0.9467969408403943,0.4415660510075882,2.0301027335304007,Rv0021c
HIV_Low_CD4,0.3058146410704825,1.357730615728538,0.1363258363430249,1.0265557754790846,0.45761731405362854,1,0.024879889874836057,2.7914349300861185,1.1384211214303388,6.844663035691665,Rv0021c
fstrom1_baseline,0.0015743564215230405,1.0015755963712163,0.17809543565546848,0.003375285181896077,0.38182134408274565,1,0.992946824733832,1.0033809878711881,0.4747434159946407,2.1206684977653834,Rv0021c
diabetes,0.2332190642685151,1.2626580522951385,0.14496111773456874,1.0923081379217732,0.6789419599137039,1,0.10765160408737787,2.9811470361623447,0.7878924752981252,11.27975952284193,Rv0021c
Indel_Sample1,0.03231075642788385,1.0328384166168385,0.19233449858733032,0.1279206635787783,0.7614664405427003,1,0.8665891663793251,1.1364628362260876,0.2555017205472779,5.054947478852907,Rv0021c
underweight,0.2971989182378928,1.3460830332836815,0.19456283644050806,0.5961837803136107,0.390294850416624,1,0.12663138197132576,1.8151784461347935,0.8446946567777359,3.9006672587243574,dnaN_c.-499delA
screen_years,0.020920007946123878,1.0211403652553288,0.189028852433939,0.0016392590916694289,0.014812005126297597,1,0.9118772608700264,1.0016406034113166,0.9729800141055596,1.0311454334696533,dnaN_c.-499delA
smoked_substance_use,0.16191381959049794,1.175758909570354,0.1992544988821107,0.33074094115259967,0.40701665031331524,1,0.41644854320063707,1.3919991359028656,0.6268819493843907,3.0909513286467134,dnaN_c.-499delA
F2,0.07258612054193721,1.0752854062646338,0.14115343036079525,0.13203218632488223,0.2567542648463386,1,0.6070872729342194,1.141145047941402,0.6899080675853533,1.8875152815633356,dnaN_c.-499delA
TTP_baseline,-0.02537039702284811,0.9749487270356155,0.21901715453744788,-0.07099652364662987,0.6128976451228553,1,0.9077813393172824,0.9314651302239083,0.2801993865818979,3.0964639123842197,dnaN_c.-499delA
smear_pos_no_contam_sputum_specimen_1,-0.12609687960318502,0.8815294404240316,0.21090372428944182,-0.28711362186756817,0.48021277240686894,1,0.5499144342006523,0.7504264591371488,0.2927859858129391,1.9233839659692884,dnaN_c.-499delA
bl_prevtb,0.21354904278398099,1.2380642148950634,0.1741957306772483,0.4420448629870585,0.3605838120194607,1,0.22023091491437974,1.5558855405412448,0.7674465666232344,3.154330113061494,dnaN_c.-499delA
Lineage_2,0.03718164673586767,1.0378815315088807,0.17538416156913134,0.07426486418508488,0.3503040366036809,1,0.8321061247279337,1.07709205082722,0.5420926066297121,2.140090589259108,dnaN_c.-499delA
screen_sex,-0.03128946248528412,0.9691949868787694,0.18830461401246854,-0.06406784478345978,0.3855697677208146,1,0.8680278283664141,0.9379413629433818,0.44053265572301537,1.9969779513308559,dnaN_c.-499delA
peth_value_baseline,-0.22575029563421975,0.7979173202301596,0.27769375325087453,-0.0006427978561109744,0.0007907008437955485,1,0.41624846235352864,0.999357408694172,0.9978098588342597,1.0009073587213582,dnaN_c.-499delA
HIV_High_CD4,-0.03684614287643856,0.9638244151939458,0.18979895742322184,-0.0980154354344953,0.5048894132347905,1,0.8460721476707359,0.906634909342162,0.33703095388729193,2.4389061282268885,dnaN_c.-499delA
high_lung_involvement,-0.02645308297671764,0.9738937349587186,0.1946263915366542,-0.05290318036239676,0.38923081683175753,1,0.891886702307662,0.9484718387366374,0.4422935119852024,2.0339408209690295,dnaN_c.-499delA
HIV_Low_CD4,0.3033729625136416,1.354419517961363,0.13552454409428252,1.0183595713483256,0.45492754360014814,1,0.025187856736331664,2.7686492651194183,1.1350968416313274,6.753096715721438,dnaN_c.-499delA
fstrom1_baseline,0.0044318340871682856,1.0044416691876668,0.18005711937692864,0.009501472295942944,0.3860270257861339,1,0.9803632591847973,1.0095467545863537,0.47373954316501954,2.1513607305962688,dnaN_c.-499delA
diabetes,0.2249895308778274,1.2523096055409775,0.14794338866900084,1.05376417788085,0.6929097666253249,1,0.12831474233943577,2.8684280956984374,0.7376292076934696,11.154492873079603,dnaN_c.-499delA
Indel_Sample1,0.030133997670137698,1.0305926217117618,0.1548752023304899,0.22123390722637207,1.1370428351099238,1,0.8457299468229177,1.2476152226529056,0.13434702356947964,11.585993514700146,dnaN_c.-499delA
underweight,0.2654259908714164,1.3039863437580181,0.19826838028447077,0.5324469939844857,0.3977282056593344,1,0.18066160497244854,1.7030946763252135,0.7810735458581884,3.7135190301962977,Rv0192
screen_years,0.08681015182695119,1.0906895946346327,0.19150124610853186,0.006802307675886891,0.015005738026385395,1,0.6503228187548887,1.0068254959187821,0.9776452562509262,1.0368766919807177,Rv0192
smoked_substance_use,0.1712103165333091,1.186740313885738,0.20218219758680195,0.3497308714504831,0.41299705289692307,1,0.39709990353590585,1.4186856883892842,0.63145507620988,3.187351180262925,Rv0192
F2,0.09846530452576356,1.1034761181029886,0.13972304380972395,0.17910572071654787,0.2541524304705982,1,0.4809859231149942,1.1961471950220828,0.7268581847555227,1.9684281503144008,Rv0192
TTP_baseline,0.04418695153018464,1.0451777342013677,0.22422842997717224,0.12365277320492893,0.6274808792619305,1,0.8437788500735437,1.1316228729899867,0.33081791816690337,3.8709219070414473,Rv0192
smear_pos_no_contam_sputum_specimen_1,-0.12971861051898462,0.8783425525052266,0.2155076638219456,-0.29536004544234074,0.4906956151084187,1,0.5472266569198045,0.7442635705132,0.2844761732662164,1.9471868453274077,Rv0192
bl_prevtb,0.1952741061486316,1.2156441563634965,0.1754579479983001,0.40421588583148316,0.3631965920884805,1,0.2657343522469191,1.4981273365149823,0.735182615645042,3.052827241357269,Rv0192
Lineage_2,-0.04773747248864066,0.9533840437668143,0.17717707460188917,-0.09534857173198284,0.3538851163718609,1,0.7875959657060829,0.909056008008457,0.4543212852400978,1.8189392673062812,Rv0192
screen_sex,0.0009778816273232885,1.0009783599094502,0.18860595135246574,0.002002296087553791,0.38618678164157083,1,0.9958631572788069,1.0020043020209657,0.47005297059481516,2.1359563370018133,Rv0192
peth_value_baseline,-0.3534058257709014,0.7022921272936155,0.3129647093737317,-0.001006282213294383,0.0008911308118496862,1,0.2588052858694765,0.9989942239188673,0.997250919152373,1.0007405761746648,Rv0192
HIV_High_CD4,0.015252005421473253,1.0153689108473751,0.19281802680075272,0.040572278016946114,0.5129205225055214,1,0.9369526730616894,1.0414065777846477,0.38108475557204236,2.845896206541136,Rv0192
high_lung_involvement,0.0120807578004954,1.0121540248984355,0.20045028029106784,0.024160152122780738,0.4008779370353441,1,0.9519421072132851,1.0244543732959355,0.46694389549197957,2.2476078456050717,Rv0192
HIV_Low_CD4,0.33426125942151164,1.3969080512940257,0.1382254014568997,1.1220451224210053,0.4639937567632415,1,0.015596076648220674,3.0711286191286127,1.2369319380544495,7.625181875460334,Rv0192
fstrom1_baseline,0.06387366608506416,1.065957723642283,0.1777107315129022,0.13693966353675519,0.38099657138574616,1,0.7192772324395604,1.1467589550534323,0.5434596073898751,2.4197862787101774,Rv0192
diabetes,0.25367255553203566,1.2887497411971212,0.14669429876246284,1.1881044015168136,0.687059511311992,1,0.08376260575543192,3.280856123226381,0.8534165666499249,12.612852060707041,Rv0192
Indel_Sample1,0.3789295713592984,1.4607201555856162,0.08932390523431985,3.0367096413258694,0.7158342465933842,1,2.2134261322304435e-05,20.83657052755567,5.122795566385995,84.75112186764309,Rv0192
underweight,0.3249178486050328,1.3839169506026876,0.19623078647698702,0.6517882111457021,0.3936407736252888,1,0.09776345063012137,1.9189692849623585,0.88715680766586,4.150836790981269,PE_PGRS60
screen_years,-0.017068706889588635,0.9830761382107986,0.196721372900205,-0.001337477166541087,0.015414778994484207,1,0.9308575935469753,0.9986634168574212,0.9689426158389618,1.0292958570160518,PE_PGRS60
smoked_substance_use,0.11529752294132181,1.122207270315863,0.20067401377956917,0.23551795236886705,0.4099162897286101,1,0.5655947712857246,1.265564100926838,0.5667124695949143,2.826217137412939,PE_PGRS60
F2,0.11791017118378826,1.125143036560652,0.1548134049551555,0.21447540624990685,0.281601388475073,1,0.4462822621522765,1.239211643738237,0.7135853888746224,2.1520136509496792,PE_PGRS60
TTP_baseline,-0.045530844960928164,0.9554901300616886,0.23132686266449218,-0.1274135248261356,0.6473451345861756,1,0.8439647057732852,0.8803695426518995,0.24753911373115078,3.1310224875042874,PE_PGRS60
smear_pos_no_contam_sputum_specimen_1,-0.09114334603035791,0.9128868428146962,0.22158246097206405,-0.20752691319765315,0.5045274959398078,1,0.6808311292543096,0.8125913720465997,0.30228571446992875,2.1843729502151583,PE_PGRS60
bl_prevtb,0.2969695032072679,1.345774257023689,0.1715847124703369,0.6147245693317566,0.355179024573523,1,0.08349713055571918,1.8491472175580224,0.9218124183882561,3.709372280079643,PE_PGRS60
Lineage_2,-0.22514375162947772,0.7984014390018522,0.17853108659948375,-0.44969149041896145,0.35658955595251385,1,0.20727645611025314,0.6378248963629468,0.3170822175587872,1.2830129723215373,PE_PGRS60
screen_sex,-0.06381369101229889,0.9381797745732258,0.1944784252829622,-0.13066397841632668,0.39821117319035215,1,0.7428153727746268,0.8775125880259191,0.4020641861330655,1.9151875961643121,PE_PGRS60
peth_value_baseline,-0.2529834136243389,0.7764807607185213,0.27914410154143193,-0.0007203410097537477,0.0007948305428028758,1,0.3647863468403848,0.9992799183735462,0.9977244128356163,1.0008378490275178,PE_PGRS60
HIV_High_CD4,0.01526911379946214,1.0153862823110984,0.1900323804150177,0.04061778848255393,0.505510348138561,1,0.9359588421206229,1.0414539737613882,0.3866774918873524,2.8049896935282725,PE_PGRS60
high_lung_involvement,-0.01298335434224053,0.9871005658217293,0.1940309846212513,-0.025965243335946516,0.3880400702007391,1,0.9466503110810863,0.9743689548346521,0.4554315693605674,2.0846048539817663,PE_PGRS60
HIV_Low_CD4,0.36885253269127877,1.4460743392593403,0.14497310257956764,1.2381607905000578,0.4866443778533056,1,0.010950247299397553,3.4492637087059252,1.3289050555084738,8.95279921080855,PE_PGRS60
fstrom1_baseline,0.027007003444298135,1.0273749979018652,0.17852597484347915,0.057900699795012556,0.38274438318726567,1,0.8797566394093033,1.0596097710184884,0.5004415318471386,2.2435645232994132,PE_PGRS60
diabetes,0.2709598896701072,1.3112224757637354,0.15128432455997282,1.269071606411554,0.7085574216462798,1,0.0732830442339954,3.557548223767945,0.8872083591954283,14.265137645808238,PE_PGRS60
Indel_Sample1,-0.7834942344696578,0.45680702845683646,0.31061574312321444,-2.073234363066988,0.8219323180961784,1,0.011656019611054048,0.12577831038342632,0.025117458816446073,0.6298480860870763,PE_PGRS60
underweight,0.29514877323335365,1.343326194802225,0.1948096060756246,0.5920711704621211,0.3907898725883151,1,0.12975651939833432,1.8077286549175882,0.8404121057780082,3.8884291020355093,Rv0043c_c.-98_-97insCC
screen_years,0.01702890164201426,1.0171747199200405,0.18722931105034213,0.0013343580896195825,0.014670995879002205,1,0.9275306407727175,1.0013352487414806,0.9729522573705842,1.0305462295569339,Rv0043c_c.-98_-97insCC
smoked_substance_use,0.16438304767644668,1.1786657137965675,0.19961540344450854,0.3357848269872529,0.4077538691309283,1,0.41022439224548357,1.3990379572090803,0.6291421393722086,3.1110731315261457,Rv0043c_c.-98_-97insCC
F2,0.07235204598300202,1.0750337387630617,0.14173037864284072,0.13160641104513862,0.25780371813721725,1,0.6097076998161508,1.1406592800107136,0.688197380739482,1.890596549025655,Rv0043c_c.-98_-97insCC
TTP_baseline,-0.022302312838140964,0.9779445451670442,0.21958744404609748,-0.062410796305696084,0.6144935433876638,1,0.9191022722735529,0.9394968656668626,0.28173284645077956,3.1329480098518214,Rv0043c_c.-98_-97insCC
smear_pos_no_contam_sputum_specimen_1,-0.11812642230693067,0.888583708711023,0.21235003116169188,-0.26896545777762526,0.4835059102365316,1,0.5780183404470088,0.7641696513103415,0.29622984335562447,1.9712911075023911,Rv0043c_c.-98_-97insCC
bl_prevtb,0.2220331396959278,1.2486127558257127,0.17169921956406678,0.45960687782036397,0.35541605336980786,1,0.19595859291806617,1.5834513727661526,0.7889946125878743,3.1778648547308808,Rv0043c_c.-98_-97insCC
Lineage_2,0.03718747007771916,1.037887575465438,0.17528119825612382,0.07427649545291914,0.3500983825477735,1,0.8319830526650601,1.0771045788462035,0.5423174622048463,2.1392530291293466,Rv0043c_c.-98_-97insCC
screen_sex,-0.025150012617199884,0.9751636142093821,0.18599970145301822,-0.051496797217869685,0.3808502625465802,1,0.8924416199939974,0.9498066919812284,0.45025121550297054,2.0036209144367585,Rv0043c_c.-98_-97insCC
peth_value_baseline,-0.2282167982031457,0.7959516802345903,0.2782970451517216,-0.0006498209368956246,0.0007924186477053247,1,0.4121890250067013,0.9993503901510039,0.9977994917289158,1.0009036991635318,Rv0043c_c.-98_-97insCC
HIV_High_CD4,-0.03816746207407337,0.9625517364835696,0.18954613821777858,-0.10153031287874875,0.5042168819310168,1,0.8404152267873085,0.9034537926418664,0.33629139700964855,2.4271472975431303,Rv0043c_c.-98_-97insCC
high_lung_involvement,-0.028387615836467477,0.9720115267103898,0.19466405078629495,-0.05677202774349047,0.38930613108067935,1,0.8840565766988012,0.9448094351557821,0.4405206202804121,2.026386116025998,Rv0043c_c.-98_-97insCC
HIV_Low_CD4,0.30670842264577874,1.3589446728071957,0.13654094635799033,1.0295560132535921,0.4583393933741385,1,0.024686441817181454,2.799822474630777,1.1402269363220152,6.874952379860082,Rv0043c_c.-98_-97insCC
fstrom1_baseline,-0.002742663072659694,0.9972610945915849,0.177634230557981,-0.0058800344709276815,0.3808325598976127,1,0.9876811942678992,0.9941372190980047,0.47128223658626156,2.0970635718306303,Rv0043c_c.-98_-97insCC
diabetes,0.2326640150835987,1.2619574094359958,0.14464378346689735,1.08970850163761,0.6774556886086281,1,0.10771892422090827,2.973407202893297,0.7881394410301155,11.217748959070184,Rv0043c_c.-98_-97insCC
Indel_Sample1,0.04006496358122941,1.0408783911839592,0.19758537402499407,0.2068141942507475,1.0199300404170695,1,0.8393125235782644,1.2297540551779422,0.16659126997760454,9.077876868517157,Rv0043c_c.-98_-97insCC
underweight,0.2894476985181854,1.335689580935845,0.1956365611790213,0.5806347618247966,0.3924487521785095,1,0.13900208144991683,1.787172499657279,0.828158549335712,3.856731958020874,Rv0149
screen_years,0.013366842744237804,1.0134565783682719,0.18754475501947124,0.0010474048839674186,0.014695713574886398,1,0.9431806301898149,1.0010479536040235,0.972625984875824,1.0303004659522252,Rv0149
smoked_substance_use,0.16289961425244973,1.176918537910955,0.19940489046425514,0.3327546213628606,0.4073238548097917,1,0.4139690712755135,1.3948050011250417,0.6277674622617263,3.099047192019527,Rv0149
F2,0.07292388547786087,1.0756486613149363,0.14209248610496297,0.13264657159056287,0.25846238179841863,1,0.6078014748080229,1.1418463660625613,0.6880248048808801,1.8950088927622455,Rv0149
TTP_baseline,-0.022066074939583662,0.9781756000221822,0.2198389411294229,-0.06174970812737357,0.6151973328714189,1,0.9200475511089762,0.9401181612812916,0.28153054650776765,3.139347286233222,Rv0149
smear_pos_no_contam_sputum_specimen_1,-0.1125218628773355,0.8935778107128902,0.21324942339789463,-0.256204274773994,0.48555376235807785,1,0.5977396633636891,0.7739838472672033,0.2988324706180791,2.004638232891882,Rv0149
bl_prevtb,0.2266150826714913,1.2543469551264963,0.17253614912918244,0.4690914642574773,0.35714849108115654,1,0.1890362820798136,1.5985412014524156,0.7938135131619444,3.2190608126113154,Rv0149
Lineage_2,0.04849972935130607,1.0496950877216822,0.17983568742099443,0.09687106756930108,0.3591953039849639,1,0.7873994269329534,1.1017183172427827,0.5449077353114175,2.2275023309305477,Rv0149
screen_sex,-0.027808262861251765,0.9725748276396121,0.1862813118510228,-0.05693979145631684,0.38142688387004503,1,0.8813318971385745,0.9446509437119552,0.4473013517276076,1.9949982310791445,Rv0149
peth_value_baseline,-0.22582069018114528,0.7978611531788682,0.27643245725363136,-0.000642998296441378,0.0007871094493272863,1,0.4139793425974113,0.9993572083826628,0.9978166824436537,1.0009001127346715,Rv0149
HIV_High_CD4,-0.034777602837413844,0.9658201880437527,0.18977270614622352,-0.09251285533218712,0.5048195814927183,1,0.8545946106363871,0.9116374914863458,0.3389369918084613,2.452027769082151,Rv0149
high_lung_involvement,-0.028158872544283616,0.9722338932585087,0.1946980284837139,-0.056314566975921646,0.38937408264067086,1,0.8850042397637121,0.9452417472805738,0.4406634946596741,2.027583341098112,Rv0149
HIV_Low_CD4,0.3084290073460048,1.361284864891702,0.13659509671931594,1.0353316561562187,0.4585211648091767,1,0.02394690140594604,2.8160400377795756,1.1464230307757308,6.917238472618328,Rv0149
fstrom1_baseline,0.004721253971863955,1.004732416651766,0.1780692109372531,0.01012196371377216,0.381765120535408,1,0.9788476945094213,1.0101733640662698,0.4780098580875516,2.134789080609422,Rv0149
diabetes,0.23564103903828315,1.2657198845842028,0.14508377029548272,1.1036517335199998,0.6795164171985039,1,0.10433904364635986,3.015156492633876,0.7959841773050758,11.421293204409835,Rv0149
Indel_Sample1,0.06739144607882853,1.0697141316314218,0.18395510955034078,0.2661659708795785,0.7265401349965629,1,0.7141059859455321,1.3049516246835624,0.31416827560987465,5.420339591763494,Rv0149
underweight,0.2888357555319837,1.3348724651046984,0.19579390177762787,0.5794071985314534,0.3927643788753704,1,0.140157969330409,1.7849799783025229,0.8266310298486302,3.854384130153343,Rv3899c
screen_years,0.023535506660230823,1.0238146523402636,0.18763489432658334,0.001844205478754521,0.014702776749961705,1,0.900181190477854,1.0018459070715466,0.973387807422615,1.0311360116310113,Rv3899c
smoked_substance_use,0.16326011967675375,1.1773428999156421,0.19981587371021842,0.3334910248621202,0.4081633692250011,1,0.41389825320598117,1.3958325186959881,0.627197071809819,3.106437366850416,Rv3899c
F2,0.07384020917961176,1.076634755399749,0.14200871543405444,0.1343133395734802,0.2583100052180562,1,0.6030847919807529,1.1437511459990564,0.6893783927495609,1.897603257851728,Rv3899c
TTP_baseline,-0.015279616025173684,0.984836525025119,0.21838141303769168,-0.04275848026602491,0.6111185859942205,1,0.9442194745838806,0.9581427725117199,0.2892312033554866,3.1740613110408726,Rv3899c
smear_pos_no_contam_sputum_specimen_1,-0.12314549917567608,0.8841350122863193,0.21120975840817688,-0.2803935386528385,0.48090959031799874,1,0.5598607584850387,0.7554863698577227,0.2943578674954253,1.9389991505821391,Rv3899c
bl_prevtb,0.23319340194179575,1.262625649967427,0.17303524963686748,0.48270853414745285,0.35818162526270175,1,0.17776642885137706,1.6204575281395988,0.8030690720068886,3.2698091509640084,Rv3899c
Lineage_2,0.018430017722258607,1.0186008986642103,0.17398364645554776,0.036811246494682794,0.3475067138966393,1,0.9156382103955769,1.0374971711272718,0.5250355013127799,2.05014780411172,Rv3899c
screen_sex,-0.0218579599606848,0.9783791942013045,0.1854725925693447,-0.04475603844913784,0.37977096212206635,1,0.906186447514285,0.9562307369128669,0.45425641638259473,2.012909865970491,Rv3899c
peth_value_baseline,-0.21591239501417298,0.8058058913951325,0.2770763335726914,-0.0006147855719656405,0.0007889428126738533,1,0.43583105451321436,0.9993854033699626,0.9978412483924333,1.0009319479205814,Rv3899c
HIV_High_CD4,-0.03873345363453267,0.9620070944701455,0.18921760535369284,-0.10303592255509135,0.5033429426468998,1,0.8378040022657756,0.902094567357671,0.3363611106632313,2.4193480835273617,Rv3899c
high_lung_involvement,-0.03294837681428337,0.9675885083010265,0.19475118229327582,-0.06589303495507083,0.38948038426066267,1,0.865653559136922,0.9362310029271488,0.4363718374997867,2.00867337329578,Rv3899c
HIV_Low_CD4,0.307640920244386,1.3602124764712962,0.13608624701250369,1.0326862126191942,0.45681306279172434,1,0.023782056531331645,2.80860020802529,1.1472285323852416,6.875905633308304,Rv3899c
fstrom1_baseline,6.475359686817787e-05,1.0000647556934277,0.1776567213282027,0.00013882615969018955,0.3808807781806019,1,0.9997091813151379,1.0001388357964875,0.4740825665238889,2.1099229575191503,Rv3899c
diabetes,0.23617598540920817,1.26639715797939,0.14457716382351873,1.1061572159776445,0.6771436678961013,1,0.1023505260172314,3.0227203859774407,0.8017006577752102,11.39682055040236,Rv3899c
Indel_Sample1,0.09934402670585803,1.104446193193999,0.13287056677614445,0.8028670116111583,1.07381790748727,1,0.45465609747979296,2.2319307356242963,0.2720478217131164,18.311173297603478,Rv3899c
underweight,0.29259752750855217,1.3399034076328236,0.19562719540310217,0.5869533479285155,0.3924299643453433,1,0.13473460720090455,1.7985006542494095,0.833438596773725,3.8810352866507993,Rv2963
screen_years,0.014220271677483621,1.0143218607108146,0.1872417403765602,0.001114278239920238,0.014671969821557999,1,0.9394620153452742,1.0011148992785668,0.9727362968941977,1.0303214188238987,Rv2963
smoked_substance_use,0.16270434870046216,1.176688748698694,0.19935494539796506,0.3323557529240677,0.4072218321518587,1,0.41441202619800976,1.394248768371042,0.6276426068951485,3.0971919476921563,Rv2963
F2,0.07277530624110198,1.0754888541301262,0.1417514669386732,0.13237630998510314,0.25784207717588525,1,0.607671036849354,1.141537810527716,0.688675648999092,1.892194932053028,Rv2963
TTP_baseline,-0.023113106050603596,0.9771519557241479,0.2194910207220977,-0.0646797201790312,0.614223712340232,1,0.9161352267642493,0.9373676352437394,0.2812430393306419,3.1241949514329144,Rv2963
smear_pos_no_contam_sputum_specimen_1,-0.11751588931679013,0.8891263840234263,0.21296998607400033,-0.2675753176042878,0.48491750345618634,1,0.5810884405940795,0.7652326929591311,0.2958223541116243,1.9795024487991306,Rv2963
bl_prevtb,0.22338828741658856,1.2503059575658775,0.17237410914555007,0.4624120230961153,0.3568130695712804,1,0.19499259024712023,1.587899419696018,0.789047511585789,3.195529458046849,Rv2963
Lineage_2,0.0405425829037536,1.0413756535575927,0.1791772550610498,0.08097783926700909,0.35788018230319124,1,0.8209907987582675,1.0843468663791227,0.5377000356702825,2.1867361886269765,Rv2963
screen_sex,-0.02681859141430108,0.9735378336277135,0.18617490718047866,-0.05491335470689428,0.381209011226184,1,0.8854605797109074,0.9465671599894756,0.44840013474053975,1.9981916126965322,Rv2963
peth_value_baseline,-0.22503635989695886,0.7984871853197726,0.2769648598399444,-0.0006407650066742858,0.0007886254041131196,1,0.41649979302107054,0.9993594402393822,0.9978159461280391,1.0009053219394193,Rv2963
HIV_High_CD4,-0.036383253529618104,0.9642706625215436,0.18980646780750116,-0.09678409078496868,0.5049093918140379,1,0.8479881278534298,0.9077519769933499,0.337432997536393,2.442006732452012,Rv2963
high_lung_involvement,-0.027482374099424,0.9728918304970052,0.19461217987354681,-0.05496164643827436,0.3892023951095227,1,0.8876992233275279,0.946521449726175,0.44140859043817227,2.029645263365639,Rv2963
HIV_Low_CD4,0.30624805184133364,1.3583191983411176,0.13637122748040462,1.0280106447698898,0.4577696826062577,1,0.024723612641351728,2.7954990587142894,1.1397381620889953,6.856675723614375,Rv2963
fstrom1_baseline,0.002074116956651747,1.0020762694251266,0.17808018594743488,0.004446728919575582,0.38178865001623674,1,0.9907071723169503,1.0044566302894136,0.4752828042155167,2.122805860392254,Rv2963
diabetes,0.23356961694190995,1.2631007580422622,0.14495968700053463,1.0939499914259898,0.6789352589073622,1,0.10712025218629846,2.9860456631837944,0.7891975068949835,11.298146059406188,Rv2963
Indel_Sample1,0.03837279069637369,1.0391185344048652,0.19102287694393752,0.1515435879720253,0.7543963217551084,1,0.8407919351607669,1.1636290209335078,0.26525967351247715,5.104554644243665,Rv2963
underweight,0.2981203104349937,1.3473238752504664,0.19585536908909992,0.5980321015877124,0.3928876828710121,1,0.127972701928665,1.818536581573631,0.8419677165967654,3.9277934691946497,cyp128
screen_years,0.013988866126717583,1.0140871681576098,0.18734604959523604,0.0010961456630142964,0.014680143328733507,1,0.9404783961993091,1.0010967466502414,0.9727030762245963,1.0303192419659746,cyp128
smoked_substance_use,0.1630861152226061,1.1771380548294932,0.19932992245786332,0.33313558641298047,0.4071707178567319,1,0.4132591129609895,1.3953364743121295,0.6281951853253285,3.0992976737596516,cyp128
F2,0.07182513232797232,1.0744674380153905,0.1417561470031395,0.13064796938496184,0.2578505900863289,1,0.6123787333409603,1.1395665483800927,0.6874749403012573,1.8889589162593408,cyp128
TTP_baseline,-0.023862605350438455,0.9764198554061096,0.21913180044489852,-0.0667771191561121,0.6132184702511329,1,0.9132848750386342,0.9354036616624941,0.28120727854636135,3.1115126705632106,cyp128
smear_pos_no_contam_sputum_specimen_1,-0.12333732965617872,0.8839654245086558,0.21057063939841963,-0.28083032300638505,0.4794543618121604,1,0.5580576439212273,0.7551564572876206,0.2950697221227518,1.9326322974810535,cyp128
bl_prevtb,0.2204130860128492,1.2465915737856643,0.17150447047298475,0.4562533792561368,0.355012924261094,1,0.19873148773623595,1.5781501646260947,0.7869747095497731,3.1647242432151512,cyp128
Lineage_2,0.03379593123476921,1.034373501865583,0.1751899288009501,0.06750239603394032,0.3499160852509143,1,0.8470292652005749,1.0698328229505853,0.5388486589496145,2.1240514382897246,cyp128
screen_sex,-0.027314753480307357,0.9730549208962416,0.18693665581825067,-0.05592928888113205,0.3827687565721369,1,0.8838284768148525,0.9456059983845615,0.44657752470884643,2.00227430783453,cyp128
peth_value_baseline,-0.22442435485775092,0.7989760130681963,0.2776688240143221,-0.000639022393110805,0.0007906298606778281,1,0.418949731044305,0.9993611817382149,0.9978137648557603,1.0009109983660853,cyp128
HIV_High_CD4,-0.0380962274998199,0.9626203058889422,0.18962250333009412,-0.10134081983365963,0.5044200228611465,1,0.8407723694672848,0.9036250070735912,0.33622123515850133,2.42857401027575,cyp128
high_lung_involvement,-0.02548826039266431,0.9748338230648668,0.1951312055266609,-0.050973644087671764,0.3902403878366303,1,0.8960750192041703,0.9503037163238057,0.4422717576350595,2.041905542618912,cyp128
HIV_Low_CD4,0.3042416189830216,1.3555965543840338,0.13570380090553696,1.0212754693982942,0.4555292712160761,1,0.02496437415687867,2.7767341457279793,1.1370696878906785,6.780809125564324,cyp128
fstrom1_baseline,-0.0009520572487254562,0.9990483958139851,0.17750719107808488,-0.0020411291115585237,0.3805601981451232,1,0.9957205782306114,0.9979609525758948,0.47334753621105174,2.104006013928279,cyp128
diabetes,0.2321594785914132,1.2613208664644335,0.14480485085375383,1.0873454473220405,0.6782100661204706,1,0.1088777918843266,2.966389175426338,0.785117527200881,11.207831229368418,cyp128
Indel_Sample1,0.01715445156748344,1.0173024341474035,0.19635804028502118,0.09537373194990288,1.091693256801631,1,0.9303828810852932,1.1000699095815643,0.12947004549124103,9.346979074388758,cyp128
underweight,0.2914355862343587,1.3383474227166727,0.19521019459470784,0.584622482979685,0.39159345686470914,1,0.1354549340477063,1.794313473885665,0.8328626061149483,3.865656614823803,recC_c.-251delG
screen_years,0.015946026878756712,1.0160738432493732,0.18684808143747336,0.0012495057174129927,0.014641123323001359,1,0.9319893408286006,1.0012502866749184,0.9729266659120563,1.0303984582710812,recC_c.-251delG
smoked_substance_use,0.1615254788021853,1.175302403074329,0.19940775815736428,0.32994767842716144,0.4073297126391002,1,0.4179252036282164,1.3908953527274177,0.626000638334725,3.090396021616027,recC_c.-251delG
F2,0.06596963072528904,1.06819427638797,0.1433127341561228,0.11999697064224145,0.2606819799371596,1,0.6452869836051016,1.127493435993214,0.6764272868676416,1.8793467869910623,recC_c.-251delG
TTP_baseline,-0.029114382400374658,0.9713053578740762,0.2198408899102378,-0.08147369300857625,0.615202786340006,1,0.8946411169878005,0.9217569581873293,0.27602909630578004,3.0780664116131677,recC_c.-251delG
smear_pos_no_contam_sputum_specimen_1,-0.1165066426682112,0.8900241848216816,0.21146197340088618,-0.2652773348029443,0.48148386590890907,1,0.5816625417750831,0.7669932065668408,0.29850506708885327,1.9707490551394118,recC_c.-251delG
bl_prevtb,0.21012197448375805,1.2338285463787952,0.17202465579907963,0.43495085817453505,0.356089703853284,1,0.22191027737825564,1.5448871385117953,0.7687633173391668,3.104565757637727,recC_c.-251delG
Lineage_2,0.05658535622042774,1.0582169363434972,0.17797449601700652,0.11302091659434,0.3554778482245585,1,0.750529832202671,1.119655352080461,0.5578289731974495,2.247334160964576,recC_c.-251delG
screen_sex,-0.02660311136962826,0.9737476342067015,0.18641348227794127,-0.054472140925656456,0.38169751409901614,1,0.8865190351908729,0.9469848906128074,0.4481687149692017,2.000988362408514,recC_c.-251delG
peth_value_baseline,-0.21458900653978968,0.8068729915626869,0.277542490624966,-0.0006110173763504556,0.0007902701409635962,1,0.4394186247014832,0.9993891692567528,0.9978424125545117,1.0009383235883849,recC_c.-251delG
HIV_High_CD4,-0.03707201669419937,0.9636067370784539,0.1897243804704668,-0.09861628857332505,0.5046910290369608,1,0.8450803416389423,0.9060903185370427,0.3369595017141301,2.436493588013077,recC_c.-251delG
high_lung_involvement,-0.01956669120153157,0.980623494048782,0.19457314716980958,-0.03913117403521595,0.389124334107421,1,0.9198980557296464,0.9616245606988576,0.4485205162448279,2.061715712541687,recC_c.-251delG
HIV_Low_CD4,0.3030565215033284,1.3539909918858994,0.13672383449168046,1.0172973450742715,0.45895331057983213,1,0.026653204076539243,2.765709894541077,1.1249801440332186,6.799365536656573,recC_c.-251delG
fstrom1_baseline,-0.010185982556407767,0.9898657188717248,0.17861556925793962,-0.02183787325136648,0.3829364659300137,1,0.9545233639613152,0.9783988468171589,0.46191261313894294,2.0723926479253816,recC_c.-251delG
diabetes,0.2336378231097724,1.2631869122426829,0.14447186539629894,1.0942694428072322,0.6766504906795504,1,0.10583821956959265,2.98699971197334,0.7929927903156626,11.25125901305762,recC_c.-251delG
Indel_Sample1,0.10436193258224144,1.1100021281584187,0.14227323141360262,0.5315561763379709,0.7246532621065193,1,0.4632341696557638,1.7015782050838124,0.4111742786699707,7.0417060069562805,recC_c.-251delG
underweight,0.2970765198904465,1.3459182850275448,0.1949248978557655,0.5959382480959386,0.39102114896620715,1,0.12749464619093814,1.814732816055953,0.8432859940251038,3.9052649006433415,moaE2
screen_years,0.015272446086287115,1.0153896658750667,0.18701663005255897,0.0011967249803849138,0.014654330528771974,1,0.9349142466761935,1.0011974413414582,0.972850132299046,1.0303707459851117,moaE2
smoked_substance_use,0.15945498236326056,1.1728714611308675,0.20232446073105864,0.3257182806982028,0.41328765345431706,1,0.4306293263843185,1.3850251255944797,0.6161217829913548,3.1134990702883822,moaE2
F2,0.07289870294995039,1.0756215741035644,0.1412183671280494,0.1326007652546906,0.25687238306631544,1,0.6057059187038643,1.1417940634623074,0.6901406551108543,1.8890260611416387,moaE2
TTP_baseline,-0.025156029725060376,0.975157746562387,0.21909808687719587,-0.07039663816148177,0.6131241261971373,1,0.9085907360141168,0.9320240702686994,0.2802430984997813,3.0996976275614196,moaE2
smear_pos_no_contam_sputum_specimen_1,-0.12590940751440538,0.8816947180815383,0.21183125382191983,-0.286686761261834,0.4823246911497985,1,0.5522543618715764,0.7507468550073776,0.29170105517958306,1.932186498113558,moaE2
bl_prevtb,0.21813127655779044,1.243750332164781,0.17184725094549716,0.4515300513742865,0.35572247718172995,1,0.20432254957023033,1.5707136203957857,0.7821778048169014,3.1541949440439114,moaE2
Lineage_2,0.03358495864885734,1.0341553004311654,0.17434397413393338,0.06708100936027243,0.3482264153742939,1,0.8472439014596592,1.0693821046259586,0.5404083490592806,2.1161369688031937,moaE2
screen_sex,-0.024565888396432818,0.9757333972915011,0.1863818824317946,-0.05030075302478185,0.3816328107171968,1,0.895139276932483,0.950943382390205,0.4500991814191646,2.009097891847932,moaE2
peth_value_baseline,-0.22358273056446876,0.7996487337398651,0.2779368623814554,-0.0006366259652795465,0.0007913930689264141,1,0.42114456757768925,0.9993635766380339,0.9978146634544648,1.0009148942080468,moaE2
HIV_High_CD4,-0.038790953507038047,0.9619517807751446,0.1897026466226584,-0.10318887954328797,0.5046332142321995,1,0.8379761280231819,0.9019565962416717,0.3354602515529751,2.425103116502587,moaE2
high_lung_involvement,-0.02805979986554753,0.9723302198462597,0.19501575904480611,-0.05611643280015189,0.39000950790263,1,0.8855914532914569,0.9454290505300491,0.4402022397310952,2.0305123620728613,moaE2
HIV_Low_CD4,0.3043412837130096,1.3557316662814327,0.13564929974650466,1.0216100230475984,0.45534632222652127,1,0.024858854365349174,2.7776632676814845,1.137858094884575,6.780646253968635,moaE2
fstrom1_baseline,-0.003066808591307682,0.9969378892624604,0.17870102394059553,-0.006574974670563129,0.38311967344271475,1,0.9863076379587289,0.9934465931801506,0.4688484315725364,2.105021723525925,moaE2
diabetes,0.22970385673991695,1.2582273392040821,0.14540030990147976,1.075844261771619,0.6809989666148201,1,0.11415197112610545,2.9324676260418143,0.771908556345805,11.140395202370199,moaE2
Indel_Sample1,-0.017426059873353935,0.9827248957820434,0.19697771536717493,-0.11176671790436914,1.2633695113462788,1,0.9295053812210643,0.8942528463474094,0.0751758337554008,10.637569458855406,moaE2
underweight,0.30143072614252847,1.3517914680850058,0.19448501668157991,0.6046728261321666,0.3901387432600571,1,0.12116749607269188,1.8306531690180525,0.8521565204037402,3.9327176932801513,PE_PGRS42
screen_years,0.01763622381874552,1.0177926603105163,0.18565880295109569,0.0013819469051851924,0.014547933321528024,1,0.9243206558563211,1.00138290223383,0.9732332739053079,1.0303467254694523,PE_PGRS42
smoked_substance_use,0.1791958817770908,1.1962550457836478,0.19873979063757924,0.36604296495209826,0.40596525711138914,1,0.3672370740963573,1.442017197523379,0.6507470177150452,3.1954254746407935,PE_PGRS42
F2,0.10082474331418492,1.1060827763741925,0.14268332330808497,0.1833974759365423,0.25953709866037306,1,0.4797945823356008,1.2012917977814703,0.7223208197564532,1.9978684594798353,PE_PGRS42
TTP_baseline,-0.043122095319690384,0.9577944407092553,0.22144372601564416,-0.12067287939165786,0.6196881631891217,1,0.8456030572260378,0.8863238469722323,0.26309519321947916,2.985877286843165,PE_PGRS42
smear_pos_no_contam_sputum_specimen_1,-0.12724717307788175,0.8805160058462955,0.21089454447713993,-0.2897327582551625,0.48019187062748825,1,0.5462634209283272,0.7484635615621436,0.29203210610203256,1.9182743653211958,PE_PGRS42
bl_prevtb,0.2326689457125498,1.2619636316950735,0.17237410840922232,0.48162291381885114,0.3568130680470877,1,0.17708317114731853,1.6186992810724792,0.8043523586626192,3.2575118781290002,PE_PGRS42
Lineage_2,-0.022905959794579857,0.9773543900593759,0.17528168673011238,-0.04575128168092932,0.35009935820263555,1,0.8960277819787259,0.9552795281644729,0.4809781602616306,1.897298156809753,PE_PGRS42
screen_sex,-0.03488285710272622,0.965718536699149,0.18508413982896055,-0.07142562693469605,0.3789755719843052,1,0.8505080219582862,0.9310655212167114,0.4429917646589701,1.9568828902855608,PE_PGRS42
peth_value_baseline,-0.23074963818855712,0.7939382129640554,0.2762601578353629,-0.0006570329058010059,0.0007866188466622445,1,0.40357015447117495,0.9993431828930538,0.997803638025724,1.0008851031760546,PE_PGRS42
HIV_High_CD4,-0.004921422853974462,0.9950906675054242,0.19032394476472797,-0.013091611939062438,0.5062859464634619,1,0.9793704898012092,0.986993710470708,0.3659005027728343,2.6623537741174714,PE_PGRS42
high_lung_involvement,-0.013993342526126192,0.9861041092033529,0.19704367912304277,-0.02798510571278251,0.3940651191806766,1,0.9433846635821644,0.9724028499407268,0.44917687094942843,2.105111290735417,PE_PGRS42
HIV_Low_CD4,0.3134152869334779,1.3680895627906113,0.13712783489884509,1.052069553631488,0.460309455432214,1,0.0222794178055756,2.8635713042704705,1.161694365424582,7.058690184525677,PE_PGRS42
fstrom1_baseline,0.010099047531082931,1.0101502150141561,0.17899596967877177,0.021651492010908355,0.3837520118166177,1,0.9550068021885632,1.0218875864172898,0.48167357235154784,2.1679707985133305,PE_PGRS42
diabetes,0.22743084067327204,1.2553706161652245,0.14421058139458198,1.0651983312812858,0.675426737200051,1,0.11477836772928426,2.9014143682286004,0.7721211989459701,10.902699404776268,PE_PGRS42
Indel_Sample1,-0.27054970358832936,0.7629599772051594,0.23500647987104767,-0.9666398074269643,0.8396483730482915,1,0.24963203686955937,0.3803589726048789,0.07336411361261155,1.9719852243422888,PE_PGRS42
underweight,0.29237275382496863,1.3396022664538176,0.19584973076587697,0.5865024498391538,0.39287637234244893,1,0.13547848342115465,1.7976898965389803,0.8323343213482772,3.882681371210787,Rv0897c
screen_years,0.01339392293537888,1.0134840233377331,0.18704543703293192,0.001049526845376156,0.014656587798683224,1,0.9429139870299624,1.001050077791403,0.9727026377037854,1.0302236463671866,Rv0897c
smoked_substance_use,0.16821094192068414,1.1831861678886249,0.20133338852286803,0.3436040566748343,0.41126319281398277,1,0.4034449244191983,1.4100202368667303,0.6297344921827532,3.157135416677689,Rv0897c
F2,0.0736544221228118,1.0764347491771538,0.14139915111779844,0.1339753979516244,0.25720122424477887,1,0.6024383849638044,1.1433646901852081,0.690644721719544,1.892844140627743,Rv0897c
TTP_baseline,-0.02547024719010808,0.974851383102136,0.21890738121765774,-0.07127594437286477,0.6125904554447738,1,0.9073738086354874,0.931204895919881,0.28028981029742456,3.0937355777043885,Rv0897c
smear_pos_no_contam_sputum_specimen_1,-0.12299294509730503,0.8842699009769226,0.2104012461222969,-0.28004618387205715,0.4790686653763671,1,0.5588410764111675,0.7557488372421193,0.29552450624146515,1.9326867753097223,Rv0897c
bl_prevtb,0.21944560694555482,1.24538610575913,0.17132783972523463,0.45425070508738574,0.3546472999826116,1,0.200245653659479,1.5749928066918448,0.7859632604362549,3.156130147551907,Rv0897c
Lineage_2,0.020951984471335297,1.0211730182980254,0.17868610260487713,0.04184850370467091,0.35689917759646184,1,0.9066573384720987,1.0427364960680112,0.5180616488934491,2.0987838079784598,Rv0897c
screen_sex,-0.02365043423128868,0.9766270454786887,0.18623129379246525,-0.04842628249380322,0.38132446762644406,1,0.8989443938566528,0.9527275694177112,0.4512162765813078,2.011651326955216,Rv0897c
peth_value_baseline,-0.22464535980149625,0.7987994549302037,0.27749133356530786,-0.0006396516791262688,0.0007901244771531422,1,0.41819419153955617,0.9993605528543967,0.9978141253135449,1.0009093770722233,Rv0897c
HIV_High_CD4,-0.03990282698886806,0.9608828064915087,0.18985381186928124,-0.106146604693383,0.5050353330515285,1,0.8335298490948533,0.8992927978663378,0.3342060137913678,2.419847348405656,Rv0897c
high_lung_involvement,-0.023924362783915028,0.9763595560838291,0.19477708172025862,-0.047846025377338355,0.38953218019152486,1,0.9022421491895558,0.9532805567918318,0.4442734315069828,2.0454606454292588,Rv0897c
HIV_Low_CD4,0.3039910555128276,1.3552569339571976,0.13551072427444175,1.020434380245233,0.45488115335596635,1,0.024877547784088055,2.7743996466556213,1.1375578212526083,6.766507385872528,Rv0897c
fstrom1_baseline,-0.0030985378132168686,0.9969062577007674,0.17774235864825347,-0.006642999401862263,0.3810643772522181,1,0.9860913836989087,0.993379016541057,0.47070888500182734,2.0964164942419687,Rv0897c
diabetes,0.23045715318747378,1.2591755144726169,0.14437706416624227,1.0793724117644796,0.6762064782854492,1,0.11044030863156865,2.9428320846066436,0.7819473001754709,11.075248518981898,Rv0897c
Indel_Sample1,-0.03798506317426227,0.9627273208740286,0.19083760615697198,-0.16421303019629274,0.8250090683981519,1,0.8422283970559746,0.8485612334580639,0.16843571906973676,4.2749612190615505,Rv0897c
underweight,0.2930707994825604,1.3405376964472546,0.19564364740690585,0.5879027358881138,0.392462967217223,1,0.13413774487844235,1.8002089399004861,0.8341762690959693,3.884972933610023,Rv0195
screen_years,0.014327711474741227,1.014430845100409,0.18720111085943225,0.0011226970543353769,0.014668786156163911,1,0.938992303294276,1.0011233275145899,0.9727505560326274,1.0303236638399496,Rv0195
smoked_substance_use,0.1626712269354019,1.1766497753358476,0.1993438021889087,0.3322880951801125,0.4071990699474954,1,0.4144809577831853,1.3941544398359258,0.6276281432618742,3.096844242854864,Rv0195
F2,0.0728333022119251,1.0755512299590868,0.14169931195485422,0.13248180308445381,0.25774720867361584,1,0.6072527018246874,1.1416582412415677,0.6888763803327177,1.89204271913819,Rv0195
TTP_baseline,-0.023270847177808095,0.9769978308294388,0.21944041771334094,-0.06512114297811214,0.6140821048713163,1,0.9155456070250471,0.9369539511099438,0.28119695376823517,3.1219495614596613,Rv0195
smear_pos_no_contam_sputum_specimen_1,-0.11831197650765715,0.8884188435673576,0.21292211854716325,-0.2693879514887383,0.4848085125038068,1,0.5784443589954387,0.7638468626313344,0.2953497075546925,1.975495538432818,Rv0195
bl_prevtb,0.22288695930173463,1.2496793011305498,0.1723482126385507,0.46137427778500034,0.35675946400255887,1,0.1959293555078795,1.5862524392396344,0.7883119255812462,3.191879659994261,Rv0195
Lineage_2,0.03933571805412274,1.040119611974725,0.1791180991954825,0.07856730444631412,0.3577620271726959,1,0.8261766755393177,1.0817361583654563,0.5365296870097217,2.1809662068038604,Rv0195
screen_sex,-0.02671090777481885,0.9736426733694733,0.18616607780056202,-0.0546928632649812,0.3811909323172766,1,0.8859119584314239,0.9467758929585203,0.4485149064336851,1.9985614271215704,Rv0195
peth_value_baseline,-0.22488781320843818,0.7986058067571707,0.27704620856489776,-0.0006403420371599149,0.0007888570351984764,1,0.4169443091604036,0.9993598629380487,0.9978159151767163,1.000906199691833,Rv0195
HIV_High_CD4,-0.03663748847893668,0.9640255423789018,0.18980983986586888,-0.09746038814786202,0.5049183619190047,1,0.8469416825808389,0.9071382742713054,0.3371989412652715,2.4403986725467024,Rv0195
high_lung_involvement,-0.027369632862725587,0.9730015217083944,0.19460065840632534,-0.05473617668926305,0.3891793534754344,1,0.8881503022515881,0.9467348857406567,0.44152806524143934,2.030011259620042,Rv0195
HIV_Low_CD4,0.3059172057964304,1.3578698781386347,0.13634088051489654,1.026900063808164,0.45766781419145086,1,0.02484737906598449,2.792396154013527,1.1387004216325944,6.847697719976271,Rv0195
fstrom1_baseline,0.0016886081086618227,1.0016900346101552,0.17809342048971194,0.0036202310031435273,0.38181702374014465,1,0.9924349021522042,1.0036267919543989,0.4748637376478487,2.1211700487343816,Rv0195
diabetes,0.23330092054930232,1.26276141301751,0.14496519953590295,1.092691521166725,0.6789610774966884,1,0.10753805790525552,2.9822901771032866,0.7881650650624146,11.284507642751752,Rv0195
Indel_Sample1,0.033632810284489154,1.0342047876378009,0.19220117085699406,0.13476404393566363,0.7701350798450342,1,0.8610894233021209,1.144266755814879,0.2529222939948645,5.17687226294766,Rv0195
underweight,0.2875185785231787,1.3331153592477356,0.19526401968285367,0.5767649292624146,0.39170143048963607,1,0.14089653501766172,1.7802698060720457,0.8261691311251179,3.8362127838105105,Rv0499
screen_years,0.014199980365089588,1.0143012789978865,0.18978918122371163,0.001112688244428387,0.014871583300670314,1,0.9403581222953701,1.0011133075116556,0.9723542565815829,1.030722956878255,Rv0499
smoked_substance_use,0.17761006926992676,1.1943595129473665,0.19997983342747408,0.36280362983890335,0.40849828931603105,1,0.3744655023063346,1.4373535781726288,0.6454301372677843,3.2009433545066956,Rv0499
F2,0.08435740486825907,1.0880176871445095,0.1405139635009872,0.1534438335358411,0.2555910919566402,1,0.5482737288576565,1.165842304043168,0.706448127416796,1.923974634721875,Rv0499
TTP_baseline,-0.043958403879405035,0.9569937638731557,0.2210926193432473,-0.12301320541738729,0.6187056262131783,1,0.8424008286312286,0.8842519855671763,0.2629861394701619,2.9731664777268882,Rv0499
smear_pos_no_contam_sputum_specimen_1,-0.12513082142939602,0.8823814606296672,0.21358603425831418,-0.2849139761500517,0.48632020133419807,1,0.5579717787248777,0.7520789482633263,0.2899391934576383,1.950832302716989,Rv0499
bl_prevtb,0.23549688811027397,1.2655374430381152,0.1699265629626099,0.48747673265802904,0.35174666794761816,1,0.16578523279015656,1.6282026417571132,0.817148802256563,3.244260819209382,Rv0499
Lineage_2,0.08973002125700509,1.093878919780263,0.1813258827013692,0.17922250429935824,0.3621717496193507,1,0.6207024712906579,1.1962868935341735,0.5882395117149687,2.432856520415248,Rv0499
screen_sex,-0.02059857784166094,0.9796121236658107,0.18713256977354126,-0.04217734608065651,0.3831699071155307,1,0.9123500633367267,0.9586997438531586,0.4524054156013055,2.031596367259445,Rv0499
peth_value_baseline,-0.27449686100977955,0.7599543897345762,0.28717280359322594,-0.0007815980628976519,0.0008176913432804487,1,0.33914320775316686,0.9992187073053048,0.9976185964051116,1.0008213846721838,Rv0499
HIV_High_CD4,-0.04832502182355143,0.9528240481346251,0.1900307341965267,-0.12855071621202777,0.5055059689875938,1,0.7992629619097852,0.8793689630246899,0.3265003659635803,2.3684193150870017,Rv0499
high_lung_involvement,-0.03337963003846833,0.9671713225999423,0.1938041092804411,-0.0667554927306353,0.3875863451250938,1,0.8632536783237961,0.9354238913188205,0.437617179550071,1.9995052693079367,Rv0499
HIV_Low_CD4,0.3141831573469865,1.369140481722048,0.13618277919380786,1.0546471339757366,0.4571371011304073,1,0.021050937327530328,2.870961910227153,1.171956857842962,7.033042415183849,Rv0499
fstrom1_baseline,-0.00939278303493906,0.9906511913632717,0.17846924267368428,-0.02013732148653144,0.3826227542794608,1,0.9580269510886105,0.9800640802093143,0.462983371818478,2.0746438420538404,Rv0499
diabetes,0.22095263627326658,1.2472643540770036,0.14585391279779786,1.034856920696174,0.683123467613858,1,0.12980025920101554,2.8147034809972875,0.7378310037440632,10.737629139648353,Rv0499
Indel_Sample1,0.22961925796816626,1.2581208992190118,0.1529987013756226,1.0142451011282116,0.6758064838390726,1,0.13340931619248297,2.757281143105333,0.7332186933934042,10.368801792189334,Rv0499
underweight,0.32420921757234955,1.382936611495215,0.19506748839644955,0.6503666907363496,0.391307186910376,1,0.09650552625196467,1.9162433688905551,0.8899577382465237,4.126025867309061,Rv2085
screen_years,0.015163194268864222,1.0152787387682818,0.18643489007801864,0.0011881641789046702,0.01460874629454469,1,0.9351776197391681,1.0011888703256078,0.9729287248909112,1.0302698732389235,Rv2085
smoked_substance_use,0.21015254281631654,1.233866263036586,0.203401931626203,0.42927805651469886,0.41548860046937647,1,0.301515679336384,1.5361481110086892,0.6804066557517563,3.4681480538257827,Rv2085
F2,0.053333469974635575,1.054781324380347,0.14101496301725217,0.09701213665187104,0.25650239650062606,1,0.7052735395355667,1.1018737465979271,0.6664945460033641,1.82165894788226,Rv2085
TTP_baseline,-0.04323391504397399,0.9576873463867153,0.22297732145245736,-0.1209857957284464,0.623979776938643,1,0.8462590564616392,0.8860465451492274,0.2608098488598478,3.0101565704014575,Rv2085
smear_pos_no_contam_sputum_specimen_1,-0.1471215391099685,0.8631890598105885,0.21364154737797908,-0.33498527546059276,0.4864466007573901,1,0.4910515399009757,0.7153486194539493,0.275710716007053,1.8560165334363738,Rv2085
bl_prevtb,0.24237060672748395,1.27426635700169,0.1706421371808107,0.5017052769059647,0.3532279010316813,1,0.15550743625707164,1.6515351955860869,0.8264559274594713,3.3003193656607075,Rv2085
Lineage_2,0.09226294259645526,1.0966531409977982,0.173525180620663,0.18428164169050315,0.34659099590267606,1,0.5949353725220226,1.2023544085423803,0.609556139007903,2.371653784168605,Rv2085
screen_sex,-0.05594170227263618,0.94559426027995,0.1854241528502063,-0.11454540965065828,0.37967177766312676,1,0.7628839121681514,0.8917714424690092,0.42371745744914,1.876855181730892,Rv2085
peth_value_baseline,-0.21896807196657633,0.8033473670457508,0.27044118252714766,-0.0006234862586622158,0.000770049987505825,1,0.41812995020957067,0.9993767080685063,0.9978695162086773,1.0008861764056358,Rv2085
HIV_High_CD4,-0.024328537417138488,0.9759650160552612,0.18972798114510803,-0.06471700976739322,0.5047006072903482,1,0.8979681340439448,0.9373326818421804,0.3485714587989284,2.5205521974656717,Rv2085
high_lung_involvement,-0.018572857214070905,0.9815985554503943,0.20239757790384827,-0.03714361822800866,0.4047723124818226,1,0.926885367089962,0.9635377438281308,0.4358388244668689,2.130156681009447,Rv2085
HIV_Low_CD4,0.3248351502282723,1.38380250764949,0.13629033869988053,1.0904036457449877,0.4574981558914876,1,0.017153285382903893,2.975474867968557,1.213760919649045,7.294229486703565,Rv2085
fstrom1_baseline,0.03331060307033315,1.033871613072816,0.17744581658927513,0.07141507692047865,0.38042861650338444,1,0.8510940554569792,1.0740269371533089,0.5095581455239571,2.263792408901222,Rv2085
diabetes,0.27578398481194516,1.3175632196179925,0.14994309298608913,1.291665807267585,0.7022756103047163,1,0.06587729497587123,3.6388431211337444,0.9187243969115523,14.412569541785146,Rv2085
Indel_Sample1,-2.727109185143543,0.06540809933503558,530.9464133373777,-17.347670881378807,3377.45319637451,1,0.9959018298411948,2.924167610489669e-08,0.0,inf,Rv2085
underweight,0.24954469624105666,1.2834409281589538,0.19671391008596448,0.5005889699878326,0.39460992405580414,1,0.20459568281121532,1.6496926040618924,0.7612204571111834,3.575160996361674,pknJ
screen_years,-0.015527361544137452,0.9845925664102069,0.18850517731453578,-0.0012166997568268925,0.014770970763271848,1,0.9343516896313304,0.9987840401222217,0.9702832202439443,1.028122034875614,pknJ
smoked_substance_use,0.18533987830256834,1.203627457472868,0.20037851007099114,0.3785932907884853,0.4093126650662041,1,0.3549924994772904,1.460229026361134,0.65465638034884,3.2570809258612656,pknJ
F2,0.09098540629776311,1.095253021345366,0.1452711746555011,0.1654999885303247,0.26424433013564846,1,0.5311088436750135,1.1799829491854383,0.7029922709209493,1.9806188744355828,pknJ
TTP_baseline,-0.03657892647843825,0.964081999296294,0.2216659494348525,-0.10236247451531749,0.6203100332458831,1,0.8689296196246571,0.9027022857861726,0.26763054876577275,3.0447623431686304,pknJ
smear_pos_no_contam_sputum_specimen_1,-0.13733659664269146,0.8716767732718608,0.21178609850073354,-0.3127056577540597,0.4822218756966867,1,0.5166820299384818,0.7314651819903796,0.2842664812002807,1.8821822052500596,pknJ
bl_prevtb,0.221987657225137,1.2485559671239719,0.17286532005138236,0.4595127294584377,0.357829872338156,1,0.19908410019272338,1.583302300430785,0.7851967678587751,3.192634352514674,pknJ
Lineage_2,-0.08743519196833419,0.9162782519166627,0.19227822236632908,-0.1746389207194869,0.3840474353173307,1,0.6493015647884446,0.8397601860363428,0.3955974748683951,1.7826129205864967,pknJ
screen_sex,-0.02756172384710378,0.972814634838504,0.1881025096978988,-0.05643498178440481,0.3851559418884912,1,0.8835069405867766,0.9451279330292028,0.44426823933800613,2.0106474663214495,pknJ
peth_value_baseline,-0.229612601200688,0.7948414634955959,0.28092260704743127,-0.0006537953244899037,0.0007998946315258881,1,0.4137274068695235,0.9993464183531037,0.997780905844355,1.0009143871419843,pknJ
HIV_High_CD4,-0.0621732099134609,0.9397201038558205,0.19037152787964057,-0.16538866123555485,0.506412523612748,1,0.7439789114926056,0.8475642247053453,0.3141329519494189,2.2868187197248973,pknJ
high_lung_involvement,-0.00733856184639981,0.9926882996501717,0.1987887136339346,-0.014676295436051492,0.3975549912515264,1,0.9705516706577831,0.9854308764517842,0.45209191856699765,2.1479570246302093,pknJ
HIV_Low_CD4,0.25509973073334374,1.290590325974512,0.14083824959785451,0.8563164307333408,0.47276454138021723,1,0.07009507465777995,2.354471840423429,0.9321280849461479,5.947184444793503,pknJ
fstrom1_baseline,0.024233699343566374,1.024529721838717,0.17824154069406953,0.05195497358707042,0.3821345807584111,1,0.8918529936921801,1.0533283138499916,0.49806980457714733,2.2276004820248305,pknJ
diabetes,0.2124087704172576,1.236653289055339,0.14701735592471074,0.9948407486345039,0.6885725864477837,1,0.14851771262447827,2.704293644530246,0.7013580713728083,10.427204611094194,pknJ
Indel_Sample1,0.24279607889599916,1.2748086372262604,0.13816758148165048,0.8982003214614741,0.5111374395610878,1,0.07887385428211285,2.4551805969700955,0.9015762567021504,6.685969954208595,pknJ
underweight,0.29299907436546,1.34044154967211,0.195166781699223,0.5877588546394543,0.39150637019461637,1,0.13328436337066185,1.7999499422232668,0.8356214907717111,3.877137950960919,lldD1
screen_years,0.013487712852852277,1.0135790823783626,0.18651108588990456,0.0010568760765677092,0.014614716879149761,1,0.9423505293042783,1.0010574347668932,0.9727896155315975,1.0301466747817298,lldD1
smoked_substance_use,0.16075374791021801,1.1743957357990444,0.1993743668305896,0.3283712657270514,0.4072615042621271,1,0.42007510669248294,1.3887044549620977,0.6250981416605044,3.0851156557732335,lldD1
F2,0.06231524771367275,1.0642978092990842,0.14340976225000188,0.11334974697069339,0.2608584714106553,1,0.6639066331684291,1.1200235893117474,0.6717134372597938,1.8675416792795134,lldD1
TTP_baseline,-0.02866178208428667,0.9717450704855953,0.21992226374434581,-0.08020713620165382,0.6154305028921855,1,0.8963078156759298,0.9229251553749342,0.2762555994487912,3.0833432666103864,lldD1
smear_pos_no_contam_sputum_specimen_1,-0.1152500879113357,0.8911432518821285,0.21157983301753483,-0.26241624903732685,0.48175222386918853,1,0.5859515650908713,0.7691907821394912,0.29920292487046535,1.977435413054563,lldD1
bl_prevtb,0.21173033854311657,1.2358145885795193,0.17186811764349214,0.4382801593082874,0.3557656710848069,1,0.21797338968033908,1.550039104477824,0.7718170468769411,3.112941383106674,lldD1
Lineage_2,0.05429842613576916,1.055799633350698,0.17762687793248305,0.10845311051128888,0.354783532289097,1,0.7598421205022375,1.1145526465093445,0.556042896859178,2.2340499426532325,lldD1
screen_sex,-0.026938801344112005,0.9734208117468018,0.18640253623137235,-0.055159494797289856,0.38167510113449493,1,0.8850902592751932,0.9463342005346571,0.44788044464364185,1.9995256095945777,lldD1
peth_value_baseline,-0.2140404840291813,0.8073157009686983,0.2775064222455366,-0.0006094555219446525,0.0007901674404249082,1,0.44052960098704763,0.9993907301583488,0.9978441718956886,1.0009396854310102,lldD1
HIV_High_CD4,-0.03665673387444744,0.9640069895045855,0.1897167915953281,-0.09751158335240276,0.5046708416620251,1,0.8467880985917566,0.9070918343305687,0.3373452956368587,2.439090174225907,lldD1
high_lung_involvement,-0.01834214360587293,0.9818250497215748,0.19466613334929306,-0.036682217050788626,0.3893102959716299,1,0.9249315392089889,0.9639824238574846,0.4494564226850041,2.067524384132369,lldD1
HIV_Low_CD4,0.30424242605861623,1.3555976484533705,0.13652668193958076,1.02127817858223,0.45829151070556856,1,0.025850745664986036,2.776741668421711,1.1309334155168238,6.8176377029463495,lldD1
fstrom1_baseline,-0.010235378133994093,0.9898168250903865,0.17864722938086533,-0.021943773134518122,0.3830043425190168,1,0.9543111613402954,0.9782952399796782,0.46180225897758026,2.0724488846932205,lldD1
diabetes,0.23405229959390064,1.2637105820297754,0.14446986616826824,1.0962106907837237,0.6766411270666127,1,0.10521574896878247,2.9928038509337807,0.7945482627962406,11.272914824131991,lldD1
Indel_Sample1,0.09896560403318055,1.1040283247841691,0.14399163457669975,0.5028854973038949,0.7316815318726975,1,0.49189302681111446,1.6534855217928157,0.39408685361924684,6.937593440810308,lldD1
underweight,0.2934945063215266,1.341105811785809,0.19483823954408505,0.5887526957281339,0.3908473115910257,1,0.13197744878381887,1.8017396956513478,0.8375335482740196,3.8759831621977194,eccC2
screen_years,0.020931791923561305,1.0211523984212527,0.18716214487351576,0.0016401824657044713,0.014665732842472828,1,0.9109520603692209,1.0016415283006692,0.9732598948681008,1.0308508102581058,eccC2
smoked_substance_use,0.1587346875959548,1.1720269521389093,0.20022628389023117,0.3242469364371106,0.4090017130398733,1,0.4279080648634871,1.3829887752780103,0.6204056809937737,3.082914955712931,eccC2
F2,0.004225838286417457,1.0042347797316262,0.20998496876570177,0.007686685331098974,0.38195696800574297,1,0.9839440719497348,1.0077163037372752,0.4766679197258426,2.130397509028886,eccC2
TTP_baseline,-0.023110557660504943,0.9771544458916896,0.2197982515626537,-0.06467258876371527,0.6150834671803657,1,0.9162612198438173,0.937374320025486,0.2807715212782016,3.1294862521780273,eccC2
smear_pos_no_contam_sputum_specimen_1,-0.11497266692118238,0.8913905080208697,0.2112837744760504,-0.26178458118388226,0.48107811963760155,1,0.5863297849258571,0.7696768087172566,0.29978780555017714,1.9760723381993153,eccC2
bl_prevtb,0.22523817417634112,1.2526210226463435,0.1713581426623465,0.466241274347237,0.3547100268275044,1,0.18870175479486484,1.5939915422253053,0.7953463465266961,3.194594465394358,eccC2
Lineage_2,0.2829283790821643,1.3270101167310522,0.558422473675251,0.5651077747014911,1.1153666608688972,1,0.6123958536360354,1.759637416900087,0.1977066900137645,15.661199116424646,eccC2
screen_sex,-0.020022488033893518,0.9801766308136147,0.1858812008465642,-0.04099775303386847,0.38060762244163715,1,0.9142205137194473,0.959831286653769,0.45521976107475126,2.0238051543815723,eccC2
peth_value_baseline,-0.22230541076184457,0.8006707935122463,0.27877010592857593,-0.0006329889448788057,0.0007937656335523105,1,0.42518933522984925,0.9993672113503597,0.9978136525481698,1.0009231889859114,eccC2
HIV_High_CD4,-0.03132130670247201,0.9691641241145126,0.1902241490027124,-0.0833186671699978,0.5060204770193122,1,0.8692157474074023,0.9200579082499337,0.3412634301291287,2.4805076659193706,eccC2
high_lung_involvement,-0.021991779609220007,0.9782482766012712,0.19531333406170534,-0.04398107714630573,0.39060462435103105,1,0.9103497220506573,0.9569720659441076,0.44505737476571944,2.0577021905982633,eccC2
HIV_Low_CD4,0.31359232817238475,1.3683317925034348,0.13685569369060924,1.0526638440345295,0.45939593432647996,1,0.021939786443685206,2.8652736029948196,1.164468032314912,7.050251782093321,eccC2
fstrom1_baseline,0.0028902771972099386,1.0028944580753436,0.1775753163542375,0.006196506497478697,0.3807062528961104,1,0.987013928617044,1.006215744559597,0.4771263025762391,2.122016998712502,eccC2
diabetes,0.2327268748710113,1.2620367383037485,0.14446486103538977,1.0900029126350734,0.6766176849548297,1,0.1071887996475006,2.974282735550663,0.7896674423662479,11.202637105673901,eccC2
Indel_Sample1,-0.26643034368529106,0.7661093662227701,0.5594495591457479,-0.5386885366073624,1.1311364169459457,1,0.6339058430020162,0.5835130067381674,0.06356608691720438,5.356432109406165,eccC2
underweight,0.2921797186801684,1.3393437010932419,0.1952192618690087,0.5861152195523051,0.3916116459008668,1,0.13447793782812587,1.7969939113266518,0.8340770437108493,3.8715693492512964,espK
screen_years,0.016602180125780342,1.0167407621774194,0.18727399585760368,0.0013009208592466837,0.014674497310586345,1,0.9293586256601412,1.0013017674238525,0.9729130482720773,1.0305188436179242,espK
smoked_substance_use,0.14148353686155032,1.151981538873128,0.20161097784080978,0.28900805538117175,0.41183022379689804,1,0.48282570143682824,1.3351024832445975,0.5956128812796384,2.992713382786987,espK
F2,0.07449988256300256,1.0773452170020599,0.1405648694489267,0.13551326758201868,0.25568368849649126,1,0.5961094558879738,1.1451243887653981,0.6937680797879552,1.8901271245372349,espK
TTP_baseline,-0.030290868358658,0.9701633026970001,0.21924114147432194,-0.08476597152837903,0.6135244502077736,1,0.8901121207050087,0.9187272675826523,0.276028323384906,3.057873850948594,espK
smear_pos_no_contam_sputum_specimen_1,-0.12782624222547134,0.8800062737926477,0.2105065838050621,-0.2910512574979623,0.47930851178424827,1,0.5436972475268996,0.7474773632167171,0.2921526971129432,1.912432827226029,espK
bl_prevtb,0.21573536746055322,1.2407739863800065,0.17146834119324,0.4465705381177039,0.35493813693212084,1,0.20833229662219233,1.5629429307201843,0.7795055839490017,3.1337692185769064,espK
Lineage_2,0.0360424880555875,1.0366998929178715,0.17254388472551832,0.07198956246762066,0.34463100185249324,1,0.8345350339034658,1.0746441273724006,0.5469079407777693,2.1116168085869034,espK
screen_sex,-0.02324068800535621,0.9770272967198351,0.18604850351438318,-0.047587292127126375,0.38095018893215216,1,0.9005889742437613,0.9535272340790865,0.4519264008717594,2.011863401599579,espK
peth_value_baseline,-0.22146846327708175,0.8013411934246262,0.2784335673862027,-0.0006306058337188775,0.000792807378977589,1,0.42637583963449,0.9993695929563517,0.9978179044962582,1.0009236944189241,espK
HIV_High_CD4,-0.04605812396687284,0.9549864529765656,0.18995488121416826,-0.12252047903759729,0.5053041903884118,1,0.8084169628214748,0.8846877872035113,0.32860511960912314,2.381802455658745,espK
high_lung_involvement,-0.04591378700495794,0.9551243027680288,0.19673996050081285,-0.09182239201312756,0.3934577162150038,1,0.8154718080332712,0.9122671610913635,0.42190068120785357,1.9725765097679198,espK
HIV_Low_CD4,0.30334624540181815,1.3543833322670364,0.1350610611751651,1.0182698875929943,0.4533717283985265,1,0.024704433784530997,2.768400973390161,1.1384613164782662,6.731931808781753,espK
fstrom1_baseline,-0.015642796133851833,0.9844789169309341,0.17783125038638012,-0.033536813692374316,0.38125495351715405,1,0.9299050743858444,0.9670193110246834,0.4580473153802209,2.0415496750994238,espK
diabetes,0.2187653139744011,1.244539166461099,0.14558286216339567,1.0246123467596382,0.6818539709941241,1,0.1329200608888762,2.7860152433677405,0.7321302240729475,10.601776406794045,espK
Indel_Sample1,-0.1544823510884785,0.8568586146305246,0.2592871179679708,-0.7045869299562059,1.1825966729468713,1,0.5513111983856401,0.4943127178664511,0.04868258953788921,5.019146790750438,espK
underweight,0.2979598093523853,1.3471076456628701,0.19915541548388482,0.597710134930696,0.39950760647813083,1,0.13462315994055774,1.8179511676767346,0.8308463613159073,3.9778069712224258,ahpD
screen_years,-0.01012814955162374,0.9899229674359922,0.1943794128010101,-0.0007936259525830177,0.015231266665291062,1,0.9584449869490868,0.9992066888852,0.9698184789929442,1.0294854436571206,ahpD
smoked_substance_use,0.16516180074433623,1.1795839608346455,0.20607370253570162,0.33737558386798544,0.4209462200066502,1,0.42285985660024905,1.401265257542899,0.6140592563530597,3.197646321070693,ahpD
F2,0.09902517174337111,1.1040940911822195,0.1409321507165405,0.1801241040140771,0.2563517631696818,1,0.48227745048952764,1.1973659518223327,0.7244691355443534,1.9789458960265505,ahpD
TTP_baseline,-0.08103819437452182,0.9221584695060197,0.22846414813324517,-0.2267772978881447,0.6393341137208658,1,0.7228079198245968,0.7970982779949376,0.22767203356419918,2.7907058009535173,ahpD
smear_pos_no_contam_sputum_specimen_1,-0.18208286025768816,0.8335322708554596,0.2134908593377209,-0.41458971588437826,0.48610349481260545,1,0.39372383749863227,0.6606112634192117,0.2547850428656961,1.7128448218460328,ahpD
bl_prevtb,0.2639781638299803,1.3020997631186493,0.17337727413250248,0.5464327525918193,0.3588896133170623,1,0.12786757985157685,1.7270810904726317,0.8547228933392889,3.4897966537607235,ahpD
Lineage_2,0.11836091088823063,1.1256502975131446,0.18122103843478804,0.23640849030653502,0.3619623386356591,1,0.5136724232287474,1.2666916357530167,0.6231147067372207,2.5749796670475695,ahpD
screen_sex,0.008291867537881652,1.008326340286796,0.19232820623547067,0.01697830643884858,0.3938084161839026,1,0.9656113669811108,1.017123257060329,0.47007077707681383,2.2008169205633443,ahpD
peth_value_baseline,-0.21946985522789167,0.8029443619030189,0.2833081468167946,-0.0006249150284616073,0.0008066871801030949,1,0.4385356564280294,0.9993752801902677,0.997796438565747,1.000956620060702,ahpD
HIV_High_CD4,-0.061677442383725405,0.9401861020742001,0.19295757621388293,-0.16406985642973673,0.5132917417275293,1,0.7492393515841638,0.8486827338636393,0.3103349180842297,2.320919563949199,ahpD
high_lung_involvement,-0.04278027240038964,0.9581218927631887,0.19591276987386388,-0.08555571646383207,0.39180342832084486,1,0.8271456067234382,0.9180019938043589,0.4259316783683204,1.978551264036382,ahpD
HIV_Low_CD4,0.2715102982009126,1.3119443824537549,0.13846506664712754,0.9114032727293698,0.46479826267031144,1,0.049895619802233136,2.4878111626235344,1.0004155041167029,6.186633809058065,ahpD
fstrom1_baseline,-0.039289210638201066,0.9614726008278649,0.17690614893202938,-0.0842326989381629,0.37927161531753606,1,0.8242432765900428,0.9192173303092345,0.4371008181619251,1.9331020790444242,ahpD
diabetes,0.20850186054391973,1.2318312219349,0.14846158872324264,0.9765422897921322,0.695336815795148,1,0.16019494909023657,2.6552592338407557,0.6795715001398508,10.374775277429487,ahpD
Indel_Sample1,0.31758064340406567,1.373800028309102,0.08527911027437951,2.5354080461227606,0.6808265769546709,1,0.00019607965478278855,12.621579984198597,3.323480162335034,47.93297191989178,ahpD
underweight,0.29674579723849587,1.345473232961468,0.19486901789806593,0.5952748153955632,0.3909090532539394,1,0.1278097044667818,1.8135292622459587,0.8429118864622805,3.901817542075373,"moeW_c.-360delC,mmpL9_c.-270delG"
screen_years,0.016340314985959517,1.0164745480731883,0.18793554908766777,0.0012804015165988189,0.01472633558664239,1,0.9307141360517517,1.001281221580587,0.9727942429017721,1.0306024033400316,"moeW_c.-360delC,mmpL9_c.-270delG"
smoked_substance_use,0.16428631997158696,1.1785517096810423,0.200198989373026,0.33558724155432484,0.40894595860006344,1,0.41186552598749293,1.398761554996047,0.6275498876376057,3.117734424430028,"moeW_c.-360delC,mmpL9_c.-270delG"
F2,0.0757394364676179,1.0786814724816665,0.1407147926237012,0.13776798254504458,0.2559563946887833,1,0.5904059401636907,1.1477092308052304,0.6949625410374741,1.8954064437906228,"moeW_c.-360delC,mmpL9_c.-270delG"
TTP_baseline,-0.02035991672196253,0.9798459468932618,0.21898318780388726,-0.05697519466062955,0.6128025926094767,1,0.9259235861353635,0.9446175006335904,0.2842087698399791,3.1396012973338308,"moeW_c.-360delC,mmpL9_c.-270delG"
smear_pos_no_contam_sputum_specimen_1,-0.11730563417139114,0.8893133470748601,0.21098448231730574,-0.26709658159986194,0.4803966526896155,1,0.5782164861097374,0.7655991251061469,0.2985981112749591,1.9629796647426156,"moeW_c.-360delC,mmpL9_c.-270delG"
bl_prevtb,0.2174659649334092,1.2429231258164761,0.17018816841462767,0.4501528614697604,0.35228818920515353,1,0.20132094222196817,1.568551938319904,0.7863767296657755,3.1287232828631937,"moeW_c.-360delC,mmpL9_c.-270delG"
Lineage_2,0.04468657180182374,1.0457000566554187,0.1745525085641283,0.08925484686933245,0.3486429321909469,1,0.7979458402964996,1.093359260008653,0.5520742429289716,2.1653509229201098,"moeW_c.-360delC,mmpL9_c.-270delG"
screen_sex,-0.01975652195335845,0.9804373592212637,0.1869680179237871,-0.04045316478555963,0.38283297315976716,1,0.9158458322773516,0.9603541418503154,0.45348549056938714,2.0337587352818267,"moeW_c.-360delC,mmpL9_c.-270delG"
peth_value_baseline,-0.25907696853633955,0.7717636192414478,0.2878816986203325,-0.0007376917025735482,0.000819709839877991,1,0.3681508642746113,0.9992625803250555,0.9976584522434188,1.00086928767307,"moeW_c.-360delC,mmpL9_c.-270delG"
HIV_High_CD4,-0.03717930318944798,0.9635033606343821,0.18956115099518867,-0.098901684322435,0.5042568178320381,1,0.844505630076147,0.9058317611091729,0.3371501542696061,2.433726246430835,"moeW_c.-360delC,mmpL9_c.-270delG"
high_lung_involvement,-0.017049185916455704,0.9830953290009912,0.19547932545632404,-0.03409644759985581,0.3909365884058767,1,0.9304987601083408,0.9664782856312424,0.4491860637877659,2.0794952290373034,"moeW_c.-360delC,mmpL9_c.-270delG"
HIV_Low_CD4,0.30217930254094744,1.3528037661175345,0.13534704836778164,1.0143527045265208,0.4543317275773294,1,0.02557363594088188,2.7575778518895753,1.131878771171053,6.718242097044109,"moeW_c.-360delC,mmpL9_c.-270delG"
fstrom1_baseline,0.005285539799673765,1.0052995329080083,0.1782495567795187,0.011331744146539646,0.3821517665583123,1,0.9763442179434011,1.0113961915630683,0.4782259521504182,2.138993611092304,"moeW_c.-360delC,mmpL9_c.-270delG"
diabetes,0.21793487999596933,1.2435060878609359,0.14736362313194806,1.0207229143262613,0.6901943684815428,1,0.13916918788393473,2.775200271006226,0.7174635096804105,10.734673527332024,"moeW_c.-360delC,mmpL9_c.-270delG"
Indel_Sample1,0.09679464663553458,1.1016341261172546,0.14890180061953712,0.7163980950898691,1.102054401014021,1,0.5156554518982589,2.0470466484082563,0.2360789868521007,17.749991376338322,"moeW_c.-360delC,mmpL9_c.-270delG"
underweight,0.3185877380049852,1.37518427181544,0.19508512839882652,0.6390899507021064,0.39134257291838775,1,0.1024542026455578,1.8947557732970863,0.8799172607236418,4.080042068376008,gmhA
screen_years,0.026818658209835436,1.0271815149383732,0.18767766023625207,0.002101468097434124,0.014706127819732736,1,0.8863711761295001,1.0021036777290688,0.9736318611213254,1.0314080927483014,gmhA
smoked_substance_use,0.12300324623498357,1.1308880920700177,0.2003158297054177,0.25125841344163374,0.40918462804531247,1,0.539184560044893,1.2856422686522522,0.5765295283473684,2.866940827269172,gmhA
F2,0.05560852820099629,1.057183745096675,0.14444439596440672,0.1011504059160242,0.2627404421006219,1,0.7002505681957999,1.1064430448287932,0.6611256292013363,1.8517149500449834,gmhA
TTP_baseline,-0.03691222066918018,0.963760729908114,0.22284610038305314,-0.10329516503935555,0.6236125678741375,1,0.8684402927691542,0.9018607364317527,0.2656559207950736,3.061677622252738,gmhA
smear_pos_no_contam_sputum_specimen_1,-0.12656492366327127,0.8811169423468177,0.21205480673964774,-0.28817932488661074,0.4828337052355547,1,0.550607493518929,0.7496271533810047,0.2909755611411062,1.9312304678866132,gmhA
bl_prevtb,0.2185196691198715,1.2442334893641374,0.17021623026997035,0.452334020966714,0.3523462770281585,1,0.19922001874391004,1.5719769341498706,0.7880040952695003,3.135911978546377,gmhA
Lineage_2,0.17094969879922742,1.186431068613341,0.20081201320026665,0.34144685021599347,0.4010924258678684,1,0.3946070614225742,1.4069818105394003,0.641029463027173,3.0881541791236113,gmhA
screen_sex,-0.03649081970554798,0.964166945192153,0.18776375347059304,-0.07471806759274965,0.38446230960252076,1,0.8459062817975175,0.9280050841576843,0.43681288872748414,1.9715385201460627,gmhA
peth_value_baseline,-0.1987715858743308,0.819737111486075,0.278045084673111,-0.000565979100478443,0.000791701219384708,1,0.4746771604525849,0.9994341810354801,0.997884555735855,1.0009862127643414,gmhA
HIV_High_CD4,-0.023654858027900273,0.9766227250888304,0.18969797926188697,-0.06292493674360727,0.5046207984577757,1,0.9007630606250241,0.9390139564891382,0.3492513108335346,2.524678313667537,gmhA
high_lung_involvement,-0.03907281060229561,0.9616806860472186,0.195473107037832,-0.07814121130525031,0.3909241522707259,1,0.8415678468467711,0.9248338203313108,0.42984161711220653,1.9898436102461754,gmhA
HIV_Low_CD4,0.3032513065511705,1.3542547547737311,0.1377787578859382,1.01795119773201,0.4624944677306884,1,0.02773589001931078,2.767518852637738,1.117929929531206,6.851199164975485,gmhA
fstrom1_baseline,-0.003450414231118846,0.996555531607563,0.1777084608840948,-0.007397392271841633,0.3809917033522676,1,0.9845091265588203,0.992629901092995,0.47042092063348523,2.0945372055669425,gmhA
diabetes,0.24178643244998937,1.2735221807587256,0.14555844936702017,1.1324343858104187,0.6817396308725993,1,0.09669434092508217,3.1032017026232754,0.8156656606844351,11.806137332155748,gmhA
Indel_Sample1,0.28843988923151254,1.3343441386605535,0.16480563472544774,0.8851077623706984,0.5057232096662,1,0.08008687836833303,2.4232455120969774,0.8993423412463486,6.529347660603078,gmhA
underweight,0.2933394016076815,1.34089781608361,0.19560346285879324,0.5884415542367958,0.39238235664183463,1,0.13370155293395747,1.8011791868787292,0.834757735837908,3.886452708328159,"Rv0236A_c.-71delG,lpqI_c.-44delC"
screen_years,0.014382840915642191,1.0144867716473174,0.18717926716371078,0.0011270169110700538,0.014667074518343348,1,0.9387508887778742,1.0011276522332795,0.9727580215377675,1.0303246582142993,"Rv0236A_c.-71delG,lpqI_c.-44delC"
smoked_substance_use,0.16266872748096872,1.1766468343570258,0.1993442491459613,0.33228298955099644,0.4071999829455125,1,0.4144891752790474,1.3941473218185965,0.6276238157353384,3.0968339731607277,"Rv0236A_c.-71delG,lpqI_c.-44delC"
F2,0.07276142859267631,1.075473928977486,0.14167639280174804,0.13235106691867377,0.25770551935517966,1,0.6075492846585004,1.1415089949766313,0.6888426078917114,1.8916408054383913,"Rv0236A_c.-71delG,lpqI_c.-44delC"
TTP_baseline,-0.02336528646283137,0.9769055682095025,0.21941348084903378,-0.065385421890511,0.6140067247453361,1,0.915193788419893,0.9367063666558928,0.2811641859462065,3.120663516873215,"Rv0236A_c.-71delG,lpqI_c.-44delC"
smear_pos_no_contam_sputum_specimen_1,-0.11870198740767525,0.8880724180938313,0.21285530496435387,-0.2702759785551051,0.4846563827301699,1,0.5770730534931341,0.7631688470354152,0.2951755444818613,1.9731536029102008,"Rv0236A_c.-71delG,lpqI_c.-44delC"
bl_prevtb,0.22266870705838085,1.249406585581078,0.17233546035378902,0.46092249733329616,0.3567330668719665,1,0.19633445364295954,1.5855359632532267,0.7879966299628633,3.190272896075473,"Rv0236A_c.-71delG,lpqI_c.-44delC"
Lineage_2,0.03877326296291726,1.039534755896565,0.17901617525387306,0.07744388322575022,0.35755844910810386,1,0.8285272284402582,1.0805215953707574,0.5361411573090722,2.1776483714148362,"Rv0236A_c.-71delG,lpqI_c.-44delC"
screen_sex,-0.02662705146256546,0.97372432287688,0.1861554453814361,-0.05452116030907103,0.38116916153171093,1,0.8862612355195949,0.9469384711351031,0.44861106618669855,1.9988193241370236,"Rv0236A_c.-71delG,lpqI_c.-44delC"
peth_value_baseline,-0.22482066167414694,0.7986594361630167,0.27706941737520435,-0.0006401508309328945,0.0007889231196014494,1,0.4171224558713865,0.9993600540218958,0.9978159767251742,1.000906520711806,"Rv0236A_c.-71delG,lpqI_c.-44delC"
HIV_High_CD4,-0.03671848691873539,0.9639474609763216,0.18982067162639724,-0.09767585431953184,0.5049471757823247,1,0.8466161398689538,0.9069428377159123,0.33710725574904876,2.4400106994330475,"Rv0236A_c.-71delG,lpqI_c.-44delC"
high_lung_involvement,-0.02729885726802625,0.9730703889067664,0.19458899769040075,-0.05459463348785509,0.389156033359656,1,0.8884309999047455,0.946868899111386,0.4416107490192684,2.0302058183490663,"Rv0236A_c.-71delG,lpqI_c.-44delC"
HIV_Low_CD4,0.30576459461169453,1.3576626678195232,0.1363221891615124,1.0263877799863532,0.45760507122825966,1,0.02489968866814241,2.790966020988021,1.1382572005960585,6.843349048203404,"Rv0236A_c.-71delG,lpqI_c.-44delC"
fstrom1_baseline,0.0015210865199338387,1.001522243958815,0.17810350442450634,0.0032610790802681147,0.38183864283174385,1,0.9931857786845669,1.0032664021834325,0.47467310646684285,2.1204982124269525,"Rv0236A_c.-71delG,lpqI_c.-44delC"
diabetes,0.23317650229685602,1.2626043122225514,0.1449624206440781,1.092108794063864,0.6789480622392771,1,0.10771900056719406,2.980552822039597,0.7877260079001468,11.277646079821084,"Rv0236A_c.-71delG,lpqI_c.-44delC"
Indel_Sample1,0.031545075706564944,1.0320478948352627,0.1924399937530511,0.12561501023311183,0.7663114208192786,1,0.8697928462882445,1.1338455653047044,0.252504104358321,5.091425223475889,"Rv0236A_c.-71delG,lpqI_c.-44delC"
underweight,0.2919587892570957,1.3390478333462121,0.1942327034608487,0.5856720330851034,0.3896326006043216,1,0.13280315374785606,1.7961976843950411,0.8369475863497072,3.8548723648245646,pks15
screen_years,-0.01674164706459867,0.983397715505154,0.18812279184646655,-0.0013118492703655526,0.014741007636265919,1,0.9290873234794315,0.9986890108277412,0.9702478803940147,1.0279638435726952,pks15
smoked_substance_use,0.19020198983980943,1.2094938784600615,0.20066706549475388,0.388525113469731,0.4099020964851611,1,0.3432065533735673,1.4748040204457828,0.6604272976087614,3.2933933933353963,pks15
F2,0.07787718567040786,1.0809898894686987,0.14375273774144426,0.1416564904161266,0.26148233453562875,1,0.587994861957151,1.1521807954056484,0.6901547246763681,1.9235115515931631,pks15
TTP_baseline,-0.02473335780836776,0.975570005475199,0.22288849326351692,-0.06921383299287487,0.6237312001185438,1,0.9116421937237933,0.9331271253773207,0.2748019778457063,3.168558825307402,pks15
smear_pos_no_contam_sputum_specimen_1,-0.17031333273986263,0.8434005101979603,0.2120030491660973,-0.38779133923979436,0.48271585692362257,1,0.4217706038291289,0.6785539160692133,0.26344859021705375,1.747723973901378,pks15
bl_prevtb,0.23614508470333115,1.2663580260178935,0.1720642197937715,0.4888184945804015,0.35617160101556944,1,0.16993144702803342,1.630388768366472,0.8111802316368757,3.2769136035916957,pks15
Lineage_2,-0.03603537515597433,0.9646061697858511,0.18160571526525532,-0.0719753554980508,0.36273067395907127,1,0.842711434325236,0.9305538285642633,0.4570719719895328,1.8945165770861103,pks15
screen_sex,-0.034456475959214784,0.9661303886698545,0.18912663016631995,-0.07055257515459812,0.3872529159493665,1,0.8554357150548919,0.9318787445687905,0.4362436579055595,1.9906260614729683,pks15
peth_value_baseline,-0.21757507161995027,0.8044672099962326,0.2774084599267829,-0.0006195198512922609,0.0007898885040527647,1,0.43285645173300735,0.9993806720115079,0.9978346748351408,1.0009290644817344,pks15
HIV_High_CD4,-0.03537002219492622,0.9652481869174784,0.19049808035867885,-0.09408876631644186,0.5067491693338443,1,0.8527025528194228,0.910201963379204,0.3371258799364634,2.4574429417744357,pks15
high_lung_involvement,0.006210208689648467,1.006229532015552,0.19777904339190555,0.012419716472584946,0.3955357647225195,1,0.9749507559610981,1.0124971614339322,0.4663512669945534,2.1982367680020536,pks15
HIV_Low_CD4,0.2842319329565396,1.3287410738628787,0.13602727537002376,0.9541071393140782,0.4566151073244343,1,0.036660793742203435,2.5963513676425163,1.0609428290561012,6.353820620340614,pks15
fstrom1_baseline,-0.014155165911290712,0.98594454740904,0.17969294114816603,-0.030347462045119112,0.3852462588884307,1,0.9372122335281804,0.9701083991328434,0.45592987935096274,2.064155802659396,pks15
diabetes,0.1938438769783915,1.2139067493716773,0.1497085719454476,0.9078899487651744,0.701177204211672,1,0.19538642464301204,2.479086012162466,0.6272612752120202,9.797938592051983,pks15
Indel_Sample1,0.22508302870350413,1.2524266992400876,0.1357341062213626,1.0605850777081427,0.6395753976816289,1,0.09726412237991056,2.8880602347129476,0.8245152285210349,10.116116271486687,pks15
underweight,0.28453080748260434,1.329138260073056,0.1943087541507604,0.5707714329056905,0.3897851589920703,1,0.1431056740324047,1.7696316771141614,0.8243225014187212,3.7989940432975753,Rv2642
screen_years,0.004773262489293472,1.0047846726540361,0.18654150297991187,0.00037402538051849746,0.014617100314732817,1,0.9795857928829566,1.0003740953367326,0.9721210309891885,1.0294482875269841,Rv2642
smoked_substance_use,0.15916354983411396,1.1725296980374467,0.19898730543674426,0.325122972223508,0.4064708549524633,1,0.4237873618658463,1.3842008537718917,0.6240372204412723,3.0703489164123474,Rv2642
F2,0.06719891969859494,1.0695082032657317,0.1421883846038184,0.12223301397337491,0.2586368185691762,1,0.6364951240438098,1.1300173809451821,0.6806644432232186,1.8760187842211795,Rv2642
TTP_baseline,-0.028201015849625716,0.972192920972041,0.2185785682663111,-0.07891772788671043,0.6116703052218752,1,0.8973417909043369,0.9241159502897954,0.2786581557680364,3.064652054508318,Rv2642
smear_pos_no_contam_sputum_specimen_1,-0.1401152215541064,0.8692580723624291,0.20986341064553207,-0.31903238895183667,0.4778440522678685,1,0.5043572906025716,0.7268520069504387,0.2849078393748685,1.8543324085679145,Rv2642
bl_prevtb,0.2135012164156618,1.2380050041958466,0.1707948666654017,0.44194586277542,0.35354404988072297,1,0.21128322205555816,1.5557315151678441,0.7780319086629216,3.110798567947961,Rv2642
Lineage_2,0.020018700353877806,1.020220418331226,0.1716152583219423,0.03998440611046144,0.34277620735589204,1,0.9071384276149342,1.040794544030691,0.5316102796904401,2.0376831003246187,Rv2642
screen_sex,-0.0409525783339217,0.9598746477235475,0.18514655318077294,-0.08385389916538698,0.37910336864870026,1,0.8249444438253732,0.9195655955823261,0.43741063883672937,1.933196885259831,Rv2642
peth_value_baseline,-0.22453799354973364,0.7988852236378395,0.27614149181961084,-0.0006393459661425591,0.000786280958907527,1,0.4161454745548405,0.9993608583719398,0.9978219470797326,1.000902143081541,Rv2642
HIV_High_CD4,-0.04898516151074192,0.9521952587327961,0.1900726176870256,-0.13030677190297343,0.5056173844096241,1,0.7966244451485873,0.8778260972283424,0.3258563511718446,2.3647802297054765,Rv2642
high_lung_involvement,-0.020922549899855664,0.9792948081133359,0.19388776678859224,-0.04184273840472614,0.38775365069950585,1,0.914066589604615,0.9590205858214635,0.44850927006767183,2.050616442979147,Rv2642
HIV_Low_CD4,0.3034763679250446,1.3545595795102663,0.1356664159899121,1.0187066816826116,0.4554037778750243,1,0.025290871125046206,2.7696104587018167,1.1344315388325072,6.761749678473132,Rv2642
fstrom1_baseline,-0.011437736404728322,0.9886274258295359,0.1766555866888652,-0.024521526176369605,0.3787344313514831,1,0.9483762649230252,0.9757766839513339,0.46448436955822453,2.0498862811005902,Rv2642
diabetes,0.22317170218542307,1.250035189084316,0.14452416788562275,1.0452501694729661,0.6768954553650111,1,0.1225441081378254,2.8441099441459987,0.7546957852764281,10.718174835741728,Rv2642
Indel_Sample1,-1.7321214829746883,0.1769087027815626,307.81977276965387,-15.12120752053015,2687.2287589082403,1,0.9955102764098396,2.7098360378643473e-07,0.0,inf,Rv2642
underweight,0.2917326439884811,1.3387450482522507,0.19559505134596913,0.5852183835834764,0.39236548306926794,1,0.13582675048807313,1.7953830250095753,0.8320990190102655,3.873818058728857,"tgs3_c.-98delG,Rv3235_c.-13delC"
screen_years,0.013490031284994961,1.0135814322954104,0.1873724615733575,0.0010570577452830416,0.014682212930015499,1,0.9426052459781192,1.0010576166277279,0.9726611105738081,1.0302831488936595,"tgs3_c.-98delG,Rv3235_c.-13delC"
smoked_substance_use,0.1617682696104048,1.1755877903379741,0.19943673974128664,0.33044362658413046,0.4073889132457367,1,0.41729347551560203,1.391585335797913,0.6262385118651509,3.092287858567189,"tgs3_c.-98delG,Rv3235_c.-13delC"
F2,0.07307353468732146,1.0758096433318747,0.1418191797474479,0.13291877944737285,0.25796524494016265,1,0.606372410078035,1.1421572279222743,0.6888830164025859,1.8936787556578776,"tgs3_c.-98delG,Rv3235_c.-13delC"
TTP_baseline,-0.02321731008384424,0.977050137854281,0.2195370165025671,-0.06497132476461892,0.6143524269406696,1,0.9157761163935926,0.9370943343927483,0.2810901182961809,3.1240720836215843,"tgs3_c.-98delG,Rv3235_c.-13delC"
smear_pos_no_contam_sputum_specimen_1,-0.11583991514206925,0.8906177863078701,0.21312627059562805,-0.2637592436699058,0.48527335219080675,1,0.5867669006212757,0.7681584564067693,0.2967463526300183,1.9884571753605447,"tgs3_c.-98delG,Rv3235_c.-13delC"
bl_prevtb,0.2240594116591263,1.251145349841336,0.17226129891364875,0.463801245075162,0.35657955326582547,1,0.19336287150353082,1.5901068974536605,0.790506154369513,3.1985076034560707,"tgs3_c.-98delG,Rv3235_c.-13delC"
Lineage_2,0.04281527516153261,1.0437450714018048,0.1791978616842194,0.08551720738745426,0.35792134099855166,1,0.8111618960220974,1.0892803048510535,0.5401028307337943,2.196862365865328,"tgs3_c.-98delG,Rv3235_c.-13delC"
screen_sex,-0.02743540040431227,0.972937531894601,0.18620064603156616,-0.05617632375443433,0.3812617137204232,1,0.8828611300585981,0.9453724295775648,0.4477879200804155,1.9958757048311808,"tgs3_c.-98delG,Rv3235_c.-13delC"
peth_value_baseline,-0.22585149332092697,0.7978365769287552,0.2769521746128424,-0.0006430860048191568,0.000788589284396144,1,0.4147923729903298,0.9993571207306671,0.9978137008403333,1.0009029279854516,"tgs3_c.-98delG,Rv3235_c.-13delC"
HIV_High_CD4,-0.03619681791316069,0.9644504536761591,0.18972952541946295,-0.0962881482873007,0.5047047152569224,1,0.8486970539757466,0.9082022814294066,0.33773584489806247,2.442238206141651,"tgs3_c.-98delG,Rv3235_c.-13delC"
high_lung_involvement,-0.02815838645819806,0.9722343658479911,0.19472318314163334,-0.056313594858611975,0.3894243891174637,1,0.8850209628701309,0.9452426661668848,0.44062047620797384,2.0277852396504477,"tgs3_c.-98delG,Rv3235_c.-13delC"
HIV_Low_CD4,0.30667176705914084,1.358894860805955,0.13632903592721088,1.0294329681173782,0.45762805438840704,1,0.024480888938945376,2.799477991286946,1.1416772615593205,6.864529309269058,"tgs3_c.-98delG,Rv3235_c.-13delC"
fstrom1_baseline,0.003141290216224865,1.0031462292386164,0.1781643192131528,0.006734656888305988,0.3819690245243214,1,0.9859328898019132,1.0067573856849081,0.47620308128117095,2.128420569863261,"tgs3_c.-98delG,Rv3235_c.-13delC"
diabetes,0.23392922808671346,1.2635550648338607,0.14490682805758065,1.0956342713161793,0.6786876880077375,1,0.10645319076533154,2.9910792376296538,0.7909115373592724,11.311701224703725,"tgs3_c.-98delG,Rv3235_c.-13delC"
Indel_Sample1,0.04471610162902962,1.045730936453336,0.17783519922933883,0.19079428462928372,0.7587857255615633,1,0.8014686456415789,1.2102104675772254,0.2735151106539593,5.354765856744395,"tgs3_c.-98delG,Rv3235_c.-13delC"
underweight,0.30333109884628706,1.3543628181800431,0.19441180900004507,0.6084849913622725,0.38999188797342205,1,0.11870072432437441,1.8376452403752754,0.8556575311480767,3.9466023573039792,Rv3527-Rv3528c_n.3964464delG
screen_years,0.023124422342224563,1.02339386468767,0.18718356064840933,0.001811993554769122,0.014667410949086832,1,0.9016804944446277,1.001813636207099,0.9734239244519375,1.0310313281600918,Rv3527-Rv3528c_n.3964464delG
smoked_substance_use,0.1690663919215799,1.1841987575451658,0.19901361487723077,0.34535148218255707,0.40652459717860384,1,0.3955910397132798,1.4124862961950149,0.6367220332841268,3.1334199739377047,Rv3527-Rv3528c_n.3964464delG
F2,0.07938062578521848,1.082616315342827,0.14625586143922042,0.1443912072447012,0.2660354487121615,1,0.5873007332951026,1.155335995940011,0.6858963946685664,1.9460683477709333,Rv3527-Rv3528c_n.3964464delG
TTP_baseline,-0.035586979462711756,0.9650387920238032,0.22110734304192758,-0.09958660980595536,0.6187468290142452,1,0.8721336625890145,0.9052115462769255,0.2691980001177549,3.043885701805472,Rv3527-Rv3528c_n.3964464delG
smear_pos_no_contam_sputum_specimen_1,-0.10865429688996041,0.8970404735830202,0.21282422043073598,-0.24739810223474087,0.48458560545908136,1,0.609676425797513,0.7808297815671147,0.30204827108171556,2.018535466528799,Rv3527-Rv3528c_n.3964464delG
bl_prevtb,0.2241421306239518,1.2512488475700747,0.17128245258176514,0.46397247269105774,0.3545533489475014,1,0.19066609538712387,1.590379190978151,0.7937876301435408,3.1863761477851993,Rv3527-Rv3528c_n.3964464delG
Lineage_2,0.004155053882644501,1.0041636980872604,0.175731990171732,0.00829910827964039,0.3509987730180019,1,0.9811363630180399,1.0083336413438668,0.5067964448519057,2.0062033634882526,Rv3527-Rv3528c_n.3964464delG
screen_sex,-0.04411811077645267,0.9568409375726655,0.1882760709991864,-0.09033559699833839,0.3855113234651655,1,0.8147313577349641,0.9136245241689143,0.4291606706021452,1.9449819807386202,Rv3527-Rv3528c_n.3964464delG
peth_value_baseline,-0.23270567620171453,0.7923867574870105,0.2790602927046471,-0.0006626024978044042,0.0007945919068336201,1,0.4043427936763727,0.9993376169747537,0.9977824883022818,1.0008951694472183,Rv3527-Rv3528c_n.3964464delG
HIV_High_CD4,-0.04306477446824355,0.9578493438756409,0.1897427213779365,-0.11455778792228409,0.5047398181880515,1,0.8204517049784833,0.8917604039481852,0.3315987407801861,2.3981894990879526,Rv3527-Rv3528c_n.3964464delG
high_lung_involvement,-0.03188299741976674,0.9686199064777681,0.19409599730473112,-0.06376239640862615,0.3881700882301311,1,0.8695232697624262,0.9382278993671967,0.43842707384782137,2.0077947819812927,Rv3527-Rv3528c_n.3964464delG
HIV_Low_CD4,0.3287003073739472,1.3891614717476644,0.14092741971424516,1.1033781697152523,0.4730638668070854,1,0.019679212959483782,3.014331767764422,1.1926646772617953,7.618399521158385,Rv3527-Rv3528c_n.3964464delG
fstrom1_baseline,0.004526195247339675,1.004536453940825,0.17758735577023488,0.009703774532792779,0.3807320643717451,1,0.9796663994436663,1.0097510088128578,0.47877842858425523,2.1295802795742613,Rv3527-Rv3528c_n.3964464delG
diabetes,0.2320910731677631,1.2612345882271876,0.14446040160098572,1.0870250627035474,0.6765967986842095,1,0.1081406352639071,2.9654389421902514,0.7873516596120277,11.168869732479694,Rv3527-Rv3528c_n.3964464delG
Indel_Sample1,-0.11173377055449803,0.8942823100941848,0.18330122992969022,-0.714985037115429,1.1729456191640837,1,0.5421508833836268,0.4891994315761958,0.049099019859900145,4.874151959394321,Rv3527-Rv3528c_n.3964464delG
underweight,0.25408579016289906,1.2892824072711544,0.19807976763231233,0.5096984464190897,0.39734984693365166,1,0.19958150195299962,1.6647890961314444,0.7640722373092915,3.627304591458748,PE_PCRS50_c.-218_-217insC
screen_years,-0.011764402771856584,0.9883045272428223,0.18730155100428614,-0.0009218401948743093,0.0146766564887682,1,0.9499178352557989,0.9990785845692667,0.9707487885475022,1.028235141697615,PE_PCRS50_c.-218_-217insC
smoked_substance_use,0.17385473235478346,1.189882701806717,0.1985566001077717,0.3551326128200912,0.405591054289221,1,0.38125143299172426,1.4263697966610789,0.6441579969826331,3.158434431237557,PE_PCRS50_c.-218_-217insC
F2,0.06064089861984182,1.062517294244367,0.1421943567441993,0.11030415134057758,0.2586476817306958,1,0.6697691371791683,1.116617639568041,0.672578806801796,1.8538124311757207,PE_PCRS50_c.-218_-217insC
TTP_baseline,-0.00546004911765119,0.9945548298582357,0.21881254848631587,-0.015279402444667214,0.6123250755121253,1,0.9800923810582547,0.9848367353670253,0.2965870542854634,3.2702148705211296,PE_PCRS50_c.-218_-217insC
smear_pos_no_contam_sputum_specimen_1,-0.09876246375331689,0.905957880301469,0.21203063712044706,-0.2248751020803452,0.48277867273253233,1,0.6413634154630199,0.798615958002393,0.31002451216151944,2.0572161985817417,PE_PCRS50_c.-218_-217insC
bl_prevtb,0.23150149657120198,1.2604912129910495,0.17158298659585167,0.47920630314711193,0.35517545202671874,1,0.17726949518716095,1.6147922379180235,0.804990509545138,3.23923566889466,PE_PCRS50_c.-218_-217insC
Lineage_2,0.17915967459152193,1.1962117335393294,0.20885788989268672,0.3578450679041149,0.41716287976834365,1,0.39099926955094144,1.4302440126107547,0.6314230785523058,3.239662921885834,PE_PCRS50_c.-218_-217insC
screen_sex,-0.009336862681252035,0.9907065904772278,0.1880495664081269,-0.01911802317819528,0.38504753598433017,1,0.9604004467109547,0.9810635671694803,0.4612581907583563,2.086652859746249,PE_PCRS50_c.-218_-217insC
peth_value_baseline,-0.22206316211171345,0.8008647784265173,0.2815533153316845,-0.0006322991698664958,0.0008016905004163825,1,0.43028308583485153,0.999367900689128,0.99779884243071,1.000939426322445,PE_PCRS50_c.-218_-217insC
HIV_High_CD4,-0.051563730411405065,0.9497431205136372,0.19004195565397494,-0.13716609377131372,0.5055358194943805,1,0.7861386651006415,0.8718254093356947,0.32368058673120886,2.348239516120679,PE_PCRS50_c.-218_-217insC
high_lung_involvement,-0.015311478452383896,0.9848051462429311,0.1933738437628531,-0.030621228795689008,0.38672586265124714,1,0.9368888867480268,0.9698428520593505,0.4544851716713959,2.069583819933049,PE_PCRS50_c.-218_-217insC
HIV_Low_CD4,0.2664374539279933,1.305305945022472,0.13950881393825731,0.8943747957138724,0.46830190398094107,1,0.0561557184799399,2.4458061828452764,0.976793441987386,6.124086861059649,PE_PCRS50_c.-218_-217insC
fstrom1_baseline,0.01930690305907948,1.0194944865861357,0.17785459868930092,0.041392344778301726,0.3813050102767249,1,0.9135559134621304,1.0422609509777936,0.4936385338461598,2.200614043375466,PE_PCRS50_c.-218_-217insC
diabetes,0.22171004813592085,1.248209404745762,0.14362938830589217,1.0384043457059202,0.6727046529550474,1,0.12267897951564198,2.8247061619113536,0.7557289141164938,10.557972246527052,PE_PCRS50_c.-218_-217insC
Indel_Sample1,-0.2635914300150665,0.7682873747016572,0.23278019373142042,-0.5840382299815716,0.5157699258807286,1,0.25748230228354896,0.5576419272716773,0.2029229945667062,1.5324262275710114,PE_PCRS50_c.-218_-217insC
underweight,0.27483144152649597,1.3163087811683016,0.19631025599893473,0.5513144150381856,0.3938001902217402,1,0.16151776795892803,1.735532729614543,0.8021017772212037,3.7552265075366327,Rv1514c
screen_years,0.022790676808905994,1.0230523685460804,0.18788021529400806,0.001785841776949272,0.014721999717145263,1,0.9034500192859733,1.001787437342043,0.9732943277220669,1.0311146803507507,Rv1514c
smoked_substance_use,0.17573129677822677,1.1921176897465509,0.19919877863285265,0.35896586612183434,0.4069028307040473,1,0.3776737260738432,1.4318479262148456,0.6449715786501584,3.1787268643628157,Rv1514c
F2,0.07739468461894912,1.080468436521328,0.14099530497882284,0.14077883407835132,0.25646663906141726,1,0.5830625824509723,1.1511700202497903,0.6963613713246863,1.9030240189816858,Rv1514c
TTP_baseline,-0.04045774238175652,0.9603497457469098,0.21985352752863138,-0.11321695364518114,0.6152381514536189,1,0.8539967080434031,0.8929569088428898,0.26738610676633856,2.982099745919298,Rv1514c
smear_pos_no_contam_sputum_specimen_1,-0.11600753544508474,0.8904685131956099,0.21432622756270675,-0.2641409031720978,0.48800556881652635,1,0.5883241375191458,0.767865337372083,0.2950488797478738,1.9983711744351793,Rv1514c
bl_prevtb,0.23003286032716033,1.2586413686170943,0.1713599751284601,0.4761662375078015,0.35471382001815305,1,0.1794677914519951,1.609890617919235,0.8032734604153393,3.226482548451545,Rv1514c
Lineage_2,0.05499729407246914,1.0565377557570255,0.1751662713874685,0.1098489963033043,0.3498688330511485,1,0.7535423504516199,1.1161095210698024,0.5622091665881455,2.215724212720316,Rv1514c
screen_sex,-0.0374121331169647,0.9632790543303871,0.1869614207557292,-0.0766045354305186,0.38281946489514473,1,0.8413975510440685,0.9262560826493715,0.4373957447894826,1.9614967472028986,Rv1514c
peth_value_baseline,-0.23701793900346182,0.7889771344271136,0.28278149037361744,-0.0006748811673678831,0.0008051875867952313,1,0.4019372643797864,0.9993253465137051,0.9977495163058921,1.0009036655634602,Rv1514c
HIV_High_CD4,-0.06489965720246943,0.9371614960658262,0.1934916096769536,-0.1726413584613547,0.5147123387923292,1,0.737313344790394,0.8414393358346295,0.3068307443104911,2.3075267684823517,Rv1514c
high_lung_involvement,-0.030526984172898577,0.9699342588403399,0.19360717175227732,-0.061050522959470735,0.38719249229585107,1,0.8747130095501885,0.9407757078023355,0.44046078432242497,2.0093932624501405,Rv1514c
HIV_Low_CD4,0.31403107496931176,1.3689322754148736,0.1362350680996139,1.0541366252486066,0.4573126240486716,1,0.021162773959011023,2.869496633166911,1.170955816453283,7.031871580514705,Rv1514c
fstrom1_baseline,-0.016108892244886347,0.9840201620565938,0.17871921814912212,-0.034536083791194924,0.3831586802658182,1,0.9281797785057351,0.9660534801855019,0.45588563677154437,2.047134744554804,Rv1514c
diabetes,0.23343214744860993,1.262927132155472,0.1447106522265482,1.0933061373451987,0.6777688760856829,1,0.10672369301636675,2.9841237042950572,0.790494603043844,11.265091814980734,Rv1514c
Indel_Sample1,0.15536123193373688,1.1680798326405062,0.12561866386597056,1.3562844476016347,1.09663548627485,1,0.2161729643872511,3.881743652266726,0.4524483754899483,33.303100636832255,Rv1514c
underweight,0.2937811222966209,1.3414902492260827,0.19570950596697023,0.5893276500265652,0.3925950800981783,1,0.13332760723293913,1.8027759114938477,0.8351494672351839,3.8915201584475776,Rv3900c
screen_years,0.012568635539637564,1.012647952794182,0.18814299535438753,0.0009848586162725529,0.014742590751536638,1,0.9467380314680821,1.0009853437487688,0.9724757998272582,1.0303306864580302,Rv3900c
smoked_substance_use,0.1606981126642931,1.1743303998209784,0.19986976262969977,0.3282576197538726,0.40827344798166343,1,0.421388816471004,1.3885466432603577,0.6237886723154547,3.0908893766101793,Rv3900c
F2,0.07327740837322119,1.076028994968441,0.14150360954847155,0.13328962015744913,0.25739123129955555,1,0.6045640926270945,1.1425808648657532,0.6899142785278686,1.8922510714563192,Rv3900c
TTP_baseline,-0.024949951714414838,0.9753587258388575,0.2191836985834162,-0.0698199494189812,0.6133637020114072,1,0.9093715753510373,0.9325617130691378,0.28027312220778866,3.102942379318444,Rv3900c
smear_pos_no_contam_sputum_specimen_1,-0.1215819871484323,0.8855184492400687,0.21121403968110378,-0.2768335330255135,0.4809193384718001,1,0.564862579860999,0.7581806986530413,0.29540200665481725,1.9459514792048196,Rv3900c
bl_prevtb,0.2212114161218983,1.2475871627241404,0.171633545753485,0.4579059163926766,0.3552801090910511,1,0.1974471587079214,1.5807602724362282,0.7878635989794268,3.1716188463961617,Rv3900c
Lineage_2,0.03563518904256783,1.0362777320533763,0.17573589885249985,0.07117604266578129,0.3510065800322643,1,0.8393093772509379,1.0737702386059569,0.5396771370779231,2.136430184088781,Rv3900c
screen_sex,-0.027389975247100403,0.9729817287387613,0.18651154535104741,-0.05608331186831187,0.3818983066102236,1,0.8832472237502768,0.945460364539763,0.44727116348162516,1.9985533919903258,Rv3900c
peth_value_baseline,-0.2224848118184294,0.8005271652098335,0.27740996263736617,-0.0006334997686375646,0.0007898927828473441,1,0.4225487424328733,0.9993667008499748,0.997820716918362,1.0009150800679112,Rv3900c
HIV_High_CD4,-0.03681114869589126,0.9638581440297,0.1899527138238044,-0.09792234645485585,0.5052984248538487,1,0.8463394423286332,0.9067193109891488,0.336792232134631,2.441089284363276,Rv3900c
high_lung_involvement,-0.026635695810289264,0.9737159057016266,0.1946168726904594,-0.05326838541919225,0.3892117802136995,1,0.8911397076683327,0.9481255152682929,0.4421485103830784,2.033122291702217,Rv3900c
HIV_Low_CD4,0.3037859270786436,1.3549789607354985,0.135623408987125,1.0197458070033192,0.4552594123634758,1,0.02509595380637699,2.772489926862989,1.1359323360037805,6.7668646722379755,Rv3900c
fstrom1_baseline,0.0032834544892365565,1.0032888509306348,0.1805871632510225,0.007039444900430451,0.387163394406051,1,0.9854935796323621,1.0070642800336662,0.47152325148348456,2.150855680878864,Rv3900c
diabetes,0.2322704171138681,1.2614608032997499,0.1446275600169344,1.0878650405691304,0.6773797042268397,1,0.10827610411404678,2.9679308917081286,0.7868050425334566,11.195421104054306,Rv3900c
Indel_Sample1,0.019659403707851648,1.0198539224010341,0.14604516337899331,0.14584457582129473,1.0834456232898932,1,0.8929188039855387,1.1570163457599496,0.13839133792083358,9.673198080659498,Rv3900c
underweight,0.2649567087437356,1.3033745498353573,0.1950095342491268,0.5315056096935429,0.39119093035452923,1,0.17424613516745135,1.7014921641591683,0.7904012707021467,3.6627921689994656,espR_c.-145_-144insG
screen_years,0.019901140101740045,1.0201004880112683,0.1849802251912611,0.0015594222014819522,0.01449476102995537,1,0.9143247136081714,1.0015606387325628,0.9735074636468629,1.0304222109408088,espR_c.-145_-144insG
smoked_substance_use,0.14801399333049858,1.1595291219236745,0.1982199729239591,0.3023478019460955,0.40490342681015024,1,0.45523510697658,1.353031731952922,0.6118621103028061,2.992005611796301,espR_c.-145_-144insG
F2,0.06971776364321507,1.0722055231650844,0.14135670212993534,0.1268147228529291,0.2571240106861399,1,0.6218680883487033,1.1352066704425754,0.6858206849321116,1.8790541214791205,espR_c.-145_-144insG
TTP_baseline,-0.02855815568794372,0.9718457741431022,0.21913235924139196,-0.07991714807526575,0.6132200339873418,1,0.8963102728881268,0.9231928315211141,0.2775355268545904,3.0709041607437557,espR_c.-145_-144insG
smear_pos_no_contam_sputum_specimen_1,-0.11977821226183158,0.8871171666100849,0.2113024077186937,-0.2727264659644138,0.4811205462051684,1,0.5708114585812981,0.761301000885998,0.2965007862584301,1.9547307825513183,espR_c.-145_-144insG
bl_prevtb,0.22263893356027356,1.2493693869302367,0.1710118679969958,0.46086086642303825,0.3539932409547825,1,0.19295340616917267,1.5854382482397282,0.7921906973889523,3.1729916133404372,espR_c.-145_-144insG
Lineage_2,0.07184972345228588,1.07449386070261,0.1725848672613944,0.14350924239115467,0.34471285843303734,1,0.6771792869779945,1.1543174794114672,0.5873610655237881,2.2685345037070372,espR_c.-145_-144insG
screen_sex,-0.02609699426999736,0.9742405892710697,0.18724454228947715,-0.053435822970477206,0.38339918039800935,1,0.889154728922685,0.9479667767434714,0.44713960922094853,2.0097548758319776,espR_c.-145_-144insG
peth_value_baseline,-0.23970110969998953,0.7868630116443069,0.2810524052897458,-0.0006825211855856328,0.0008002642170081678,1,0.39373150880498997,0.9993177116790175,0.9977515213945615,1.00088636044332,espR_c.-145_-144insG
HIV_High_CD4,-0.035426863948080735,0.9651933220776264,0.19027826425828093,-0.09423997262329963,0.5061644304951477,1,0.8523000767657669,0.9100643455064341,0.33746144013485896,2.4542570334289917,espR_c.-145_-144insG
high_lung_involvement,-0.016520165161544864,0.9836155444243341,0.19243224989007635,-0.03303846579723826,0.38484278117739856,1,0.9315862516832876,0.967501343162763,0.4550643431033483,2.056981310902588,espR_c.-145_-144insG
HIV_Low_CD4,0.3064135888939968,1.3585440691094952,0.13544954440572032,1.0285663180263183,0.45467578533513126,1,0.023685218228599304,2.7970528744465306,1.1473077997207326,6.819011240361067,espR_c.-145_-144insG
fstrom1_baseline,0.003275768677158234,1.0032811398706991,0.17650342113808,0.007022967178318642,0.3784082014573252,1,0.9851927220564758,1.007047686045027,0.4796764431549462,2.1142273222724253,espR_c.-145_-144insG
diabetes,0.22264834735002864,1.249381148286331,0.14397510057686866,1.0427989772965671,0.6743238358814152,1,0.12199919028042062,2.83714702131937,0.7566522918215615,10.63817992436562,espR_c.-145_-144insG
Indel_Sample1,-9.012746249365952,0.00012184677449372015,1569.431928345017,-44.127592818418584,7684.145450683972,1,0.9954180290155863,6.849043732693319e-20,0.0,inf,espR_c.-145_-144insG
underweight,0.29393243875072866,1.3416932541324198,0.1957078218250314,0.589631192233813,0.3925917016938637,1,0.13312443971382562,1.8033232131335675,0.835408540507951,3.8926758027265143,ethR-Rv3856c_n.4328213delG
screen_years,0.012701472169034488,1.0127824784697677,0.18813619681984275,0.0009952674867187985,0.01474205802900655,1,0.9461740192903918,1.0009957629297563,0.9724869376441394,1.0303403352960845,ethR-Rv3856c_n.4328213delG
smoked_substance_use,0.16080891951926538,1.174460530888855,0.19986359064652612,0.3284839646303777,0.40826084048757305,1,0.42105437052404604,1.388860969250545,0.6239452973096644,3.0915126698202053,ethR-Rv3856c_n.4328213delG
F2,0.07325842313272705,1.0760085664931132,0.14149811943762314,0.13325508651945292,0.25738124493669345,1,0.604643696304041,1.1425414080730818,0.6899039569862826,1.892148691049725,ethR-Rv3856c_n.4328213delG
TTP_baseline,-0.02494737520814613,0.9753612388599663,0.21918175495086437,-0.06981273932336987,0.6133582629497204,1,0.9093800938116259,0.9325684369524925,0.28027813086233727,3.102931673349758,ethR-Rv3856c_n.4328213delG
smear_pos_no_contam_sputum_specimen_1,-0.12170564511836578,0.8854089545963792,0.21119730151101138,-0.2771150934236147,0.48088122684957924,1,0.5644359733299282,0.7579672550437399,0.2953409052321566,1.9452583422771628,ethR-Rv3856c_n.4328213delG
bl_prevtb,0.22112676249429308,1.2474815544151885,0.17163822004811394,0.45773068403982564,0.35528978484469476,1,0.1976309228558818,1.5804832963626891,0.7877106134956928,3.1711232618743055,ethR-Rv3856c_n.4328213delG
Lineage_2,0.03537103103487687,1.0360040271445259,0.1757186204928041,0.07064842594390953,0.3509720690530906,1,0.8404690184946467,1.0732038489040983,0.5394289553898688,2.1351588374972175,ethR-Rv3856c_n.4328213delG
screen_sex,-0.02728469629383633,0.9730841686289956,0.1865012446095593,-0.05586774422665424,0.3818772149629278,1,0.8836864104081879,0.9456641971698979,0.4473860851170124,1.998901627830225,ethR-Rv3856c_n.4328213delG
peth_value_baseline,-0.22257426995784724,0.8004555547421977,0.27743285835601517,-0.0006337544903426587,0.0007899579757580349,1,0.4224005221010453,0.9993664462896171,0.9978203352545432,1.0009149530058055,ethR-Rv3856c_n.4328213delG
HIV_High_CD4,-0.03689515734538108,0.963777175009817,0.1899517937745186,-0.09814582016790152,0.5052959774055046,1,0.8459924117107792,0.9065167056973534,0.3367185915382606,2.4405321189846023,ethR-Rv3856c_n.4328213delG
high_lung_involvement,-0.02664619282602227,0.9737056846440904,0.19460909362229992,-0.05328937826592694,0.38919622295535444,1,0.8910927476210179,0.9481056116235834,0.4421527102918381,2.0330176200860945,ethR-Rv3856c_n.4328213delG
HIV_Low_CD4,0.30376940102036964,1.354956568459262,0.13561611165947454,1.0196903324828461,0.45523491676111055,1,0.02509604028088107,2.772336128579762,1.135923857411411,6.766164439351984,ethR-Rv3856c_n.4328213delG
fstrom1_baseline,0.0030503869245232036,1.0030550440888983,0.18060068690553532,0.006539768024976444,0.38719238796180383,1,0.9865241879391294,1.0065611990002843,0.47126092028576344,2.149903384134899,ethR-Rv3856c_n.4328213delG
diabetes,0.2322175354890318,1.2613940969665893,0.14462845737568364,1.087617363436318,0.6773839071090848,1,0.10835865699106502,2.96719589411929,0.7866037133742453,11.192740797410321,ethR-Rv3856c_n.4328213delG
Indel_Sample1,0.01859427713988978,1.0187682271968908,0.14652908279782742,0.1387360520983864,1.0932861929521969,1,0.8990209697762225,1.148820831134067,0.13478619309206002,9.791724743988734,ethR-Rv3856c_n.4328213delG
underweight,0.31300446823187733,1.3675276414445545,0.1940296364727741,0.6278898598687416,0.38922524634702815,1,0.10670569912737347,1.8736527351016508,0.873735478910264,4.017891749265278,PE_PGRS25
screen_years,-0.015749908514484677,0.984373472697751,0.19105136373468193,-0.0012341381892311577,0.014970485947446679,1,0.9342983518537312,0.9987666230461153,0.9698869589144541,1.0285062172889008,PE_PGRS25
smoked_substance_use,0.14178752260625965,1.1523317780702784,0.19760069513245537,0.2896290062768792,0.40363842966466346,1,0.4730374689678333,1.335931773775132,0.6056289472918623,2.946876486275164,PE_PGRS25
F2,0.09030574280097466,1.0945088707616504,0.14551711766541625,0.16426369904720858,0.26469169380611296,1,0.5348727010048745,1.1785250500534754,0.7015083420209912,1.9799070237741894,PE_PGRS25
TTP_baseline,-0.010116719432427736,0.9899342824381706,0.22539560015163632,-0.0283106295011399,0.6307470884905979,1,0.9641995462359987,0.9720863611963069,0.2823657094217204,3.346553289204698,PE_PGRS25
smear_pos_no_contam_sputum_specimen_1,-0.0867430453807187,0.9169126703119694,0.21736962619313976,-0.19750774174154825,0.49493517093134626,1,0.6898506138007723,0.8207737863846045,0.3111242740980654,2.1652749865598135,PE_PGRS25
bl_prevtb,0.22123100162117418,1.2476115975808963,0.16984767472478773,0.4579464582243377,0.3515833699069209,1,0.19273665750575497,1.580824360652208,0.7936249501088232,3.1488496661915604,PE_PGRS25
Lineage_2,0.016617575899585197,1.0167564158087115,0.17280660903865772,0.03319116084435133,0.3451557549806164,1,0.9233912360117024,1.033748132520514,0.5255543398723271,2.0333486385998705,PE_PGRS25
screen_sex,-0.030758425849050145,0.9697098016050983,0.1873104843110953,-0.06298050195037116,0.3835342023149798,1,0.869565109529536,0.938961781434064,0.4427749173394103,1.9911905405382304,PE_PGRS25
peth_value_baseline,-0.21688633953739359,0.8050214632172001,0.2767845961988097,-0.0006175587663472399,0.0007881121242446232,1,0.43327924560795017,0.9993826318838198,0.9978401057900419,1.0009275425146957,PE_PGRS25
HIV_High_CD4,-0.041991038613480504,0.958878373413712,0.1898304582030302,-0.11170151372014697,0.5049732093232929,1,0.8249344892523951,0.8943111572757815,0.3323951466129854,2.4061495908637993,PE_PGRS25
high_lung_involvement,-0.030051835033913836,0.9703952317750736,0.19270487656409938,-0.06010027830855911,0.38538800375580784,1,0.8760744393172247,0.9416700997646709,0.4424415623488128,2.0042027066429022,PE_PGRS25
HIV_Low_CD4,0.31613878940077816,1.3718206365784338,0.1396853630074328,1.0612117816737818,0.46889454227315347,1,0.02362209470598784,2.889870760787724,1.1528018451360729,7.244395946529779,PE_PGRS25
fstrom1_baseline,0.018791485169597246,1.0189691562834684,0.17633763192453414,0.04028733301535509,0.3780527635983058,1,0.9151337920285755,1.0411098764594713,0.49624651588444113,2.1842163927934988,PE_PGRS25
diabetes,0.23309910875473303,1.26250659858378,0.14539317200591537,1.0917463125654125,0.6809655354652824,1,0.10888325660935468,2.9794726225744386,0.7843329939235963,11.318224755868622,PE_PGRS25
Indel_Sample1,-0.3606049560579762,0.6972543901902694,0.22113116764283558,-1.0253915406694294,0.6287934341170341,1,0.10294756406487168,0.35865600949659243,0.10457988757322188,1.2300083327012206,PE_PGRS25
underweight,0.2488539729146197,1.2825547316652992,0.1967276684451376,0.49920337260293113,0.39463752345162756,1,0.20588322267558912,1.6474083771786645,0.7601253232291804,3.5704038245548277,Rv1176c
screen_years,-0.015750146045287513,0.9843732388787576,0.1885015546723669,-0.0012341568017732326,0.014770686898699401,1,0.9334106740801282,0.9987666044565296,0.9702668219357116,1.028103515059408,Rv1176c
smoked_substance_use,0.1856613138213484,1.204014408275613,0.20042014544346679,0.3792498862926249,0.40939771353404125,1,0.3542586446005668,1.461188121009017,0.6549771774202515,3.2597635438035115,Rv1176c
F2,0.09080376906495007,1.0950541006835848,0.145302249678338,0.16516959532584902,0.2643008547601169,1,0.5320168472716371,1.1795931552338126,0.7026821935945895,1.9801839644697885,Rv1176c
TTP_baseline,-0.036053818706940056,0.9645883791868582,0.22166005381980017,-0.10089301283197741,0.6202935349556475,1,0.8707911360941275,0.9040297472946427,0.2680327776761662,3.0491411948915834,Rv1176c
smear_pos_no_contam_sputum_specimen_1,-0.13662237061671909,0.8722995698918696,0.21176230849002925,-0.31107941591687605,0.4821677075351979,1,0.5188179979559033,0.7326556890355835,0.2847593739707377,1.8850454374554362,Rv1176c
bl_prevtb,0.22197287152620918,1.2485375064878246,0.17290973051070954,0.4594821231762858,0.35792180164466353,1,0.19922943337012788,1.5832538421754134,0.7850312780616813,3.193111916448064,Rv1176c
Lineage_2,-0.08885023289815991,0.9149825976052274,0.19238224781855412,-0.17746525660547843,0.38425521083992026,1,0.6441945145784727,0.8373900926047073,0.3943203493130407,1.7783058074840519,Rv1176c
screen_sex,-0.027385411895071644,0.9729861688070379,0.18811659473211764,-0.056073968015581635,0.38518478219811714,1,0.8842554837343537,0.9454691988234446,0.4444035341938735,2.0114871668276875,Rv1176c
peth_value_baseline,-0.23018971795905288,0.7943828795077498,0.2811452771033154,-0.0006554385977089285,0.0008005286587555771,1,0.4129249583797797,0.9993447761552472,0.9977780263089365,1.000913986173075,Rv1176c
HIV_High_CD4,-0.06301578073379988,0.9389286565890345,0.19041010150627863,-0.16763000698826686,0.5065151343751254,1,0.740684008306526,0.8456666675653549,0.3133666312806036,2.282157834446357,Rv1176c
high_lung_involvement,-0.007495942823341043,0.9925320816889647,0.1988195205031284,-0.014991039627345198,0.39761660151293876,1,0.9699250838120356,0.9851207666126949,0.45189507626766856,2.1475403822208374,Rv1176c
HIV_Low_CD4,0.25471175743267943,1.2900897085053238,0.14082982780691355,0.8550140855247057,0.47273627118981676,1,0.07050551751674289,2.3514075011500917,0.9309665046302084,5.939115112053524,Rv1176c
fstrom1_baseline,0.02457732548452317,1.0248818375279412,0.1782564822330317,0.05269167857066084,0.38216661413685343,1,0.8903382644300297,1.0541045919770349,0.4984055772656141,2.2293821367791713,Rv1176c
diabetes,0.21196554724490463,1.2361052971117978,0.1470337477601385,0.992764862258769,0.6886493594821382,1,0.1494119916668137,2.6986856609797787,0.6997983336002601,10.407147240990733,Rv1176c
Indel_Sample1,0.24504478761891135,1.2776785361028045,0.13784502177244243,0.9011419100795709,0.5069192755414165,1,0.0754558906313405,2.462413360962242,0.9117389097616455,6.650456062942987,Rv1176c
underweight,0.2932790454902497,1.3408168871398614,0.1956135787094696,0.588320479306682,0.3924026491319052,1,0.1338016459783265,1.8009611224358906,0.834623477957658,3.8861367433161154,Rv2807
screen_years,0.014385362527484733,1.0144893297924003,0.18718297522499333,0.0011272145006287766,0.014667365076223897,1,0.9387413828139307,1.0011278500456702,0.9727576597755248,1.030325448548355,Rv2807
smoked_substance_use,0.16267335840773461,1.1766522833349617,0.19934331572699107,0.33229244913314226,0.4071980762529925,1,0.41447370360228775,1.3941605099320875,0.6276320983097761,3.0968516949475187,Rv2807
F2,0.0727884968258049,1.075503040550517,0.1416827620755695,0.1324003033012389,0.2577171048916661,1,0.607431834281041,1.1415652001338674,0.6888608825418229,1.891776901815233,Rv2807
TTP_baseline,-0.0233339328011438,0.9769361982563683,0.21942137184504446,-0.06529768179793755,0.6140288069100087,1,0.9153101947567521,0.9367885569648573,0.2811766867402551,3.1210724140546615,Rv2807
smear_pos_no_contam_sputum_specimen_1,-0.11860440889498014,0.8881590791076122,0.21287652370878565,-0.27005379922533496,0.4847046963013262,1,0.577424133939244,0.7633384262161478,0.29521317776897427,1.9737789394826364,Rv2807
bl_prevtb,0.22270713445390988,1.249454597944608,0.17232955912287268,0.46100204174412623,0.3567208513697199,1,0.19624193215939523,1.585662088793498,0.7880781810817173,3.1904502880485706,Rv2807
Lineage_2,0.038907538067088195,1.0396743489059255,0.17904909861914936,0.07771207797370022,0.35762420868212513,1,0.8279738218371284,1.0808114244512637,0.5362158514523615,2.178513246224223,Rv2807
screen_sex,-0.026636872581418787,0.9737147598615346,0.18615740788626448,-0.05454126988808955,0.3811731799278336,1,0.8862207609343218,0.9469194287925595,0.44859851176155197,1.9987948713959083,Rv2807
peth_value_baseline,-0.22482790600025918,0.7986536504345654,0.27706017773140285,-0.0006401714583136066,0.0007888968107843993,1,0.41709191162574033,0.9993600334077157,0.9978160075945608,1.0009064484546506,Rv2807
HIV_High_CD4,-0.03669030573448097,0.963974626540108,0.1898221588529037,-0.09760088877822622,0.5049511319943524,1,0.8467335875452282,0.907010829725172,0.33712991399757725,2.4402125444277747,Rv2807
high_lung_involvement,-0.027346588725487626,0.973023943947343,0.19459732238758093,-0.054690091015632165,0.38917268181446074,1,0.8882419534177868,0.9467785176610114,0.4415541876484799,2.0300782702982656,Rv2807
HIV_Low_CD4,0.3058048662390885,1.3577173442055543,0.1363297638359151,1.026522963414931,0.45763049782565296,1,0.024888677055170675,2.791343338846769,1.1383543529603934,6.844615312500431,Rv2807
fstrom1_baseline,0.0015386378223227104,1.0015398221328273,0.17808828078922562,0.0032987075677352834,0.3818060046629816,1,0.9931065644256654,1.0033041542909462,0.47472133481329903,2.120442356805724,Rv2807
diabetes,0.23319427055534142,1.262626746701646,0.1449568287956321,1.0921920137328958,0.6789218721780882,1,0.10767860535506944,2.9808008729801942,0.7878320045466221,11.278005708174657,Rv2807
Indel_Sample1,0.032080846861792744,1.0326009844796376,0.19271367694635483,0.1281547263993115,0.7698415396845067,1,0.8677879025954172,1.1367288710561825,0.25140075863604305,5.1398115634302135,Rv2807
underweight,0.2930510159349986,1.3405111761183126,0.1956048130416828,0.5878630499086247,0.3923850651212059,1,0.13408675981985,1.8001374982630463,0.8342705357755955,3.8842256482666624,Rv0205
screen_years,0.014308926734511201,1.0144117894594804,0.1872060410645637,0.0011212251114811477,0.014669172479324321,1,0.9390737348170141,1.0011218539193463,0.9727483876550533,1.030322927402595,Rv0205
smoked_substance_use,0.16268719694753894,1.1766685665970886,0.1993481842230576,0.33232071708266403,0.40720802111733523,1,0.41444540022192655,1.3941999205480335,0.6276376066677126,3.0969996026468762,Rv0205
F2,0.07276905001201811,1.075482125646525,0.14170651007463264,0.13236493007393105,0.25776030185843796,1,0.6075880044628663,1.1415248200027484,0.6887781982103803,1.8918701522028936,Rv0205
TTP_baseline,-0.023269546470940507,0.9769991016180534,0.21944414714429716,-0.06511750307977712,0.6140925413115831,1,0.9155517397164317,0.9369573615332772,0.28119222543939343,3.1220247855700958,Rv0205
smear_pos_no_contam_sputum_specimen_1,-0.11822418972340744,0.8884968384241099,0.21289843109750156,-0.269188067227864,0.4847545778665138,1,0.5786840471784302,0.7639995588571703,0.2954399785069419,1.9756815881308893,Rv0205
bl_prevtb,0.2229711265409932,1.2497844876138504,0.17235738282052845,0.4615485033177445,0.3567784462081594,1,0.1957843418923575,1.5865288289923045,0.7884199483437748,3.19255459036936,Rv0205
Lineage_2,0.03949557280492163,1.040285893326176,0.17908008969319092,0.07888659077168195,0.35768610878894386,1,0.8254451888929593,1.0820815970724713,0.5367808865562282,2.1813380693096964,Rv0205
screen_sex,-0.026703698466733317,0.9736496926847731,0.18616202482944483,-0.054678101591410185,0.3811826335130204,1,0.8859400741198207,0.946789869058352,0.44852882273549316,1.9985584219192172,Rv0205
peth_value_baseline,-0.22489811635906767,0.798597578643638,0.2770278786798308,-0.0006403713741896504,0.0007888048429708175,1,0.4168921401879415,0.9993598336197991,0.9978159879752295,1.0009060679406405,Rv0205
HIV_High_CD4,-0.03658726091836019,0.9640739642462749,0.18981252786300434,-0.09732677643612259,0.5049255123339224,1,0.8471510655184059,0.9072594866664326,0.3372392717113172,2.4407589660875675,Rv0205
high_lung_involvement,-0.02736333697417633,0.9730076476368175,0.19459736147774326,-0.054723585622741384,0.3891727599903736,1,0.8881739800007059,0.946746806217627,0.4415393305585989,2.030010585805154,Rv0205
HIV_Low_CD4,0.3059638425764822,1.3579332062941796,0.13634315363117247,1.0270566137226624,0.45767544456726683,1,0.024827774304140387,2.792833337612318,1.138861666938804,6.848872236295824,Rv0205
fstrom1_baseline,0.0017348939533151525,1.0017363997525046,0.17808611470910624,0.0037194638855163713,0.3818013607729261,1,0.9922272255339788,1.0037263896753938,0.47492544152525995,2.121315426049282,Rv0205
diabetes,0.233345447484617,1.2628176411650895,0.14496435789577772,1.0929000681564554,0.678957135578986,1,0.10746890879830809,2.9829121895993866,0.7883355423247707,11.286774036118477,Rv0205
Indel_Sample1,0.03435840922399495,1.0349554778520182,0.19187807619499606,0.13599255358946363,0.7594644265825868,1,0.8578876396745889,1.1456733624089013,0.25858511608279267,5.075959023538948,Rv0205
underweight,0.2898151151582154,1.336180425680537,0.19574647286117158,0.5813718030048316,0.392669236030044,1,0.1387228839328148,1.7884902049272249,0.8284110940152,3.861243815093012,Rv2561
screen_years,0.0185052889338127,1.0186775728735868,0.18711451295681786,0.001450045487881504,0.014662000480004241,1,0.9212190963594806,1.0014510973121762,0.9730819781213004,1.030647286515406,Rv2561
smoked_substance_use,0.1593486581011861,1.172746763067587,0.19968902251605766,0.3255010924026342,0.40790425061826846,1,0.4248797368887077,1.3847243470121082,0.622521851810107,3.0801513418889725,Rv2561
F2,0.07552125829383373,1.0784461533995828,0.1417890917544147,0.13737112235912996,0.25791051569616064,1,0.594289074899603,1.1472538410755204,0.692031226322198,1.9019248348913937,Rv2561
TTP_baseline,-0.026517304660729303,0.9738311918713438,0.21917036608661952,-0.07420603018923545,0.6133263923499446,1,0.9036993820476201,0.9284803791454457,0.27906691981245035,3.0891365233738086,Rv2561
smear_pos_no_contam_sputum_specimen_1,-0.12198887628281625,0.885158214697507,0.21038563344037406,-0.2777599906304849,0.47903311641061913,1,0.562026140886797,0.7574786016605995,0.29622154369116976,1.9369753625073731,Rv2561
bl_prevtb,0.21840687331803146,1.2440931529648553,0.17102773694985987,0.452100534531374,0.35402608956418435,1,0.20159305476610778,1.5716099417046254,0.7852305966819204,3.14551906064524,Rv2561
Lineage_2,0.02116056449664405,1.0213860368069574,0.17549141683305267,0.04226511159084969,0.35051826319952906,1,0.9040245709795671,1.043170998817831,0.5247999901067323,2.073562792090135,Rv2561
screen_sex,-0.023947774864668755,0.9763366977426391,0.18615712479002156,-0.04903511281666894,0.38117260026411587,1,0.8976402935188554,0.9521476965240321,0.45107589085594185,2.009828621688744,Rv2561
peth_value_baseline,-0.22439868052990916,0.7989965265036267,0.27781140336236404,-0.0006389492884318172,0.0007910358388803797,1,0.41924172750111566,0.999361254796196,0.9978130438378134,1.0009118679652795,Rv2561
HIV_High_CD4,-0.039510175600196346,0.9612601725416319,0.18975393490777703,-0.10510210196310597,0.5047696476063914,1,0.8350587925504434,0.9002326023777738,0.33472953489776763,2.4211151209927597,Rv2561
high_lung_involvement,-0.03398147954727559,0.9665894061451346,0.19611107479491627,-0.06795912382132796,0.3922000157815359,1,0.8624339386675934,0.9342986633557785,0.4331561339485034,2.015240981101222,Rv2561
HIV_Low_CD4,0.30129211653009286,1.351604109778652,0.13566197796824456,1.0113746066820912,0.45538888036469394,1,0.026357520680367563,2.7493777316738024,1.1261771027498144,6.712157344494568,Rv2561
fstrom1_baseline,-0.004588629963556503,0.9954218817147014,0.17763965386214528,-0.009837629211188081,0.38084418699674505,1,0.9793920455771108,0.9902106019733156,0.4694100809984935,2.088828246241909,Rv2561
diabetes,0.22723948464184643,1.2551304164087158,0.14505731900030247,1.0643020934414582,0.6793925295348835,1,0.11722000699353481,2.898815175804058,0.7654565729409168,10.97793097678517,Rv2561
Indel_Sample1,-0.05696386174135811,0.9446282059681287,0.2167551121687351,-0.2856842767641548,1.0870668799811953,1,0.7927025369315585,0.7514998444582683,0.0892515750986809,6.327642011879161,Rv2561
underweight,0.2912414963411803,1.3380876882150983,0.19535779656747654,0.5842331368578287,0.39188954778801643,1,0.13601119785211024,1.7936150008759153,0.8320553926070879,3.8663949539309845,fadE18
screen_years,0.0069159606329564985,1.0069399311164724,0.18895549300161876,0.0005419238546370801,0.014806256795957554,1,0.9708031435076715,1.0005420707218984,0.9719238645796625,1.0300029372335795,fadE18
smoked_substance_use,0.16444269928684035,1.1787360252015848,0.19935334149830033,0.3359066771777603,0.40721855587015543,1,0.4094393946393339,1.3992084406372014,0.6298793246214666,3.1081894322010686,fadE18
F2,0.07351828489966399,1.076288216314016,0.1420600090027628,0.13372776803176914,0.258403306829582,1,0.6047962126098212,1.1430815939316101,0.6888488507589321,1.8968392397630605,fadE18
TTP_baseline,-0.027665004046651086,0.9727141675371261,0.21945070951213566,-0.07741775235970196,0.6141109054429368,1,0.8996806514273603,0.9255031417158536,0.27774467861685564,3.083969311640785,fadE18
smear_pos_no_contam_sputum_specimen_1,-0.11437930494734505,0.8919195822028964,0.21082125657180786,-0.26043353819278653,0.4800249992821767,1,0.5874454476110411,0.7707173779436823,0.30081336738028414,1.9746638317221166,fadE18
bl_prevtb,0.2293402066005737,1.257769867841659,0.17210988913362704,0.4747324496636846,0.35626613619501096,1,0.18268873062696134,1.6075840302947,0.7996858258065908,3.231677155027613,fadE18
Lineage_2,0.009298206601936018,1.0093415692189296,0.1761778383037674,0.018571798483349874,0.3518892890085388,1,0.957909276009312,1.0187453269132027,0.5111365340636924,2.0304595190179917,fadE18
screen_sex,-0.01814389500584385,0.9820197144585239,0.1869450682224044,-0.03715117348367704,0.38278598168758365,1,0.9226829657720396,0.9635304640816302,0.4550272774547469,2.0402973650424534,fadE18
peth_value_baseline,-0.2197848671478282,0.8026914646928828,0.27784077739718926,-0.0006258119884687502,0.000791119478047088,1,0.42891708259267025,0.9993743837910113,0.9978259889198007,1.0009251814125049,fadE18
HIV_High_CD4,-0.04717986314985667,0.9539158078575996,0.19028289437898835,-0.12550444820996898,0.5061767472062557,1,0.8041762668431777,0.8820518408665148,0.3270662129339513,2.3787704727945163,fadE18
high_lung_involvement,-0.037816637488567666,0.9628894825388952,0.19597066221961446,-0.07562900685405523,0.39191920647840556,1,0.8469817484669431,0.9271601128090525,0.43008322762753465,1.998743079394292,fadE18
HIV_Low_CD4,0.29989567928399846,1.3497179966835702,0.1354891106792262,1.0066870589732755,0.45480860103826265,1,0.026868005620551205,2.7365200514254067,1.1221860138218345,6.673173519913641,fadE18
fstrom1_baseline,-0.014803101610961765,0.9853059256541367,0.17868111936817535,-0.03173658063098894,0.38307699974607057,1,0.9339736111965703,0.9687617390771043,0.45723687175093863,2.052545114102051,fadE18
diabetes,0.2400614108303499,1.2713272211844813,0.146199442381085,1.1243550499330834,0.6847417949015566,1,0.10058727334102666,3.07823090334191,0.8043552881058919,11.780248895487734,fadE18
Indel_Sample1,-0.10568472184901283,0.8997082617221654,0.21293060500580324,-0.5386203768182424,1.0851971855327673,1,0.6196587058734748,0.5835527802171161,0.06955984786614124,4.895551927520576,fadE18
underweight,0.3021974480225647,1.3528283136161168,0.19406385983810923,0.6062108773188916,0.38929389873459913,1,0.11942153404375004,1.8334709737055808,0.8548825878714938,3.9322543927239386,Rv0774c
screen_years,-0.01383560265347823,0.9862596694086572,0.18691666448569907,-0.0010841361770439531,0.014646497383356782,1,0.9409943386174812,0.9989164512862654,0.970648626786181,1.0280075087049532,Rv0774c
smoked_substance_use,0.16044717876229675,1.1740357574809406,0.19686858935458781,0.32774503772027425,0.4021429590827973,1,0.4150744080713711,1.3878350815806553,0.6310055135270173,3.052407898783782,Rv0774c
F2,0.10018836597397095,1.10537911427996,0.1414986942972168,0.1822399227992656,0.25738229059071677,1,0.47891326236604537,1.1999020432047298,0.7245387039718933,1.9871470018014903,Rv0774c
TTP_baseline,0.03708433314160866,1.0377805364408108,0.2244846055184579,0.10377680461352713,0.6281977609432932,1,0.8687884013879656,1.1093528248491895,0.32385215404659584,3.8000787539112935,Rv0774c
smear_pos_no_contam_sputum_specimen_1,-0.0760656006030904,0.9267554088514829,0.21572988448268907,-0.17319595978434923,0.49120159573982397,1,0.7243909674760222,0.8409728018478972,0.3211222469972472,2.2023863499372105,Rv0774c
bl_prevtb,0.22280244607666333,1.2495736911652886,0.17154416880636822,0.46119933606430613,0.3550950995034296,1,0.19401081446426083,1.5859749617803582,0.7907493252907121,3.1809278856728387,Rv0774c
Lineage_2,0.08646030124669188,1.0903080829869938,0.17213364674814668,0.17269172006018355,0.34381161190213694,1,0.6154664360023605,1.1884996579997518,0.6058234592440055,2.3315892039377197,Rv0774c
screen_sex,-0.01751254499239054,0.9826399083775773,0.186347095076259,-0.03585843044966085,0.3815615806378712,1,0.9251265574203278,0.964776866842797,0.4567105829609474,2.0380399262055082,Rv0774c
peth_value_baseline,-0.20558596717423472,0.8141700996557506,0.2796718615795345,-0.0005853822630656506,0.0007963332784696458,1,0.4622803761018447,0.9994147890397039,0.9978561345607597,1.0009758781419373,Rv0774c
HIV_High_CD4,-0.02975335824357181,0.9706849154589945,0.18992624908939376,-0.07914772446228165,0.5052280252878585,1,0.8755148379601574,0.9239034312260633,0.3432224643288601,2.487009560695347,Rv0774c
high_lung_involvement,-0.055852820078425465,0.9456783105078657,0.1956427294564284,-0.1116993364046853,0.3912633779637164,1,0.7752735522118692,0.8943131044754116,0.41538002051192,1.9254559423699984,Rv0774c
HIV_Low_CD4,0.27412511361941294,1.3153793638171707,0.13660867927135628,0.9201806610855232,0.45856675859498747,1,0.0447874836657306,2.5097437620141494,1.0216370888354254,6.165412179924887,Rv0774c
fstrom1_baseline,0.02293228993613628,1.023197256450083,0.1759291124105395,0.04916486340082079,0.37717693278690184,1,0.8962898373842381,1.0503935079119102,0.5015317614617874,2.199913557314262,Rv0774c
diabetes,0.224285104387071,1.2514277561157194,0.14479862316525022,1.0504649159151342,0.6781808980297133,1,0.12139494039221736,2.8589799944318033,0.7567326795938629,10.801392392552833,Rv0774c
Indel_Sample1,-0.7851608344347244,0.45604634793030696,0.706500609428119,-3.4686910657611922,3.1211851692048342,1,0.2664229737263708,0.0311577874760794,6.867663032949429e-05,14.135925361317545,Rv0774c
underweight,0.2973324734925406,1.3462628217515489,0.19915706268400513,0.5964516933903768,0.3995109107768156,1,0.135449044218304,1.815664821327405,0.8297960733296325,3.972830011327739,PE_PGRS31
screen_years,-0.010098580216722343,0.9899522392325145,0.19437964050156767,-0.0007913089457636818,0.015231284507550498,1,0.9585662468594509,0.9992090040565943,0.9698206921567663,1.0294878649860586,PE_PGRS31
smoked_substance_use,0.16477398556520595,1.1791265889631848,0.2060706230575888,0.3365833948030667,0.4209399295646616,1,0.4239428255117186,1.4001556301042146,0.6135805627671987,3.195074791272923,PE_PGRS31
F2,0.09926415059102553,1.1043579778462418,0.14093253583692947,0.18055880006210442,0.2563524636932333,1,0.4812222619814869,1.197886555213553,0.7247831327438929,1.979809041263155,PE_PGRS31
TTP_baseline,-0.08143224695765644,0.9217951621648506,0.22848334753612257,-0.22788001470851366,0.6393878413333726,1,0.7215384669440668,0.7962197887677481,0.22739716702091278,2.7879237034076776,PE_PGRS31
smear_pos_no_contam_sputum_specimen_1,-0.18310432685686845,0.8326812801847082,0.21350625770595227,-0.41691552264367565,0.4861385558013283,1,0.39110985589656055,0.6590765946407925,0.2541756835563691,1.7089831392426236,PE_PGRS31
bl_prevtb,0.2649714959002758,1.3033938231813547,0.17346157821118616,0.5484889422763528,0.35906412210635563,1,0.12662392860657143,1.7306359502757722,0.856189280510482,3.498175999822339,PE_PGRS31
Lineage_2,0.11887425269194087,1.1262282892081739,0.1812703241906628,0.2374338149674864,0.3620607796754629,1,0.5119628483731193,1.2679910719831406,0.6236335932313076,2.5781185877083046,PE_PGRS31
screen_sex,0.008096303362208821,1.008129167057887,0.19231702504574036,0.01657787209907349,0.3937855217436906,1,0.966419989063104,1.0167160475162018,0.469903667452941,2.199837100399923,PE_PGRS31
peth_value_baseline,-0.21860254211585695,0.8036410681638957,0.28294100757682145,-0.0006224454546901683,0.0008056417935812923,1,0.4397542910561948,0.999377748224295,0.9978009471128585,1.0009570411170354,PE_PGRS31
HIV_High_CD4,-0.06236802391760276,0.9395370510508196,0.1930271772219863,-0.1659068913121394,0.5134768892784904,1,0.7466158107496071,0.8471251052245545,0.3096529572974713,2.3175006955038464,PE_PGRS31
high_lung_involvement,-0.04336510219378879,0.9575617183539009,0.1959117717607902,-0.08672531004461544,0.39180143220734814,1,0.824819795747654,0.9169289322105594,0.4254354670567569,1.9762307842863314,PE_PGRS31
HIV_Low_CD4,0.2708354643524455,1.3110593366401926,0.1385331559116025,0.9091379966712723,0.46502682408728685,1,0.05058039114924102,2.482181961813861,0.9977048076064464,6.175401025013864,PE_PGRS31
fstrom1_baseline,-0.03922719212468592,0.961532231778446,0.1768855501869006,-0.08409973656267465,0.37922745337412334,1,0.8244960872094285,0.919339559754841,0.43719678027648184,1.933191789737638,PE_PGRS31
diabetes,0.20791180866611,1.2311045920050119,0.14852579933838136,0.9737787143959736,0.6956375535486288,1,0.1615623382714837,2.6479313549883385,0.6772967055587624,10.352243563544176,PE_PGRS31
Indel_Sample1,0.3186831920620227,1.3753155449985381,0.08540720393874827,2.548239306466058,0.6829290014445568,1,0.00019046506206746322,12.78457423747685,3.352556065878941,48.75245490956652,PE_PGRS31
underweight,0.2966291609529542,1.3453163111128486,0.1948246063047095,0.5950408419273949,0.39081996318667406,1,0.12787266790295757,1.8131049941505208,0.8428618525755458,3.9002236366118064,Rv3289c
screen_years,0.014875507712453854,1.014986698734139,0.18704052533474377,0.0011656215104524747,0.014656202925697937,1,0.9366103276018257,1.0011663011112322,0.9728163036772511,1.0303424795533527,Rv3289c
smoked_substance_use,0.16239600911396898,1.1763259849065821,0.1994055002313931,0.33172590844699174,0.4073251003795498,1,0.41541535119563033,1.3933708849786384,0.6271204708453734,3.09586835921492,Rv3289c
F2,0.07259811563424408,1.0752983044896958,0.14142297239872956,0.13205400507274506,0.2572445545092828,1,0.6077132758469612,1.1411699465691054,0.6892604574449345,1.8893711845591756,Rv3289c
TTP_baseline,-0.02486208071641784,0.975444435349137,0.2192469559242207,-0.06957405120219222,0.6135407213654286,1,0.9097153347426222,0.9327910565278453,0.28024480110320743,3.1047825034152803,Rv3289c
smear_pos_no_contam_sputum_specimen_1,-0.12401077930462381,0.8833703187136688,0.21069677783101592,-0.28236371993356507,0.4797415700472364,1,0.5561466528066508,0.7539993900448712,0.2944518110140252,1.9307576279806218,Rv3289c
bl_prevtb,0.2195506311008292,1.2455169082514683,0.17111169892131348,0.45446810427458584,0.35419989019416365,1,0.19946275510469869,1.575335246069538,0.7868238157210472,3.154049341064687,Rv3289c
Lineage_2,0.030045180425556962,1.0305010913796122,0.17391721664692375,0.06001082360797942,0.34737403013601004,1,0.8628435052171877,1.0618480395100751,0.5374982554698192,2.0977207786950682,Rv3289c
screen_sex,-0.025781477500860083,0.9745480270124899,0.18596465673000687,-0.052789775458437875,0.38077850548538344,1,0.8897374484111228,0.9485794061936403,0.44973267319992877,2.000750542433175,Rv3289c
peth_value_baseline,-0.22519600625220282,0.7983597199258907,0.27897062059924926,-0.0006412195812058426,0.0007943365758851456,1,0.4195287149340773,0.999358985956136,0.9978043233706568,1.0009160708359448,Rv3289c
HIV_High_CD4,-0.038297326286162996,0.962426743576944,0.18961385463194055,-0.10187576823178278,0.5043970162219359,1,0.8399359881564099,0.9031417435955895,0.33605657543031375,2.427165747256808,Rv3289c
high_lung_involvement,-0.026655400514346884,0.9736967191069023,0.19451911684951106,-0.05330779260336301,0.38901627956488216,1,0.8910052701584779,0.9480881530476706,0.4423005325992089,2.0322633135146053,Rv3289c
HIV_Low_CD4,0.3037498815877289,1.3549301207339157,0.13552152282495541,1.0196248098308198,0.4549174018310485,1,0.025004025609510903,2.772154483715301,1.1365565104476296,6.7615119978118745,Rv3289c
fstrom1_baseline,-0.0007916846470092967,0.9992086286525973,0.17754374672950943,-0.0016973040038799109,0.3806385703274836,1,0.9964421677744226,0.9983041356019628,0.4734375842111802,2.105052873697151,Rv3289c
diabetes,0.22987968960819963,1.2584485963776577,0.1483159289736311,1.076667795103003,0.6946546017130044,1,0.12115770022442603,2.93488360555835,0.7521419527065625,11.45201613495907,Rv3289c
Indel_Sample1,0.007648776454878732,1.0076781030687285,0.18735031939334235,0.045095888896943916,1.1045857122390006,1,0.9674345592273729,1.0461281671754759,0.1200493554996017,9.116118429819899,Rv3289c
underweight,0.32379978419844035,1.3823705069914147,0.1962782848978541,0.6495453635993229,0.3937360558971065,1,0.09900483398865609,1.9146701523616898,0.8850039901203064,4.142311032797026,PPE16
screen_years,0.01979829626237871,1.0199955823550895,0.191909304371865,0.0015513635191368293,0.015037712833461107,1,0.9178321297778568,1.0015525675060477,0.9724642043392865,1.0315110222072283,PPE16
smoked_substance_use,0.1255529770315284,1.1337752314157281,0.20103043909029353,0.2564667419553321,0.41064435879039696,1,0.5322683506982828,1.2923557838585495,0.5778844107394249,2.8901687621847825,PPE16
F2,0.057307742735182784,1.0589816541656631,0.142700896934155,0.10424123110834231,0.25956906460998375,1,0.6879832654670845,1.1098681573509184,0.6673071882240774,1.84593744596063,PPE16
TTP_baseline,-0.024986680802050236,0.9753229024606243,0.2233582879622069,-0.06992273210450549,0.6250458736888692,1,0.9109279423573224,0.9324658667976045,0.2739005668347311,3.1744826335728273,PPE16
smear_pos_no_contam_sputum_specimen_1,-0.1351408344734081,0.8735928710320899,0.21476294564681012,-0.3077060635439044,0.4889999448173962,1,0.5291815869148992,0.7351313681641277,0.2819210127729884,1.9169132628436731,PPE16
bl_prevtb,0.22564184091723158,1.2531267661611767,0.1700809599591792,0.4670768613713842,0.3520662685335273,1,0.18461683038857135,1.595324017496584,0.8001465783774013,3.1807406162537193,PPE16
Lineage_2,-0.00890623405932914,0.9911333089630174,0.17205988497221916,-0.01778889104926624,0.34366428361648504,1,0.9587180090143892,0.9823683972308137,0.5008951357377512,1.9266461161705073,PPE16
screen_sex,-0.016066581246954762,0.9840617978124542,0.18929957701086395,-0.032897696277616205,0.38760703937341845,1,0.9323616925922238,0.9676375474485548,0.4526692586107789,2.0684471176721484,PPE16
peth_value_baseline,-0.23237415407561407,0.7926494947787529,0.2782179638060504,-0.0006616585268948112,0.0007921934727202245,1,0.4035919360653143,0.9993385603208382,0.9977881206161254,1.0008914092176713,PPE16
HIV_High_CD4,-0.041428103928164206,0.9594183112697211,0.1897510852516575,-0.11020403572122893,0.5047620671579757,1,0.8271730301850073,0.8956513717784087,0.3330310639848005,2.408758420821539,PPE16
high_lung_involvement,-0.020237902454386114,0.9799655093728254,0.19328196293786679,-0.04047352078558479,0.38654211137127814,1,0.9166086030595004,0.9603345930803479,0.45019154213970014,2.048555879756207,PPE16
HIV_Low_CD4,0.31345092598042795,1.3681383210676157,0.13875020968268226,1.0521891864566235,0.46575542819045035,1,0.02387701845822803,2.8639139018881297,1.1494979957084996,7.135291116686755,PPE16
fstrom1_baseline,0.02330795178716367,1.0235817048321816,0.17881544607896938,0.049970250200050005,0.3833649846967956,1,0.8962923618797315,1.051239821736423,0.49588496094359774,2.2285514783541136,PPE16
diabetes,0.2439303820406935,1.2762554770947254,0.14569574623546427,1.1424758187119928,0.6823826764451516,1,0.09408244889662688,3.134519267768363,0.8228596308130541,11.940324536644223,PPE16
Indel_Sample1,-2.29157681686166,0.10110690901517344,324.65437195701827,-16.084998076279554,2278.808595880308,1,0.9943681689285736,1.0336513925234435e-07,0.0,inf,PPE16
underweight,0.30262756138901,1.3534103083091849,0.20030560412557366,0.6070736887123217,0.4018148955373963,1,0.13083196572382585,1.835053596005312,0.8348785323165421,4.0334271033037865,Rv0759c
screen_years,-0.049437565039277175,0.9517645796656012,0.1953559666187973,-0.0038738502475401462,0.015307787894558032,1,0.8002187467161522,0.9961336434307447,0.9666908224912423,1.0264732140700543,Rv0759c
Indel_1,0.021495811560909073,1.0217285108807845,0.21921157862290416,0.07177758805487204,0.7319788016688209,1,0.9218849244843214,1.0744163544564551,0.255924064727251,4.510597719498398,Rv0759c
smoked_substance_use,0.158836710528207,1.1721465318650786,0.20379516102078193,0.32445533841735896,0.41629184913821055,1,0.4357477010842252,1.383277022912085,0.6117315766359392,3.1279328960572497,Rv0759c
F2,0.08572204557764307,1.0895034539112523,0.14633637940503957,0.15592607800713515,0.2661819087101083,1,0.5580182158439152,1.168739804321048,0.6936547806901454,1.9692111526217109,Rv0759c
TTP_baseline,-0.03425451320742596,0.9663255307267872,0.22305614730401768,-0.09585783599462955,0.6242003632159973,1,0.8779495681958609,0.9085931761327039,0.2673308986726331,3.0880888210601207,Rv0759c
smear_pos_no_contam_sputum_specimen_1,-0.14621051691732306,0.8639758025161431,0.21491715947954007,-0.33291094275580824,0.48935107874074557,1,0.49630753374145453,0.7168340305764149,0.2747149037026715,1.8704883516206239,Rv0759c
bl_prevtb,0.2523547489184278,1.2870525368040888,0.1722089335267844,0.5223723738374343,0.35647115732098794,1,0.1428121693893107,1.6860227851925633,0.8383678977557395,3.3907224260353397,Rv0759c
Lineage_2,0.1127713623834468,1.1193759722342587,0.1857137516400521,0.22524419025515302,0.37093587169033176,1,0.543696852993008,1.2526285585358055,0.6054539578092492,2.591573290456273,Rv0759c
screen_sex,-0.004375664269743531,0.9956338950013545,0.1905333236649424,-0.008959546025768483,0.3901332409396099,1,0.9816779131654123,0.9910804711057706,0.46134615121211314,2.1290748771319676,Rv0759c
peth_value_baseline,-0.19492116199799014,0.822899531253647,0.27856042681688575,-0.0005550154638378932,0.0007931685965336566,1,0.4840868010620274,0.9994451385287539,0.9978926262898365,1.0010000661520408,Rv0759c
HIV_High_CD4,-0.03297427430433474,0.9675634505117272,0.19085354008258412,-0.0877157716321664,0.5076947374964288,1,0.8628301258771465,0.9160211989363689,0.33865304144811637,2.4777419193188517,Rv0759c
high_lung_involvement,-0.061033429618584434,0.9407917889396463,0.19673800003088818,-0.12205997078259138,0.3934537954964202,1,0.7563883779955167,0.8850952870539424,0.4093375164986385,1.9138086190243115,Rv0759c
HIV_Low_CD4,0.2937881910493932,1.3414997319225164,0.13731142539364088,0.986185498619729,0.4609257303172096,1,0.03238907102024465,2.680988309165486,1.086311125064497,6.616611160504554,Rv0759c
fstrom1_baseline,-0.040847258282328304,0.959975747094771,0.17767473835976208,-0.08757301949964244,0.3809194051514788,1,0.8181701938852677,0.9161519722498168,0.4342385095721871,1.932888073616832,Rv0759c
diabetes,0.19696831262867073,1.2177054542096621,0.1504570273362451,0.9225236001689188,0.7046826805620027,1,0.19048918322141895,2.5156308325943324,0.6321496820049116,10.010917771607902,Rv0759c
Indel_2,0.29104070575148216,1.337819039771056,0.14504714846428304,1.8741454938018516,0.9340255651910981,1,0.04480028170237511,6.515249419985426,1.0444485318313514,40.641997868665335,Rv0759c
underweight,0.27307221366418305,1.3139951298017436,0.19665949876845804,0.5477853876661976,0.3945007744493548,1,0.16496859909679262,1.72941878159698,0.798179378162605,3.7471393072386276,htrA
screen_years,0.006073557199211497,1.0060920386448315,0.18778118698026114,0.0004759144395748885,0.014714240013417597,1,0.9741978799265056,1.0004760277048192,0.9720350008679537,1.0297492179995984,htrA
Indel_1,-1.8932095889642717,0.15058770772428953,1.7909721645619183,-3.8533569074571052,3.645267276061906,1,0.290472852814078,0.02120842209723281,1.6735983055158227e-05,26.876053015347626,htrA
smoked_substance_use,0.163358318609516,1.1774585194086715,0.20055987158322225,0.3336916155684855,0.4096831317588921,1,0.41535199611476126,1.3961125378105579,0.6254570804898747,3.116329287862927,htrA
F2,-0.03490308392464514,0.9656990034798315,0.2161002146281852,-0.06348776385410003,0.393080434518482,1,0.8716890454153488,0.9384856026771671,0.4343471158120053,2.0277681015235176,htrA
TTP_baseline,-0.0188560742371982,0.9813205893938312,0.22287628792781755,-0.0527668415775373,0.623697044704901,1,0.932576758381354,0.9486011610502274,0.2793777175360534,3.220887373130305,htrA
smear_pos_no_contam_sputum_specimen_1,-0.07380242796362907,0.9288551915253681,0.21699030343170234,-0.16804287673049298,0.4940714799959652,1,0.7337672506966273,0.8453175894531618,0.3209707815155665,2.2262519462515282,htrA
bl_prevtb,0.2561943393679956,1.2920037907433615,0.17478119473761236,0.5303202963009526,0.3617957180855032,1,0.14270268110178316,1.6994765575083701,0.8362846102874227,3.453633528575694,htrA
Lineage_2,-0.28100200725267427,0.7550268199490835,0.3093816720636274,-0.561260130639265,0.6179443320619669,1,0.3637357319638478,0.5704897191353788,0.16992319027746994,1.91532726702999,htrA
screen_sex,-0.026967686102114936,0.9733926951282923,0.18668575547276636,-0.05521863880442037,0.3822550167021035,1,0.8851412083701774,0.9462782321930652,0.44734520825324137,2.001681198774625,htrA
peth_value_baseline,-0.22736225219188771,0.7966321482723033,0.274368202789988,-0.0006473877159669804,0.0007812317234976493,1,0.4072879609664902,0.9993528217942466,0.9978237976118259,1.00088418899049,htrA
HIV_High_CD4,-0.024783462537011112,0.9755211260293579,0.18970607505737766,-0.06592716855834005,0.5046423343054456,1,0.8960590104908196,0.936199046534923,0.34818965261663476,2.517216258858536,htrA
high_lung_involvement,-0.01483253131656403,0.9852769288175027,0.1970677930990935,-0.02966338857976285,0.39411334441118717,1,0.9400029645882338,0.9707722515832446,0.44838127445899223,2.101779931780339,htrA
HIV_Low_CD4,0.31833193821895733,1.3748325449607055,0.13814948288680337,1.0685737234627888,0.46373891400513906,1,0.021208210968240538,2.911224326516714,1.1731144717481985,7.224552491175681,htrA
fstrom1_baseline,0.015844934391602866,1.0159711310092325,0.17792600496577626,0.0339701807855903,0.38145809921108986,1,0.9290393880677875,1.034553756687869,0.48984123270016655,2.184996696944289,htrA
diabetes,0.2505910475467178,1.2847845610833146,0.14577129728936164,1.1736718067373482,0.6827365284394536,1,0.08560164720612201,3.2338449191320247,0.8483455822791854,12.327232179249357,htrA
Indel_2,-1.5484143309913585,0.21258479583452272,1.7219911759225426,-3.155866697469521,3.509638535798762,1,0.3685461819146315,0.04260146240800942,4.385456119660592e-05,41.384169622965,htrA
