covariate,coef,exp(coef),se(coef),coef_transformed,se_transformed,imp_num,pval,OR,OR_lower,OR_upper,Indel
fstrom1_baseline,0.011864037125534646,1.0119346939626281,0.1762549195304708,0.02543547837061112,0.37787543531722245,1,0.9463334775846121,1.0257617203176952,0.48910075612144555,2.1512686163336356,espK_p.Val269fs
high_lung_involvement,0.015008819238200681,1.0151220171791138,0.19677142315381027,0.03001594452654093,0.3935206379700093,1,0.9391999958491606,1.0304709641941685,0.4765082067443907,2.228440964956705,espK_p.Val269fs
smoked_substance_use,0.10020494777709062,1.105397443610772,0.2013986568038229,0.20468838805583345,0.41139651616294104,1,0.6188045920583142,1.2271426130825531,0.5479156282205836,2.7483775152272703,espK_p.Val269fs
HIV_High_CD4,-0.04346634141168497,0.9574647804614885,0.19001842964531282,-0.11562600716437683,0.5054732373133695,1,0.8190647619455791,0.8908083169347203,0.33076889580422003,2.399075208056321,espK_p.Val269fs
Lineage_2,0.4935493553761355,1.638120184379239,0.2955246477586227,0.9857921599337564,0.5902669665237732,1,0.09490383671593383,2.6799339801146456,0.8427290066438395,8.522367310430617,espK_p.Val269fs
HIV_Low_CD4,0.3081463964839846,1.3609002053596209,0.14004243746859915,1.0343829906129196,0.47009316654144645,1,0.02778003776961572,2.8133698243971565,1.1196513193342992,7.069209522777558,espK_p.Val269fs
screen_years,0.02091532713589154,1.021135585502245,0.18831365010220877,0.0016388923107031165,0.01475596299057321,1,0.9115636592998457,1.0016402360286756,0.9730865357426153,1.0310317999271472,espK_p.Val269fs
TTP_baseline,-0.024794047455025094,0.9755108002728667,0.22379967689840413,-0.06938366691112742,0.6262810565682647,1,0.9117854221611217,0.9329686621979824,0.2733856120768788,3.1838929562932483,espK_p.Val269fs
smear_pos_no_contam_sputum_specimen_1,-0.11121229265868367,0.894748780167862,0.2176776699748391,-0.2532224765744648,0.49563656470203904,1,0.6094186006819595,0.7762951551237425,0.2938598597473317,2.0507536088350267,espK_p.Val269fs
diabetes,0.2278966704428406,1.2559555413972916,0.14544945608935492,1.067380098238382,0.681229148401769,1,0.11715105882538486,2.9077514887723677,0.7650573368389265,11.051483742894968,espK_p.Val269fs
screen_sex,-0.018984801238810536,0.9811942750669448,0.18716244943057836,-0.038873000761358516,0.38323108826334157,1,0.919205246302344,0.9618728585104652,0.4538483663680053,2.0385650021022452,espK_p.Val269fs
RIF_pred_MIC_high,0.5914722489708238,1.8066462915334245,0.27936691352653786,1.2225335313753773,0.5774327027807611,1,0.034243903914080144,3.39578016001361,1.0950348950972955,10.53055290454235,espK_p.Val269fs
underweight,0.3085084688843541,1.3613930389789806,0.1968347908979728,0.6188708435708816,0.394852412083344,1,0.11703354587504136,1.856830205911983,0.856393199307816,4.025975937657905,espK_p.Val269fs
bl_prevtb,0.2211553860838497,1.2475172623262234,0.17027089122807088,0.4577899346482985,0.3524594247876581,1,0.19399734888417863,1.5805769437339843,0.792139438503874,3.1537673212962294,espK_p.Val269fs
Indel_Sample1,-15.917341462013345,1.2223242740726124e-07,3822.9053566902726,-129.86808009338645,31190.722410329618,1,0.9966778763476594,3.9720018314547665e-57,0.0,inf,espK_p.Val269fs
peth_value_baseline,-0.23557146027654738,0.7901191988549057,0.2842150409248541,-0.0006707624864954679,0.0008092694561827014,1,0.40718964246242595,0.9993294624243712,0.9977456434128509,1.0009157955863444,espK_p.Val269fs
F2,0.06165723920382624,1.0635977226403042,0.14223542230628786,0.1121528473220172,0.25872237887533905,1,0.6646608414256658,1.118683835406621,0.6737247075566455,1.8575146637246458,espK_p.Val269fs
fstrom1_baseline,0.01571435835603731,1.0158384781875245,0.17675284536366376,0.03369023696097097,0.3789429456112597,1,0.9291567505291931,1.0342641802869015,0.49212413439502045,2.173643436405625,espK_c.588C>T
high_lung_involvement,0.011915001987260523,1.011986268388612,0.19602383181167374,0.023828659204114193,0.39202553966161086,1,0.9515316822799803,1.024114830206865,0.47495876960213274,2.208215223246035,espK_c.588C>T
smoked_substance_use,0.1052247036560643,1.1109602191336339,0.20132371956062237,0.21494223042683686,0.41124344204977265,1,0.6012079456676012,1.2397902727423633,0.5537288763653175,2.7758709830630335,espK_c.588C>T
HIV_High_CD4,-0.04705428204630436,0.9540356091796799,0.19023521024295287,-0.12517038647144993,0.5060499013279094,1,0.8046389820229184,0.8823465498606973,0.32725684180150627,2.3789737435750453,espK_c.588C>T
Lineage_2,0.48147427373299884,1.6184586953531555,0.30076489429497855,0.9616739624633283,0.6007335873295541,1,0.10941398186122711,2.6160720165109335,0.8059430206104533,8.491707999887868,espK_c.588C>T
HIV_Low_CD4,0.3302471534000552,1.3913119534531058,0.14468964122368622,1.1085706082339564,0.4856928573800326,1,0.022462671382204702,3.0300242058961033,1.1695629128145522,7.849981037977792,espK_c.588C>T
screen_years,0.03075728934848637,1.0312351817470011,0.18915953649727582,0.002410093071162307,0.014822245325035231,1,0.8708336004787057,1.002412999680065,0.973710766320307,1.0319612935213678,espK_c.588C>T
TTP_baseline,-0.036767128611412285,0.9639005740805063,0.22536710912539826,-0.10288913939848837,0.6306673591975873,1,0.8704056264507662,0.9022269893642445,0.2621143422428253,3.105566575915018,espK_c.588C>T
smear_pos_no_contam_sputum_specimen_1,-0.1053217045490828,0.9000349306757139,0.21959018475434686,-0.23981002662011383,0.49999122476141344,1,0.6314915979100186,0.7867773136155863,0.2952966544157429,2.0962599201975833,espK_c.588C>T
diabetes,0.22707409870142928,1.2549228526489888,0.14558239572548148,1.0635274894905244,0.6818517863788522,1,0.1188157935306667,2.8965706115522525,0.7611860617592584,11.022431609318861,espK_c.588C>T
screen_sex,-0.03999838350026297,0.9607909922694543,0.18956418008921683,-0.08190010380936964,0.3881488367584362,1,0.8328858656033626,0.9213639948525112,0.43056462747127405,1.9716241345608791,espK_c.588C>T
RIF_pred_MIC_high,0.6039537804198014,1.8293373188409505,0.2825485727226829,1.2483320210692601,0.5840089792831064,1,0.03255556112701365,3.4845259915846416,1.1092625831254928,10.94593973576344,espK_c.588C>T
underweight,0.3178234747857822,1.3741336705759455,0.19646219369336262,0.6375568316117658,0.3941049786428193,1,0.10572004034037523,1.8918531126802614,0.8738253666150466,4.095907874387362,espK_c.588C>T
bl_prevtb,0.2218116861702599,1.248336276743505,0.1706698488029913,0.45914847073908804,0.35328526387475595,1,0.19371971451625436,1.5827256737895035,0.7919334466357537,3.1631705531747927,espK_c.588C>T
Indel_Sample1,-0.09604262219634462,0.9084252961622108,0.16831743103023447,-0.6101484443165073,1.069302527834952,1,0.5682680146930326,0.5432702177123826,0.06680730237316504,4.417818396628023,espK_c.588C>T
peth_value_baseline,-0.2523367368084147,0.7769830552180884,0.2876511022665319,-0.0007184996723162708,0.0008190532434317555,1,0.38036066653675793,0.9992817583867646,0.9976788834358611,1.0008872085230818,espK_c.588C>T
F2,0.04922633383144345,1.050458078037721,0.1484695565503608,0.08954136730270466,0.2700621001325484,1,0.7402227096636078,1.0936725746610438,0.6441841654614405,1.8567977368846293,espK_c.588C>T
fstrom1_baseline,0.03875962152730433,1.0395205752468475,0.1773924084382383,0.08309730529154888,0.3803141140067943,1,0.8270422799607388,1.0866475399597284,0.5156615389560203,2.289879672800723,ponA1_p.Gln365His
high_lung_involvement,0.044914896407981554,1.0459388429683716,0.20123626032870828,0.08982472355759615,0.40244980840206274,1,0.8233838620111266,1.0939825175359297,0.49710082488147395,2.4075553464623773,ponA1_p.Gln365His
smoked_substance_use,0.12901023191876163,1.1377017649782117,0.20337933978542505,0.26352886758549693,0.4154424521745604,1,0.5258635079733933,1.301514865991018,0.5765326094613983,2.938152879120076,ponA1_p.Gln365His
HIV_High_CD4,-0.07375618365850485,0.9288981467814715,0.19124032502426477,-0.19620084744060778,0.5087236347301356,1,0.6997390405535819,0.8218471522034544,0.3032247953811734,2.227498383619534,ponA1_p.Gln365His
Lineage_2,0.41517211102407087,1.5146314030218386,0.31337844283877203,0.8292451557529998,0.6259272931422974,1,0.18522865521675425,2.29158829499705,0.6719644808414907,7.814962045599892,ponA1_p.Gln365His
HIV_Low_CD4,0.26100624346217716,1.2982357708943195,0.14577988450170887,0.8761433583568853,0.4893525759919792,1,0.07338749445790983,2.401619636666194,0.9203786971206322,6.266743132218206,ponA1_p.Gln365His
screen_years,-0.017475318417864958,0.9826764893762467,0.19038669302728056,-0.0013693386097212777,0.01491840339074402,1,0.9268660417432089,0.9986315985066009,0.9698548363198143,1.0282622019188403,ponA1_p.Gln365His
TTP_baseline,-0.03844954892438496,0.9622802515889227,0.2270772852967542,-0.1075972247085434,0.6354531165067943,1,0.8655420948278969,0.8979892114671189,0.2584475655195917,3.120109188454357,ponA1_p.Gln365His
smear_pos_no_contam_sputum_specimen_1,-0.1341680121494846,0.8744431351899711,0.2184124929153789,-0.30549101633786513,0.49730970424802695,1,0.5390255187595924,0.7367615236163706,0.2779816635760824,1.9527098863229473,ponA1_p.Gln365His
diabetes,0.20841011143533986,1.2317182077029232,0.14851415539230484,0.9761125723577397,0.6955830177966018,1,0.16052700248203322,2.65411846777623,0.6789518338844817,10.375323387357373,ponA1_p.Gln365His
screen_sex,-0.02667241121303863,0.9736801559862719,0.18929800226146634,-0.05461403826931398,0.38760381493963264,1,0.8879475954366147,0.946850525505597,0.4429477083167417,2.0239994491836044,ponA1_p.Gln365His
RIF_pred_MIC_high,0.6568313687719791,1.9286713936148718,0.2929138194346375,1.3576264553073576,0.6054332501400945,1,0.02493521876130908,3.8869564792043168,1.1864896693034508,12.733722898824798,ponA1_p.Gln365His
underweight,0.26035195073490525,1.2973866224972426,0.19830938033976467,0.5222684225146299,0.39781045214967536,1,0.18923098135170724,1.6858475300029263,0.7730390328647597,3.676505032203438,ponA1_p.Gln365His
bl_prevtb,0.2243803450115664,1.2515469485526138,0.17238986632369707,0.46446557462662186,0.3568456868078845,1,0.1930577330217611,1.5911636034172552,0.7906189813987612,3.2023030972017974,ponA1_p.Gln365His
Indel_Sample1,0.27184659300669317,1.3123856567300116,0.14001502531663435,0.9990524583926887,0.5145635768591517,1,0.05219123688826923,2.715707363225265,0.9905711133569155,7.445267061829403,ponA1_p.Gln365His
peth_value_baseline,-0.24521283193867882,0.7825379714435775,0.2909587759572582,-0.00069821517716405,0.0008284714616942846,1,0.39935419714098574,0.9993020285183323,0.9976807043277504,1.0009259875119323,ponA1_p.Gln365His
F2,0.08120613055942814,1.0845944415852355,0.14699144253169677,0.14771175096140468,0.26737345078657715,1,0.5806367822370992,1.159178716051249,0.6863753914951104,1.957668227031409,ponA1_p.Gln365His
fstrom1_baseline,0.007266540167100687,1.0072930055351508,0.17759386493075238,0.015578839082664895,0.38074601945379705,1,0.9673623700267715,1.0157008218228527,0.48158638954242516,2.1421871171065052,Rv1373_p.Gln177Pro
high_lung_involvement,0.020957351666013244,1.0211784991471229,0.19669635364370214,0.04191233800918755,0.39337050742241064,1,0.9151485877314391,1.042803060551558,0.4823527003218017,2.2544462223808663,Rv1373_p.Gln177Pro
smoked_substance_use,0.10471731593717849,1.1103966745421672,0.20175289814940714,0.21390579084374267,0.41212012404477605,1,0.6037346045895648,1.2385059706946646,0.5522056158461683,2.777764288209704,Rv1373_p.Gln177Pro
HIV_High_CD4,-0.040875784538032776,0.9599483629717243,0.19017261176494418,-0.10873479576023251,0.5058833813993477,1,0.8298137563783137,0.8969682657446721,0.3327885406801681,2.4176074936613654,Rv1373_p.Gln177Pro
Lineage_2,0.5011845713993464,1.6506754559703727,0.2966310480829839,1.0010423796191732,0.592476838249109,1,0.09110660183776503,2.7211167873311792,0.8519811430030805,8.690892552147467,Rv1373_p.Gln177Pro
HIV_Low_CD4,0.31037429988894266,1.363935539521103,0.14039185337871282,1.0418615962792914,0.47126608265597875,1,0.027051668511592752,2.8344887796456533,1.1254658593460574,7.13866757949049,Rv1373_p.Gln177Pro
screen_years,0.021876043959543397,1.0221170790316485,0.18829238397469505,0.0017141725778878562,0.014754296610093755,1,0.9075088988697733,1.001715642611545,0.9731629711039579,1.0311060515530746,Rv1373_p.Gln177Pro
TTP_baseline,-0.029320587518122773,0.9711050903871864,0.22326330136371175,-0.0820507374476158,0.6247800631743511,1,0.895516322268763,0.9212252168943943,0.270739774932982,3.1345815384983484,Rv1373_p.Gln177Pro
smear_pos_no_contam_sputum_specimen_1,-0.11555679421520172,0.8908699745392127,0.21779842560670856,-0.2631145974661675,0.4959115166828974,1,0.5957184328878998,0.7686538064851808,0.2908105340251535,2.031661872926014,Rv1373_p.Gln177Pro
diabetes,0.23085816283805857,1.259680557262449,0.14559690070885814,1.0812505862871875,0.681919722126011,1,0.11283051733859666,2.9483644305818926,0.7746937341873805,11.221018619233961,Rv1373_p.Gln177Pro
screen_sex,-0.021999776130351933,0.9782404540495317,0.18739572228305656,-0.045046419159586036,0.3837087343370572,1,0.9065451208018979,0.9559531062633732,0.4506331347240452,2.0279164379117507,Rv1373_p.Gln177Pro
RIF_pred_MIC_high,0.5943510039880682,1.8118546768453128,0.2849265579166817,1.228483725223559,0.5889241154401048,1,0.036980465691596354,3.416045943108307,1.0770369106713633,10.834698207466912,Rv1373_p.Gln177Pro
underweight,0.3098677948287474,1.363244874196062,0.19691653240038523,0.6215976639947637,0.3950163862936329,1,0.11558002440277901,1.8619003579966598,0.858455678678407,4.038266656287992,Rv1373_p.Gln177Pro
bl_prevtb,0.21952460132664306,1.2454844881495473,0.1711145748742445,0.4544142228438209,0.35420584339443456,1,0.19952360473209418,1.5752503670392677,0.7867722415124313,3.153916200814693,Rv1373_p.Gln177Pro
Indel_Sample1,0.024191542190584222,1.0244865314928961,0.15395706043216753,0.12215713177230597,0.7774185196762348,1,0.8751410162179257,1.1299316359923688,0.2462137623551017,5.1855163976374525,Rv1373_p.Gln177Pro
peth_value_baseline,-0.23769018495635116,0.7884469259767827,0.28618882740468043,-0.0006767953099654933,0.000814889584892118,1,0.40623568213124917,0.9993234336643212,0.9977286339169483,1.000920782588041,Rv1373_p.Gln177Pro
F2,0.05149197194899027,1.052840733999088,0.14582418527233817,0.09366250164419174,0.2652502414621766,1,0.7240060076898734,1.0981890463679325,0.6529737049987792,1.846964391260998,Rv1373_p.Gln177Pro
fstrom1_baseline,0.012261944921611574,1.012337430787224,0.17663670740125584,0.02628855856865173,0.3786939557775651,1,0.9446560995922837,1.0266371506822698,0.4887334862787301,2.1565615386540355,Rv1373_c.519G>A
high_lung_involvement,0.016724991651799737,1.0168656373298854,0.19513817509607756,0.03344809566028626,0.39025432618885264,1,0.9316981801238757,1.0340137725312886,0.48121730734330537,2.221832975391344,Rv1373_c.519G>A
smoked_substance_use,0.08423964272107172,1.0878895673894702,0.2014551639320322,0.17207610064657555,0.41151194312781064,1,0.6758332188031451,1.1877682197041284,0.530215109873554,2.6607943030434593,Rv1373_c.519G>A
HIV_High_CD4,-0.049206310660182884,0.9519847048439906,0.1902261995152899,-0.13089505682199776,0.5060259316440695,1,0.7958878417547172,0.8773098372426879,0.32540404348115304,2.365282687605477,Rv1373_c.519G>A
Lineage_2,0.343278334329036,1.4095610365575157,0.3199585393838965,0.6856479234964982,0.63907006704147,1,0.2833232543937937,1.9850575844095681,0.5672776619512301,6.946252034441499,Rv1373_c.519G>A
HIV_Low_CD4,0.3127146234146822,1.3671313280827722,0.14108929579887763,1.0497175727735097,0.47360725095968753,1,0.026662030369948072,2.8568441535433524,1.1291491879092017,7.228060388324103,Rv1373_c.519G>A
screen_years,0.02529054694708068,1.0256130659839688,0.19144321149048113,0.001981727689734264,0.015001190524514638,1,0.8949014828710444,1.001983692609817,0.9729524519484285,1.0318811759459132,Rv1373_c.519G>A
TTP_baseline,-0.02877861090119088,0.9716315492900807,0.22515855016428116,-0.0805340699841436,0.6300837277628356,1,0.898295481738167,0.9226234692813076,0.2683466984338494,3.1721428697901968,Rv1373_c.519G>A
smear_pos_no_contam_sputum_specimen_1,-0.12855454076803752,0.879365599835269,0.21858104783345156,-0.292709541454037,0.4976934918021974,1,0.5564435975838069,0.7462388606760259,0.28134577200990357,1.9793168854282654,Rv1373_c.519G>A
diabetes,0.2309052796806456,1.2597399108312408,0.14632751555759882,1.081471263403582,0.6853416402589433,1,0.11456488740095438,2.949015138938094,0.7696852079184696,11.299022249895282,Rv1373_c.519G>A
screen_sex,-0.023054593415586286,0.9772091331326738,0.1886815626967492,-0.04720624757265285,0.3863416023219101,1,0.9027502531180145,0.9538906396716386,0.4473464745091306,2.034010334945862,Rv1373_c.519G>A
RIF_pred_MIC_high,0.45354849827251614,1.5738872242288149,0.30457572010968004,0.9374543745846134,0.6295376179098695,1,0.13645689417398316,2.5534729521410116,0.7434775686832006,8.769900252490377,Rv1373_c.519G>A
underweight,0.31955738038421333,1.3765183554521296,0.19667726992763343,0.6410350622880705,0.3945364235591179,1,0.10420935111382354,1.8984448713948956,0.8761288424163525,4.113656297155493,Rv1373_c.519G>A
bl_prevtb,0.21609017881334688,1.2412143051870614,0.16941420324991094,0.4473049948672506,0.3506860873144883,1,0.20212739134290902,1.5640912663546165,0.7866065389039858,3.110044690062506,Rv1373_c.519G>A
Indel_Sample1,-3.4553969435555185,0.031574768467375156,482.2059600333007,-15.919036530456724,2221.526041252844,1,0.9942825586854326,1.2202541058021872e-07,0.0,inf,Rv1373_c.519G>A
peth_value_baseline,-0.24300238779990643,0.784269641090345,0.2835825482526868,-0.0006919211931430582,0.0008074685064540073,1,0.3914991739970656,0.9993083181291252,0.997728054399697,1.000891084778506,Rv1373_c.519G>A
F2,0.0662316867004628,1.0684742397621791,0.1408168269046303,0.12047364335988173,0.25614199228086526,1,0.6381126293420354,1.128031009466596,0.6827985330896923,1.863586250779303,Rv1373_c.519G>A
fstrom1_baseline,0.026734965161552306,1.0270955505836075,0.17923132807087874,0.05731747304145939,0.38425660002958734,1,0.8814237710260857,1.0589919584316312,0.4986695516000483,2.24891205894664,ponA1_c.-241G>A
high_lung_involvement,0.01869487659164196,1.0188707198772766,0.19690613395566195,0.03738764321160057,0.3937900443697622,1,0.9243600310451985,1.0380953534691288,0.47978045687398385,2.2461147540597763,ponA1_c.-241G>A
smoked_substance_use,0.09987418772748274,1.1050318827572827,0.20219428212397106,0.20401274535665145,0.4130217379497914,1,0.6213403666201471,1.2263137831631403,0.5458041944076937,2.7552838731990055,ponA1_c.-241G>A
HIV_High_CD4,-0.034237489153813416,0.9663419816444596,0.19052995761126915,-0.09107608410596257,0.5068339668879213,1,0.8573911601440909,0.9129482474055715,0.3380868697764663,2.4652672935567557,ponA1_c.-241G>A
Lineage_2,0.5456771684391405,1.7257766282478322,0.3059994183348817,1.0899097904650341,0.6111887782913349,1,0.07454364616086888,2.974005776783719,0.8976292097011442,9.853411926387377,ponA1_c.-241G>A
HIV_Low_CD4,0.31545092925511814,1.3708773403006884,0.1413771489389787,1.058902779061031,0.4745735137338509,1,0.025663091284538496,2.883205739387676,1.137412316101734,7.308585653555119,ponA1_c.-241G>A
screen_years,0.013923496460659946,1.014020879784722,0.19015898576108944,0.0010910233982579759,0.014900560605631115,1,0.941630819060151,1.0010916187807914,0.9722779693203195,1.030759166428231,ponA1_c.-241G>A
TTP_baseline,-0.027031096325285418,0.9733309740371564,0.2243943351938473,-0.07564382487684908,0.6279451484504719,1,0.9041168061041545,0.9271463742311569,0.27079486509510264,3.1743600416798525,ponA1_c.-241G>A
smear_pos_no_contam_sputum_specimen_1,-0.10263538568479898,0.9024559618634689,0.22008512714664732,-0.23369346972320376,0.5011181733688364,1,0.6409692655030046,0.7916044294343542,0.2964528658861645,2.113784836678601,ponA1_c.-241G>A
diabetes,0.23705934853137475,1.2675163407763927,0.14621499575128347,1.1102945481040252,0.6848146408881965,1,0.10495188429187934,3.0352522905889354,0.79301155665141,11.61743027608247,ponA1_c.-241G>A
screen_sex,-0.02618594669201083,0.9741539320652716,0.18781214652515282,-0.053617960646039776,0.38456139851175314,1,0.8891133161486777,0.9477941320012782,0.4460409783057543,2.013971272478637,ponA1_c.-241G>A
RIF_pred_MIC_high,0.6235213872400788,1.8654855863837347,0.27984429815268463,1.2887769540448706,0.5784194248355033,1,0.025873774272176825,3.6283462067788776,1.1677697269776852,11.273537832085141,ponA1_c.-241G>A
underweight,0.29886926413313675,1.3483333364220838,0.1979715265751492,0.5995345096371298,0.39713271437130154,1,0.13113075824223047,1.8212708190278106,0.83624695599403,3.966564389223214,ponA1_c.-241G>A
bl_prevtb,0.23059271751413363,1.2593462253242724,0.17175289999357324,0.47732513754444683,0.35552717144271945,1,0.1794066725256701,1.6117574017143088,0.8029239201787353,3.2353774208178816,ponA1_c.-241G>A
Indel_Sample1,0.11600048448511331,1.122996416208169,0.19798854804316943,0.45763996118558126,0.7810956294177682,1,0.5579461314191647,1.5803399169109524,0.34188551789522614,7.30500159339153,ponA1_c.-241G>A
peth_value_baseline,-0.23730901517554873,0.788747515402895,0.28369835332812604,-0.0006757099731014783,0.0008077982480120858,1,0.4028829084825528,0.9993245182674715,0.9977435840963261,1.0009079574438038,ponA1_c.-241G>A
F2,0.052964358718062994,1.0543920645648048,0.1436841183598547,0.09634073327835357,0.2613575177399674,1,0.7124134815180403,1.1011341931443943,0.6597392560705637,1.8378419961447179,ponA1_c.-241G>A
fstrom1_baseline,0.045756873687513105,1.0468198705604896,0.17728702690703108,0.09809881397628183,0.38008818503933395,1,0.7963336840018588,1.1030717786319482,0.5236873989066537,2.3234611933657314,vapC2_p.Pro98Ser
high_lung_involvement,0.020875714625807243,1.0210951365597143,0.19858512690571756,0.04174907314262846,0.39714784077263,1,0.9162788070945456,1.0426328213464482,0.4787166548726317,2.2708280338357687,vapC2_p.Pro98Ser
smoked_substance_use,0.13175425953556033,1.1408279372308991,0.20338958496971482,0.2691340857121774,0.415463379986052,1,0.5171191293463376,1.3088306247677155,0.579749493815123,2.9547893057343844,vapC2_p.Pro98Ser
HIV_High_CD4,-0.011352739761191388,0.9887114594136757,0.19193267898866126,-0.030199734468793784,0.5105653845035838,1,0.9528329586065616,0.9702517214814911,0.3566895441236182,2.6392374504578653,vapC2_p.Pro98Ser
Lineage_2,0.24449556890946453,1.2769770038110824,0.2897871787983883,0.4883438957909491,0.5788072171446013,1,0.39883296661060397,1.6296151714192764,0.5240870912456318,5.0671837778107305,vapC2_p.Pro98Ser
HIV_Low_CD4,0.3221949269534025,1.3801537789097815,0.1397415968913242,1.0815409685301738,0.4690833076575846,1,0.021130311463410163,2.949220707576186,1.1760420195787196,7.3959115722003945,vapC2_p.Pro98Ser
screen_years,0.05576108558059741,1.0573450385815268,0.19075940713480422,0.004369351423515474,0.014947608685069199,1,0.7700487989558737,1.004378910957363,0.9753806994166044,1.0342392435889591,vapC2_p.Pro98Ser
TTP_baseline,0.009774130641525575,1.00982205346381,0.22496159927850604,0.02735192896632166,0.6295325803682337,1,0.9653444186092871,1.0277294268816168,0.2992400288251768,3.529700819189164,vapC2_p.Pro98Ser
smear_pos_no_contam_sputum_specimen_1,-0.12944195655545832,0.8785855830698455,0.2176566202718235,-0.2947301240539446,0.49558863602615855,1,0.5520392163337791,0.7447325457481284,0.28193858884500306,1.9671892626283818,vapC2_p.Pro98Ser
diabetes,0.24380373852253762,1.2760938578452716,0.14656507294774054,1.1418826693228954,0.6864542674418416,1,0.0962222988709657,3.1326605808735652,0.8158351455856122,12.028854564625133,vapC2_p.Pro98Ser
screen_sex,-0.004075097870952046,0.9959331940730586,0.18854273276623149,-0.008344110672925559,0.3860573361909757,1,0.9827561397255976,0.9916906047948646,0.46533272782022533,2.1134345315559795,vapC2_p.Pro98Ser
RIF_pred_MIC_high,0.35887527735227,1.431718222747934,0.2777966637452894,0.7417711666239656,0.5741871016328604,1,0.19640453587067652,2.09965105497295,0.6813937998274617,6.469877703268392,vapC2_p.Pro98Ser
underweight,0.28191860807320707,1.3256708166935594,0.19893686362831622,0.5655313367167103,0.39906918943334485,1,0.15644608295846674,1.7603828903364147,0.805227927480898,3.848535072900466,vapC2_p.Pro98Ser
bl_prevtb,0.20213862724171977,1.2240176785452073,0.17289722283041306,0.4184253912757921,0.35789591084341776,1,0.24235289628429812,1.5195669474554645,0.7534913775409605,3.064512450474053,vapC2_p.Pro98Ser
Indel_Sample1,0.20789939503737168,1.2310893096245237,0.1166848849093551,1.8149361500637369,1.0186446947089323,1,0.07479546039881392,6.1406840826401705,0.833959228416989,45.215640906531114,vapC2_p.Pro98Ser
peth_value_baseline,-0.3057592317528676,0.7365639393173179,0.30200481512930905,-0.0008706140477234869,0.0008599237806308531,1,0.31133171420725225,0.9991297648267276,0.9974472301854473,1.0008151376360164,vapC2_p.Pro98Ser
F2,0.0932124230957121,1.097694886249763,0.1390538078844073,0.16955087173802497,0.2529351084574227,1,0.5026452283356875,1.1847726169422788,0.721666014243779,1.9450634035013459,vapC2_p.Pro98Ser
fstrom1_baseline,0.00126720512041893,1.0012680083640833,0.17757823093182126,0.002716779127584771,0.3807125015005531,1,0.9943063132543258,1.0027204729163108,0.4754630953661044,2.114671688727637,espA_p.Ala128Val
high_lung_involvement,0.010853933579761822,1.0109130512095155,0.19613064443886255,0.02170664214515171,0.39223915286072736,1,0.9558673367731914,1.0219439452089456,0.47375357767739734,2.2044570771777643,espA_p.Ala128Val
smoked_substance_use,0.12371605570263228,1.131694487177786,0.202694112389179,0.25271446750044646,0.41404273994177415,1,0.5416244136913934,1.2875155967982606,0.5718981340163894,2.8985868520971163,espA_p.Ala128Val
HIV_High_CD4,-0.04843599773843715,0.9527183134812667,0.1902228874436969,-0.1288459262875231,0.5060171211115677,1,0.7990107381355259,0.8791094027610147,0.32607715324303005,2.3700935019106466,espA_p.Ala128Val
Lineage_2,0.5219865580707528,1.6853724164883692,0.3019261093330732,1.0425912848063574,0.6030529433738518,1,0.0838349937125324,2.836557828377014,0.8699054381893471,9.249350516159875,espA_p.Ala128Val
HIV_Low_CD4,0.3199946973723076,1.3771204619594988,0.14058235490610824,1.074155258101312,0.47190555643166454,1,0.022833556320022954,2.9275188578786286,1.1609485231850938,7.382210745849397,espA_p.Ala128Val
screen_years,0.02214651011035835,1.02239356449199,0.19026328145843163,0.0017353658823002665,0.014908733053296071,1,0.9073361012521178,1.0017368725010585,0.9728890676264185,1.0314400635381884,espA_p.Ala128Val
TTP_baseline,-0.04417643102751773,0.9567851359961538,0.22453362600346694,-0.12362333262835093,0.6283349398774651,1,0.8440251318496924,0.8837126439196717,0.25791191037516387,3.0279642219217937,espA_p.Ala128Val
smear_pos_no_contam_sputum_specimen_1,-0.11561985361582462,0.890813798583815,0.21908719427159928,-0.26325817923411143,0.4988459512247404,1,0.597683679124501,0.768543449735507,0.28910125830806266,2.043087040119192,espA_p.Ala128Val
diabetes,0.22306413981570797,1.2499007395681347,0.14674535508945463,1.044746388823033,0.6872986394537691,1,0.12849179448814751,2.8426774974396176,0.7390910259477813,10.933450780419156,espA_p.Ala128Val
screen_sex,-0.01985663211771661,0.980339212388919,0.18792246405353688,-0.0406581488908111,0.38478728306597737,1,0.9158489743186294,0.9601573046907574,0.45165920019387823,2.0411452913065564,espA_p.Ala128Val
RIF_pred_MIC_high,0.5700604341082903,1.7683739183053773,0.28637831374267136,1.1782767438716577,0.5919247975172947,1,0.04652650822813364,3.2487709119399892,1.0182907222968238,10.36493037514961,espA_p.Ala128Val
underweight,0.3017389663005543,1.3522082087255471,0.19687431040883996,0.6052911587416723,0.3949316885878637,1,0.12536267278269234,1.8317854716028807,0.8447109955353136,3.972291152489338,espA_p.Ala128Val
bl_prevtb,0.23807517552702942,1.2688045722921844,0.17042153956151335,0.49281376762209494,0.3527712656699568,1,0.16242012687288754,1.636915646308004,0.8198735090558853,3.2681783269390965,espA_p.Ala128Val
Indel_Sample1,0.1658285234805082,1.1803706785126966,0.15522762467494453,0.7222051601047919,0.676036843228795,1,0.28538854335234365,2.0589685635497537,0.5472756325498659,7.746282300080044,espA_p.Ala128Val
peth_value_baseline,-0.28162428732442824,0.7545571279605283,0.2928608114119728,-0.000801892584956965,0.0008338872876585552,1,0.3362345607075997,0.9991984288449789,0.9975666836895598,1.000832843087383,espA_p.Ala128Val
F2,0.06510798892259603,1.0672742719600932,0.14212574693010466,0.11842966755193864,0.2585228823380485,1,0.6468796675793975,1.1257276961329084,0.6782319970645962,1.8684798878930045,espA_p.Ala128Val
fstrom1_baseline,0.007393922515929872,1.0074213250568027,0.17757677922553633,0.01585193591674922,0.38070938916674796,1,0.9667873670480832,1.0159782443815564,0.48175251294045507,2.1426183887580703,ponA1_p.Ile41Met
high_lung_involvement,0.020889728611380626,1.021109446272495,0.19669854901436215,0.041777099532105906,0.39337489791595315,1,0.9154222886181943,1.042662042989468,0.4822833219212331,2.2541607525638723,ponA1_p.Ile41Met
smoked_substance_use,0.10468628330494359,1.1103622165451952,0.20175260047990184,0.21384240056601486,0.4121195159960463,1,0.6038413353790641,1.2384274639455233,0.5521712705399785,2.7775849003420694,ponA1_p.Ile41Met
HIV_High_CD4,-0.040908593126549306,0.9599168689375267,0.1901743718790703,-0.10882207078655541,0.5058880635272183,1,0.8296808032416708,0.8968899862316414,0.33275644416488415,2.417418690181698,ponA1_p.Ile41Met
Lineage_2,0.5012670637312516,1.6508116296545197,0.29660267873165885,1.0012071459047758,0.5924201746473557,1,0.09102244848179188,2.72156517257529,0.8522161730323696,8.69135933224472,ponA1_p.Ile41Met
HIV_Low_CD4,0.31039411965800406,1.3639625726764055,0.14038167644069838,1.0419281270978533,0.4712319208040188,1,0.02703078962348368,2.834677366777726,1.1256161042300763,7.138664544265851,ponA1_p.Ile41Met
screen_years,0.021904242288373187,1.0221459014315153,0.18830154301572755,0.0017163821548164674,0.014755014298219024,1,0.9073946981564311,1.0017178559817632,0.9731637524899581,1.0311097802659424,ponA1_p.Ile41Met
TTP_baseline,-0.02927655823359108,0.9711478483908165,0.22325977832713786,-0.08192752588976815,0.6247702043081614,1,0.8956706854861933,0.9213387294813841,0.27077836746354866,3.1349072024988938,ponA1_p.Ile41Met
smear_pos_no_contam_sputum_specimen_1,-0.11565083067261725,0.8907862042215828,0.21778649433889946,-0.26332871178811684,0.49588435003511894,1,0.5953990448037403,0.7684892443147789,0.2907637554838144,2.0311187604686674,ponA1_p.Ile41Met
diabetes,0.230832885112587,1.259648715805582,0.14559994053981162,1.0811321951714041,0.6819339595216494,1,0.11287744711777695,2.948015391089215,0.774580407961283,11.220003316341687,ponA1_p.Ile41Met
screen_sex,-0.021981538142051716,0.9782582953501817,0.18739065626807147,-0.0450090753220519,0.383698361239025,1,0.9066197279412457,0.9559888058874401,0.45065912562066357,2.027950939023853,ponA1_p.Ile41Met
RIF_pred_MIC_high,0.5947418511894074,1.8125629735838733,0.28480539972212987,1.2292915802161013,0.588673689565183,1,0.03677624670049403,3.4188067278849363,1.0784365463509142,10.838133668763895,ponA1_p.Ile41Met
underweight,0.3099390363696545,1.363341997321093,0.19691046110107638,0.6217405751851044,0.3950042072110345,1,0.11548513583740735,1.8621664634073845,0.8585988653620145,4.038747402696695,ponA1_p.Ile41Met
bl_prevtb,0.21959263922665356,1.245569231181453,0.17111498498489308,0.454555060769367,0.35420669232029767,1,0.19938539837596225,1.5754722376567094,0.7868817474207163,3.1543656715421884,ponA1_p.Ile41Met
Indel_Sample1,0.023276871255802935,1.0235498918632888,0.1541536789525493,0.11755634816638189,0.7785300418997154,1,0.8799774264147866,1.1247450054768744,0.24455024385492735,5.172971032061742,ponA1_p.Ile41Met
peth_value_baseline,-0.23782692349821133,0.7883391222644196,0.2862023116216528,-0.000677184657148001,0.0008149279796403367,1,0.40598783619051027,0.9993230445806337,0.9977281703728254,1.0009204682040185,ponA1_p.Ile41Met
F2,0.05171563797701204,1.0530762450411288,0.14573099466030875,0.0940693440882545,0.2650807302641771,1,0.7226865733968808,1.0986359271824773,0.653456482069252,1.8471021921367756,ponA1_p.Ile41Met
fstrom1_baseline,-0.0040008998376384886,0.9960070930989178,0.17866314239082584,-0.008577586213398615,0.3830384586479853,1,0.9821340351267477,0.9914590963217627,0.46798493682343795,2.1004760246162153,espK_p.Pro593Ser
high_lung_involvement,0.05869813748526754,1.060455080782999,0.20010051566182463,0.11738965008551097,0.4001784472525643,1,0.769259790942139,1.1245575282694718,0.5132738816492294,2.463849573494935,espK_p.Pro593Ser
smoked_substance_use,0.13397729608094405,1.1433668604413094,0.20319160648751636,0.27367507672268154,0.4150589698517232,1,0.5096618462858649,1.3147875277542753,0.5828499183831142,2.965885708509143,espK_p.Pro593Ser
HIV_High_CD4,-0.04100744707304979,0.9598219820567684,0.19123195858257117,-0.10908503488141755,0.508701378929077,1,0.8302053139804457,0.8966541673755261,0.33083966508758206,2.4301460215148643,espK_p.Pro593Ser
Lineage_2,0.45680837152593834,1.5790262688610992,0.30681573365773823,0.9124074549731461,0.6128192479425261,1,0.13652192227773452,2.4903106331708456,0.7492397898586778,8.277252668139177,espK_p.Pro593Ser
HIV_Low_CD4,0.2880946329623454,1.3338835275004752,0.1409581168715443,0.967073415179821,0.47316691074247685,1,0.040970200666272515,2.630235576994128,1.0404812135227108,6.6489803953914715,espK_p.Pro593Ser
screen_years,-0.014107787807660616,0.9859912606985655,0.1898514728867086,-0.0011054641798707203,0.014876464377922578,1,0.9407640351129458,0.9988951466205624,0.9701905353504195,1.0284490289134043,espK_p.Pro593Ser
TTP_baseline,-0.03046564596446509,0.9699937546947414,0.22792964298226331,-0.08525506921228242,0.6378383544090681,1,0.8936694594686533,0.9182780300734068,0.2630541770022639,3.2055546508514077,espK_p.Pro593Ser
smear_pos_no_contam_sputum_specimen_1,-0.17180787701044173,0.8421409522646389,0.21847426997781294,-0.3911943101929039,0.49745036622316535,1,0.4316339579356431,0.6762487412487229,0.25507973100514464,1.7928212415719487,espK_p.Pro593Ser
diabetes,0.1850437195529859,1.2032710454499744,0.15167560831341406,0.8666734058512726,0.7103900438183178,1,0.22246618101799986,2.3789837622633603,0.5911618181906327,9.573628686701957,espK_p.Pro593Ser
screen_sex,-0.037402473596708286,0.9632883591888651,0.19029472103248954,-0.0765847567384186,0.3896446816865353,1,0.8441795115319739,0.9262744029644113,0.4315921216397036,1.9879516482539699,espK_p.Pro593Ser
RIF_pred_MIC_high,0.6366579528512635,1.8901533301629336,0.28880070589420614,1.3159293554884388,0.5969317198818601,1,0.027489979148446517,3.728214212057581,1.1571553204107792,12.011854386197617,espK_p.Pro593Ser
underweight,0.3044121648693362,1.3558277655153794,0.19541671428401242,0.6106536198088746,0.39200773727262184,1,0.11929036492387807,1.8416347344199202,0.8541337966570557,3.970828116503745,espK_p.Pro593Ser
bl_prevtb,0.2414986943818986,1.273155792661193,0.17190890582524604,0.49990042511025384,0.35585010230482006,1,0.1600789190190709,1.6485571076347714,0.8207366738353056,3.3113428749724445,espK_p.Pro593Ser
Indel_Sample1,0.2490030302425398,1.2827459200951767,0.13711512712717236,1.1583870418664086,0.6378733076190762,1,0.06936818009653814,3.184792194582098,0.9122678217980907,11.118337269289272,espK_p.Pro593Ser
peth_value_baseline,-0.23373887520983158,0.7915684870660156,0.28651068677677505,-0.0006655444124782601,0.0008158060422272918,1,0.4146076313246079,0.9993346770130788,0.9977380671606332,1.0009338418076528,espK_p.Pro593Ser
F2,0.06449201237492243,1.066617058473458,0.14512704720677175,0.11730922290347157,0.2639821662119798,1,0.6567656037396854,1.1244670869134523,0.6702621895676897,1.8864651016151808,espK_p.Pro593Ser
fstrom1_baseline,0.025012032456044636,1.0253274576577713,0.17749072126235385,0.053623653045680855,0.38052488827232345,1,0.8879329639897187,1.055087448478204,0.5004781071261821,2.224292148019136,wag22_p.Phe553Leu
high_lung_involvement,0.007910607805812769,1.0079419793317934,0.1952189145762756,0.01582032279169241,0.3904157960366977,1,0.9676771846273633,1.0159461266419354,0.4726592383535606,2.1837011709198433,wag22_p.Phe553Leu
smoked_substance_use,0.08396649658651642,1.0875924551386935,0.20170810541997874,0.1715181457428898,0.41202862605204504,1,0.6772071336321559,1.187105683451366,0.5293829892063034,2.66200450791847,wag22_p.Phe553Leu
HIV_High_CD4,-0.019683384361834148,0.9805090686706539,0.19050401666912864,-0.05236031069844745,0.5067649606761175,1,0.917706880875205,0.9489868751111609,0.35148038174404117,2.562237142979641,wag22_p.Phe553Leu
Lineage_2,0.33591835170697626,1.3992247758323735,0.30839680935914543,0.670947442000487,0.615977213835362,1,0.2760477621531482,1.956089724536491,0.5848816777791883,6.54198473948741,wag22_p.Phe553Leu
HIV_Low_CD4,0.2850354296352988,1.3298091419397722,0.1419147377876657,0.9568043095779716,0.4763780870385201,1,0.04459042632970265,2.6033636217165066,1.023389764587242,6.622601066965348,wag22_p.Phe553Leu
screen_years,0.0117814786570588,1.0118511536326251,0.19007488894732005,0.0009231782345221968,0.014893970910880188,1,0.9505760900671715,1.0009236044947099,0.9721273463523505,1.0305728624895194,wag22_p.Phe553Leu
TTP_baseline,-0.019910541953796993,0.9802863638872157,0.22292626264552226,-0.05571766422760041,0.6238368939640222,1,0.9288319912215953,0.9458061331023203,0.27847819736428575,3.2122774776647125,wag22_p.Phe553Leu
smear_pos_no_contam_sputum_specimen_1,-0.11175459862908377,0.8942636841095017,0.2175775984917183,-0.2544572686788528,0.4954087090560081,1,0.6075100044065734,0.7753371835650985,0.29362832971080227,2.0473084079139645,wag22_p.Phe553Leu
diabetes,0.22278298684381728,1.2495493756564553,0.1453740739882172,1.0434295767512571,0.6808760877170233,1,0.12540381564962574,2.8389366889062857,0.7474685612661189,10.782475599998861,wag22_p.Phe553Leu
screen_sex,-0.03289440139006241,0.967640735710719,0.18780884154193891,-0.06735409416171712,0.3845546312765646,1,0.8609630982301532,0.9348641127976361,0.4399618230842246,1.9864698788412862,wag22_p.Phe553Leu
RIF_pred_MIC_high,0.5039390966180822,1.6552285510705804,0.2897078281049749,1.0416083670174214,0.5988066807471413,1,0.08195150539748057,2.8337710950174144,0.876313687887824,9.16368046048841,wag22_p.Phe553Leu
underweight,0.34298335528171,1.4091453069045872,0.1973950929351836,0.6880277847203307,0.39597638315511746,1,0.08229057290210642,1.9897873718683075,0.9156952510788586,4.323767957278199,wag22_p.Phe553Leu
bl_prevtb,0.24255755864998949,1.2745046058167586,0.16945401021770512,0.5020922659361741,0.3507684874292119,1,0.15231376861108914,1.6521744452731137,0.8307707984278374,3.285720204392363,wag22_p.Phe553Leu
Indel_Sample1,-0.4583805223413064,0.6323068235504895,0.3299275084831637,-1.4569298217317401,1.0486510719599502,1,0.16473027245639849,0.23295037714346464,0.0298297770315142,1.819184841842842,wag22_p.Phe553Leu
peth_value_baseline,-0.24567704289398878,0.7821747930465045,0.28500632071683313,-0.0006995369641677754,0.0008115225338694397,1,0.38868443931456265,0.9993007076547711,0.9977125283566745,1.0008914150492996,wag22_p.Phe553Leu
F2,0.0906392855840245,1.0948739971857337,0.14135299295891646,0.16487040433122377,0.25711726380456773,1,0.5213755317629594,1.179240284374969,0.7124324541478755,1.95191507657527,wag22_p.Phe553Leu
fstrom1_baseline,0.014608752182069962,1.014715981528247,0.17638426282698486,0.031319912119030346,0.37815273625501084,1,0.9339919272495292,1.0318155413885037,0.49171999930516613,2.1651413669471737,"espA_c.-771G>A,ephA_c.-587C>T"
high_lung_involvement,0.019417949282706636,1.0196077038849403,0.19461515014184277,0.038833706985119364,0.38920833531087934,1,0.9205220476993224,1.0395975914574282,0.48480883872148633,2.2292562879303524,"espA_c.-771G>A,ephA_c.-587C>T"
smoked_substance_use,0.08933022219420356,1.0934416754240823,0.20132692291284515,0.1824746141904716,0.4112499855290858,1,0.657254228399318,1.2001836829324775,0.5360324674799857,2.687226912857006,"espA_c.-771G>A,ephA_c.-587C>T"
HIV_High_CD4,-0.05323337185513146,0.9481587131029433,0.19020670367059392,-0.14160755277762316,0.5059740702127808,1,0.7795763500685162,0.8679618188601049,0.3219694841961527,2.3398419911744655,"espA_c.-771G>A,ephA_c.-587C>T"
Lineage_2,0.35852371987043397,1.4312149799594127,0.3143966315471107,0.7160983361617606,0.6279609751541976,1,0.25413849993934423,2.0464331198590657,0.5976902960097376,7.00678686271975,"espA_c.-771G>A,ephA_c.-587C>T"
HIV_Low_CD4,0.31096760579148175,1.3647450106356336,0.14110363658439484,1.0438532000780676,0.4736553899766622,1,0.027536711576666636,2.8401395834801564,1.122440906427564,7.186474412558656,"espA_c.-771G>A,ephA_c.-587C>T"
screen_years,0.01994034155018788,1.0201404782117924,0.19129703013550547,0.0015624939656485922,0.014989735982250911,1,0.9169808032920604,1.001563715295369,0.9725664773074181,1.0314255109568042,"espA_c.-771G>A,ephA_c.-587C>T"
TTP_baseline,-0.030537059883713812,0.9699244861124717,0.22342448819413,-0.08545491393690673,0.6252311284299326,1,0.8912858586524932,0.9180945353891913,0.26958126136752875,3.126692009806815,"espA_c.-771G>A,ephA_c.-587C>T"
smear_pos_no_contam_sputum_specimen_1,-0.12723028046050983,0.8805308801919052,0.21802081011129396,-0.28969429496747656,0.49641787037507173,1,0.5595100306436118,0.7484923504850891,0.28290179882251876,1.9803366435508813,"espA_c.-771G>A,ephA_c.-587C>T"
diabetes,0.2322729487504873,1.2614639968641557,0.1461322466160514,1.0878768977785316,0.684427075857424,1,0.11195412621134149,2.9679660832948365,0.77602113686166,11.351266419382112,"espA_c.-771G>A,ephA_c.-587C>T"
screen_sex,-0.01898511766496693,0.9811939645914608,0.18840738443225405,-0.038873648670918574,0.3857801989260884,1,0.9197359682039484,0.9618722353040465,0.4515862273998713,2.048774167396289,"espA_c.-771G>A,ephA_c.-587C>T"
RIF_pred_MIC_high,0.4624377554717435,1.587940280646068,0.29987195545806933,0.9558278739567057,0.6198152513570881,1,0.12304507129193741,2.600822845395278,0.7718325197887121,8.763921316740708,"espA_c.-771G>A,ephA_c.-587C>T"
underweight,0.31859776372816867,1.375198059101389,0.1962550654167891,0.6391100623955922,0.3936894774032132,1,0.10450687411819733,1.8947938804276276,0.8758966850803817,4.098935308764763,"espA_c.-771G>A,ephA_c.-587C>T"
bl_prevtb,0.2261388088270618,1.2537496847233556,0.16967804626971894,0.46810558109190337,0.3512322403200024,1,0.18261309928087033,1.5969660032007331,0.8022805172458656,3.1788138444814846,"espA_c.-771G>A,ephA_c.-587C>T"
Indel_Sample1,-50.35762377457533,1.348844461265249e-22,11177.641903804184,-242.61956521519627,53853.10933200401,1,0.9964053746797025,4.282147526027008e-106,0.0,inf,"espA_c.-771G>A,ephA_c.-587C>T"
peth_value_baseline,-0.2454980199895967,0.7823148327844842,0.28404347103507943,-0.0006990272171536477,0.0008087809307656668,1,0.38742456422135674,0.9993012170454528,0.9977183981066672,1.0008865470292365,"espA_c.-771G>A,ephA_c.-587C>T"
F2,0.07054635092379202,1.0730943071904626,0.13923285101399924,0.12832190066321528,0.25326078305843425,1,0.6123801220189611,1.1369189187535589,0.6920755778182958,1.8676928781311926,"espA_c.-771G>A,ephA_c.-587C>T"
fstrom1_baseline,0.016131675101461813,1.016262493063219,0.1768107868562152,0.034584928282282934,0.379067167203367,1,0.9273043236935715,1.0351899415464763,0.492444720574519,2.1761188013728225,bioF2_p.Ile268Thr
high_lung_involvement,0.01106955422942462,1.0111310484398774,0.19592257033667515,0.02213785910874752,0.3918230281403516,1,0.9549437841874455,1.0223847198018745,0.4743446250678986,2.2036099073215705,bioF2_p.Ile268Thr
smoked_substance_use,0.10481653415314209,1.1105068515849215,0.20147411831269693,0.2141084636372712,0.41155066119224687,1,0.6028906403917556,1.238757007597863,0.5529343447404714,2.775228087148507,bioF2_p.Ile268Thr
HIV_High_CD4,-0.044622819789700695,0.9563581331753422,0.19002475772907904,-0.11870238702242364,0.5054900708225889,1,0.8143435171260923,0.8880720632070663,0.3297420092675147,2.391784993367399,bioF2_p.Ile268Thr
Lineage_2,0.4722302643867414,1.6035665854943413,0.3029905378858851,0.9432104150173993,0.6051789826660559,1,0.11909951563887837,2.5682132278110537,0.7843353598291412,8.409309998392109,bioF2_p.Ile268Thr
HIV_Low_CD4,0.33164699440443607,1.3932609327877683,0.14452749034878215,1.1132695816472942,0.48514855081397323,1,0.021750417127260044,3.0442957135388875,1.176325850553855,7.878545206761946,bioF2_p.Ile268Thr
screen_years,0.031292262881717464,1.0317870128701343,0.18918719050108387,0.002452012760218356,0.014824412249506778,1,0.8686262350358157,1.00245502140208,0.9737474492227505,1.0320089369542105,bioF2_p.Ile268Thr
TTP_baseline,-0.038687428390632904,0.9620513721002384,0.2253464728626567,-0.10826290665019021,0.6306096106761752,1,0.8636892986803688,0.8973916351851885,0.26073908868066253,3.0885731440391875,bioF2_p.Ile268Thr
smear_pos_no_contam_sputum_specimen_1,-0.1051810193071319,0.9001615612150154,0.21926879538679125,-0.2394896963352809,0.4992594440413909,1,0.6314479341481284,0.7870293825870641,0.2958152350115321,2.0939261259861337,bioF2_p.Ile268Thr
diabetes,0.22631778841561573,1.2539741004083913,0.14557614920775203,1.059985223841791,0.681822530099264,1,0.1200330040174434,2.8863283401086677,0.7585380027067262,10.982826512563573,bioF2_p.Ile268Thr
screen_sex,-0.04238235945277222,0.9585032177317546,0.1895546607838103,-0.08678149802842014,0.3881293451682078,1,0.8230770317515717,0.9168774132699525,0.42848436219631186,1.9619483582914177,bioF2_p.Ile268Thr
RIF_pred_MIC_high,0.5967961488122073,1.8162903446456025,0.28405168212233234,1.2335376758387915,0.587115805758219,1,0.03563986464620961,3.43335417122807,1.0863373860281422,10.851068016896741,bioF2_p.Ile268Thr
underweight,0.31714849009587875,1.3732064643466337,0.19629727687716864,0.6362028060773985,0.3937741539833664,1,0.1061691312154799,1.8892932287236457,0.87320899447228,4.08771431203384,bioF2_p.Ile268Thr
bl_prevtb,0.22187919816066698,1.2484205572551856,0.1706573425072608,0.45928822003583236,0.3532593759395511,1,0.1935514625255954,1.5829468740452848,0.7920843153911953,3.1634521191247313,bioF2_p.Ile268Thr
Indel_Sample1,-0.12497510180088621,0.8825188754417344,0.19806402326955735,-0.6728965047258177,1.0664251282816166,1,0.52805140823834,0.5102285559526101,0.06309893747237937,4.1257933926929065,bioF2_p.Ile268Thr
peth_value_baseline,-0.2542661259672438,0.7754853977813588,0.2880265253424274,-0.0007239933847892263,0.0008201222172182227,1,0.3773512648180479,0.999276268635184,0.9976713122166294,1.0008838069512773,bioF2_p.Ile268Thr
F2,0.05004430510752808,1.0513176740867978,0.14849954922373634,0.0910292348884921,0.27011665599267615,1,0.7361171182901317,1.0953010257937592,0.6450743596956058,1.8597613113486038,bioF2_p.Ile268Thr
fstrom1_baseline,0.0074376347383525495,1.0074653626443202,0.17757343679662577,0.01594565117372278,0.38070222328574466,1,0.9665905028428937,1.016073461505387,0.4818044294489999,2.1427890987972367,aroG_p.Gln44Arg
high_lung_involvement,0.020881058765583636,1.0211005934494304,0.19670495563894225,0.04175976081902222,0.39338771044203846,1,0.9154600023470901,1.0426439647281887,0.482262849041607,2.2541782750724106,aroG_p.Gln44Arg
smoked_substance_use,0.10465838560326296,1.1103312404234038,0.20174939724951302,0.21378541400283463,0.412112972765603,1,0.6039320272660156,1.2383568922314439,0.5521468860536788,2.777391000966421,aroG_p.Gln44Arg
HIV_High_CD4,-0.04090553978722821,0.9599197998939222,0.1901783558283837,-0.10881394851486771,0.5058986613400751,1,0.8296968336802684,0.8968972710453681,0.3327522351353344,2.4174885391271945,aroG_p.Gln44Arg
Lineage_2,0.5012591361781918,1.6507985428096072,0.29659257887830004,1.0011913117849076,0.5924000016775217,1,0.09101655231052645,2.721522079327291,0.8522363743526462,8.690878084019838,aroG_p.Gln44Arg
HIV_Low_CD4,0.31043887606283305,1.3640236201036013,0.14037482761465436,1.042078364986092,0.4712089307277225,1,0.02700125907902798,2.835103274712102,1.1258359558323112,7.13941541540221,aroG_p.Gln44Arg
screen_years,0.021857276665986487,1.0220978968403762,0.18831254341420783,0.0017127020021276355,0.014755876272232956,1,0.9075977390292379,1.0017141695138856,0.9731585270129411,1.0311077276226237,aroG_p.Gln44Arg
TTP_baseline,-0.02924746209684511,0.9711761054524976,0.22325701811142035,-0.08184610325540218,0.6247624801199951,1,0.8957724985421689,0.9214137503620393,0.27080451556306284,3.1351150020189715,aroG_p.Gln44Arg
smear_pos_no_contam_sputum_specimen_1,-0.11566653940654735,0.8907722112080187,0.21779033917455526,-0.2633644794574503,0.49589310445231066,1,0.5953555603200138,0.7684617577371703,0.2907483669251107,2.0310809630673092,aroG_p.Gln44Arg
diabetes,0.23084031136871763,1.2596580703143148,0.14560528645567944,1.0811669768906054,0.6819589977295051,1,0.11287908316320559,2.948117929915977,0.7745693375308295,11.220944217077436,aroG_p.Gln44Arg
screen_sex,-0.02197138715006204,0.978268225692703,0.18738878837901318,-0.044988290299634255,0.3836945365767664,1,0.9066617271802633,0.9560086763427047,0.45067187099198247,2.0279778882822472,aroG_p.Gln44Arg
RIF_pred_MIC_high,0.5948450606560532,1.8127500568958574,0.28480951881179645,1.2295049072723572,0.5886822034476937,1,0.036746307616328404,3.419536129657904,1.078648631130077,10.840626877526384,aroG_p.Gln44Arg
underweight,0.30998823286186844,1.3634090706149211,0.1969022505782339,0.6218392638037582,0.39498773682623095,1,0.11541221886331156,1.8623502471118925,0.8587113234021174,4.039015613741438,aroG_p.Gln44Arg
bl_prevtb,0.21963693869352888,1.2456244104565477,0.17110532365663988,0.4546467603223597,0.35418669344571463,1,0.1992693770787577,1.575616714380779,0.7869847543287095,3.1545312879074614,aroG_p.Gln44Arg
Indel_Sample1,0.022963347723552786,1.023229035186445,0.15442296015328286,0.11591423722379715,0.7794952134809735,1,0.8817870215602754,1.122899565019438,0.2436875743049721,5.174262318122291,aroG_p.Gln44Arg
peth_value_baseline,-0.2378494727579099,0.7883213460012427,0.28621854016145504,-0.0006772488635569025,0.0008149741885303999,1,0.4059699466073019,0.9993229804176917,0.9977280159502886,1.000920494589635,aroG_p.Gln44Arg
F2,0.05175041866060873,1.0531128723897691,0.14575895087618224,0.09413260920922885,0.2651315818632926,1,0.7225587989265405,1.0987054347159952,0.6534326952605103,1.8474031694927604,aroG_p.Gln44Arg
fstrom1_baseline,0.026226796410019914,1.0265737453137582,0.1792462256747931,0.05622800280873369,0.3842885392150541,1,0.8836710299245204,1.057838846470859,0.4980953802328938,2.24660390260913,glpK_c.1134C>T
high_lung_involvement,0.01879738410075354,1.0189751671301004,0.19688686840609987,0.03759264666045388,0.39375151544501796,1,0.9239391185636232,1.0383081884120318,0.47991506316871535,2.2464056181217886,glpK_c.1134C>T
smoked_substance_use,0.10002319712213728,1.105196555157769,0.2021773989625947,0.20431712646231165,0.4129872507596469,1,0.6207908179302938,1.2266871067217824,0.5460072575547213,2.755936367103414,glpK_c.1134C>T
HIV_High_CD4,-0.034526330176769836,0.9660629027446135,0.19052665499457586,-0.09184443803465892,0.5068251815066576,1,0.8561986465877813,0.9122470494515794,0.3378330162811245,2.4633314067225727,glpK_c.1134C>T
Lineage_2,0.5441080827103528,1.7230708601155942,0.3059559057351464,1.0867757727769267,0.6111018682807956,1,0.0753402747989874,2.964699780270593,0.8949728646993571,9.820906458531661,glpK_c.1134C>T
HIV_Low_CD4,0.31526089817279673,1.370616855746846,0.14134083898497807,1.0582648844710443,0.4744516288140961,1,0.025714193881959738,2.881367144521906,1.136958573955767,7.302180406313833,glpK_c.1134C>T
screen_years,0.014222162180069496,1.0143237782907277,0.19011334486614404,0.001114426376745028,0.014896984256511942,1,0.9403667940715538,1.0011150475805601,0.97230753916783,1.0307760642790122,glpK_c.1134C>T
TTP_baseline,-0.02719669740265234,0.9731698027246611,0.22434981516835747,-0.07610724296189521,0.6278205636030377,1,0.9035132076084623,0.9267168173737489,0.2707355035459983,3.1721146593447,glpK_c.1134C>T
smear_pos_no_contam_sputum_specimen_1,-0.10324800996783011,0.90190326474199,0.22002388540829174,-0.23508837162163781,0.5009787302885311,1,0.6388850973847133,0.7905009886876421,0.2961205511981255,2.1102615491825247,glpK_c.1134C>T
diabetes,0.2369109079974679,1.267328203937944,0.14623338747301487,1.1095993099008685,0.6849007806185853,1,0.10521344564976655,3.033142800624275,0.7923266359225769,11.611316383762029,glpK_c.1134C>T
screen_sex,-0.026069688810368606,0.9742671917213431,0.18779750971905654,-0.0533799127115503,0.3845314284021182,1,0.8895939104038986,0.9480197792930926,0.4461733776823679,2.0143324252096915,glpK_c.1134C>T
RIF_pred_MIC_high,0.6228225612510113,1.8641823919798335,0.27989137048131435,1.287332527521533,0.5785167201866376,1,0.026065828991877326,3.623109110492888,1.16586184135215,11.259412703062782,glpK_c.1134C>T
underweight,0.2993760938822373,1.3490168850754505,0.19795014796783914,0.6005512148041126,0.3970898286871964,1,0.13043689990162174,1.823123456113252,0.8371679696423987,3.97026553422738,glpK_c.1134C>T
bl_prevtb,0.23034286880869997,1.25903161860386,0.17175240792475677,0.47680795266119436,0.35552615286408423,1,0.17987718644331985,1.6109240406701146,0.8025103695414321,3.2336981094609394,glpK_c.1134C>T
Indel_Sample1,0.1125839231640654,1.1191661769383763,0.19932599610918636,0.44437934008785823,0.7867584653652138,1,0.572194106511029,1.5595219626276728,0.333657948662839,7.289227670627775,glpK_c.1134C>T
peth_value_baseline,-0.2373969161828001,0.788678186748898,0.2837658076304689,-0.0006759602610528293,0.0008079903163361145,1,0.4028205337678886,0.9993242681486163,0.9977429587757478,1.0009080837174051,glpK_c.1134C>T
F2,0.053155690262557176,1.0545938223277171,0.14362661280714226,0.09668876017308048,0.2612529166978707,1,0.711310675162195,1.1015174841522328,0.6601042199513475,1.8381048495379904,glpK_c.1134C>T
fstrom1_baseline,0.02227769396787737,1.0225276948213573,0.1760827201083589,0.047761465770152264,0.37750625452065095,1,0.8993216301511349,1.0489204220560102,0.5005052468680644,2.198246789001566,PE_PGRS25_p.Ala393fs
high_lung_involvement,0.0034834784824599994,1.0034895528448846,0.19542669173747987,0.006966563806884345,0.39083132690862105,1,0.9857784701905309,1.0069908867621895,0.46811150122352385,2.166216047611912,PE_PGRS25_p.Ala393fs
smoked_substance_use,0.10572113084658366,1.1115118669091457,0.2002554604294662,0.21595628096694128,0.4090613118812235,1,0.5975470010411685,1.2410481203908106,0.556666390810837,2.7668285036610833,PE_PGRS25_p.Ala393fs
HIV_High_CD4,-0.03983061068853799,0.9609522003984998,0.1899580035096683,-0.10595450013182668,0.5053124960923226,1,0.833916546575602,0.899465572709869,0.3340886862988601,2.421627399158811,PE_PGRS25_p.Ala393fs
Lineage_2,0.4256528854676188,1.5305893930919179,0.3112732781137012,0.8501789593613739,0.6217225365992313,1,0.17148204373211917,2.340065591099982,0.6918578104195017,7.914786663071476,PE_PGRS25_p.Ala393fs
HIV_Low_CD4,0.3126947315951764,1.3671041336236278,0.1419126685583974,1.0496508000966784,0.47637114106873685,1,0.027564405896087673,2.8566534007805373,1.1229739967547399,7.266836699490622,PE_PGRS25_p.Ala393fs
screen_years,0.0007146341364756302,1.0007148895482885,0.1908106809910254,5.5997612833223695e-05,0.014951626424220732,1,0.9970117280220169,1.0000559991807287,0.97117495014977,1.0297959202336648,PE_PGRS25_p.Ala393fs
TTP_baseline,-0.021543144809547738,0.9786872512831705,0.22665284736266386,-0.060286340356297874,0.6342653693147801,1,0.9242758424904591,0.9414949069964823,0.2716003428798256,3.2636654670665264,PE_PGRS25_p.Ala393fs
smear_pos_no_contam_sputum_specimen_1,-0.09414802276353469,0.9101480296426938,0.22070747786754372,-0.21436834830785081,0.5025352216741613,1,0.6696897999127416,0.8070510543751945,0.3013993095047484,2.161024872413822,PE_PGRS25_p.Ala393fs
diabetes,0.22757297942623292,1.255549065661104,0.1458513521764748,1.0658640543732645,0.683111474651284,1,0.11868719829266325,2.903346549850531,0.76108530355928,11.075527472555404,PE_PGRS25_p.Ala393fs
screen_sex,-0.02615779717052796,0.974181354418271,0.1876018157913562,-0.05356032209843157,0.3841307283839933,1,0.8891083624602336,0.9478487630528903,0.4464433711295738,2.012387988532014,PE_PGRS25_p.Ala393fs
RIF_pred_MIC_high,0.5002487789623298,1.6491314888917363,0.29980806696640083,1.0339807275407864,0.6196831981230274,1,0.09520392985819406,2.812238337201563,0.8347892154338383,9.473869953046869,PE_PGRS25_p.Ala393fs
underweight,0.31758856171763494,1.3738109065315762,0.19566683748069352,0.6370855938231377,0.3925094867198459,1,0.1045661532148775,1.8909618100272723,0.8761492168007933,4.081195872134893,PE_PGRS25_p.Ala393fs
bl_prevtb,0.21913335539281537,1.2449972927207433,0.1700105809901444,0.4536043467939991,0.3519205846132503,1,0.19741911600580475,1.573975125957837,0.7896643284870349,3.1372794841582654,PE_PGRS25_p.Ala393fs
Indel_Sample1,-0.23976570660208396,0.7868121843730418,0.22877064759779184,-0.681809067471042,0.6505429993049769,1,0.2946102758781075,0.505701316553816,0.1413028363134379,1.809827942851721,PE_PGRS25_p.Ala393fs
peth_value_baseline,-0.2291421735072712,0.7952154668957813,0.2847757180279905,-0.0006524558360434588,0.0008108659193849048,1,0.42102696659231187,0.9993477569669815,0.9977607869520323,1.0009372511078147,PE_PGRS25_p.Ala393fs
F2,0.06630021698292528,1.0685474651126823,0.14540629948536554,0.12059829808664531,0.2644901185395551,1,0.6484149804454965,1.1281716326283509,0.6718012047308382,1.894565272739073,PE_PGRS25_p.Ala393fs
fstrom1_baseline,0.013264281244364982,1.0133526420715608,0.1756361468350731,0.028437481703981457,0.3765488397120689,1,0.9397999006596891,1.0288456871446148,0.4918484282817451,2.1521334360139934,espR_c.-145_-144insG
high_lung_involvement,0.024868296542066355,1.0251800918696496,0.19452737175556414,0.04973378635784812,0.38903278844530964,1,0.8982759306324907,1.0509912709168987,0.4902908621310633,2.2529129887153463,espR_c.-145_-144insG
smoked_substance_use,0.09803222861182236,1.1029983326407842,0.20055530973583738,0.20025018022775198,0.4096738132850195,1,0.624980497662876,1.2217083672074598,0.5473341753613237,2.726983626628821,espR_c.-145_-144insG
HIV_High_CD4,-0.0391250839365295,0.9616304171051646,0.19069877016201978,-0.1040777090646939,0.507283029785064,1,0.8374416947692392,0.9011552667673073,0.3334260499776171,2.4355649922283256,espR_c.-145_-144insG
Lineage_2,0.5213551186647254,1.6843085418522996,0.2951785977809857,1.0413300775751968,0.5895757826509064,1,0.0773562337004279,2.832982596160532,0.8920641583587129,8.9968757459272,espR_c.-145_-144insG
HIV_Low_CD4,0.3105664391698268,1.3641976302929988,0.13983351457202128,1.0425065676508307,0.46939185608305545,1,0.02635280044729565,2.836317533445002,1.13033656678785,7.117081218905153,espR_c.-145_-144insG
screen_years,0.025529746502587953,1.0258584215167719,0.18684462848086075,0.002000470992657399,0.014640852754723615,1,0.8913183339740398,1.0020024732696968,0.9736580907973574,1.0311719955168006,espR_c.-145_-144insG
TTP_baseline,-0.03661344844347601,0.9640487178656942,0.22144336299587136,-0.10245908078856282,0.6196871473145233,1,0.8686763666335704,0.9026150832947144,0.26793159563797686,3.0407536918189644,espR_c.-145_-144insG
smear_pos_no_contam_sputum_specimen_1,-0.11463465719317778,0.8916918576107091,0.21747520817306104,-0.2610149570858136,0.4951755735864678,1,0.5981130512184063,0.7702693985434249,0.29184242950717104,2.0329975573955084,espR_c.-145_-144insG
diabetes,0.22509502863430483,1.2524417283639855,0.14485854560889283,1.0542582886787568,0.6784615516419739,1,0.12020936758076284,2.8698457672080986,0.7591909763935509,10.848409667204523,espR_c.-145_-144insG
screen_sex,-0.018958699755620517,0.9812198860270621,0.18855666488163547,-0.038819555746941195,0.3860858633862776,1,0.9199105227100983,0.9619242671930126,0.45134018067788145,2.0501128315787898,espR_c.-145_-144insG
RIF_pred_MIC_high,0.5732844083576688,1.7740843104136665,0.278228583095987,1.1849404827554586,0.5750798500077783,1,0.03935268364503454,3.2704921649913463,1.0595080414016844,10.095363681354666,espR_c.-145_-144insG
underweight,0.28314720632644086,1.3273005344725217,0.19718351196676878,0.5679959161823506,0.3955519497744717,1,0.15101434353518037,1.764726844671109,0.8127988155624569,3.831527281628455,espR_c.-145_-144insG
bl_prevtb,0.23006137508666222,1.2586772589847197,0.17030426338892674,0.4762252628389048,0.3525285049019063,1,0.1767324616123983,1.609985645050474,0.8067689893093308,3.2128822644603994,espR_c.-145_-144insG
Indel_Sample1,-8.991855763487697,0.00012441898665171354,1571.4325486525292,-44.0253102478115,7693.940751236272,1,0.995434469177964,7.586661291358924e-20,0.0,inf,espR_c.-145_-144insG
peth_value_baseline,-0.25429145269572173,0.7754657575219635,0.288758828317946,-0.0007240654997192298,0.0008222073652414606,1,0.3785148048249999,0.9992761965724485,0.997667162980149,1.0008878252076612,espR_c.-145_-144insG
F2,0.050140080366133606,1.0514183691308798,0.14256753611730444,0.09120344748857467,0.2593264848979481,1,0.7250681115710582,1.0954918576555106,0.6589766858694479,1.8211606509358018,espR_c.-145_-144insG
fstrom1_baseline,-0.016617535395431312,0.9835197742113788,0.17593024013059066,-0.03562657109472845,0.37717935052200047,1,0.9247475261576188,0.9650005853194055,0.4607569889864452,2.0210786855675673,aroG_c.930C>T
high_lung_involvement,0.020226646749889873,1.0204325915499193,0.1963673953354574,0.04045101064695201,0.3927126279333509,1,0.9179597172423146,1.0412802968049013,0.48226978751879696,2.2482533315895155,aroG_c.930C>T
smoked_substance_use,0.0896937691363617,1.0938392650684818,0.20340965150516022,0.1832172305903974,0.41550436984618666,1,0.6592481866047328,1.2010752900384007,0.5319762839225404,2.711740910147187,aroG_c.930C>T
HIV_High_CD4,-0.044377311762870554,0.9565929555977764,0.18999142112849332,-0.11804930438544001,0.5054013912168762,1,0.8153146700606578,0.8886522370820581,0.3300147828839381,2.3929315880030577,aroG_c.930C>T
Lineage_2,0.4796021790782009,1.6154316218487288,0.2957069709202435,0.9579347290649841,0.5906311301911802,1,0.10482835151610205,2.606308178664994,0.8189919581729541,8.294150210375484,aroG_c.930C>T
HIV_Low_CD4,0.3186627573096753,1.3752874410531262,0.14052759086568242,1.0696842139449532,0.47172172500426496,1,0.02335255919277809,2.9144590091324702,1.1561859598228634,7.346630742008641,aroG_c.930C>T
screen_years,-0.02341554379268994,0.9768564727778333,0.19589022110489485,-0.0018348053761453073,0.015349651240205701,1,0.9048522965190471,0.998166876850229,0.9685844831821316,1.0286527725156525,aroG_c.930C>T
TTP_baseline,-0.027868440000346606,0.9725163026298805,0.22403693895200288,-0.07798704756955269,0.6269450107422416,1,0.9010047761537499,0.9249764071585291,0.2706911735509397,3.1607286731087085,aroG_c.930C>T
smear_pos_no_contam_sputum_specimen_1,-0.10006779264823036,0.9047760787903715,0.21781896945796467,-0.2278472430875326,0.4959582935703177,1,0.6459411532618713,0.7962458826084496,0.30122203260301117,2.104784633753816,aroG_c.930C>T
diabetes,0.2837007549117113,1.328035463196219,0.15290763524295242,1.3287449046953754,0.7161603827290516,1,0.06354292707737652,3.7763007945921196,0.9278328763000939,15.369629655831185,aroG_c.930C>T
screen_sex,0.020365906462116064,1.0205747065941853,0.19171553807101788,0.041700931574103525,0.3925539258300849,1,0.9154000145052338,1.042582628575222,0.48302318469500116,2.250365141568055,aroG_c.930C>T
RIF_pred_MIC_high,0.6196979838262865,1.858366700283317,0.2802266512287291,1.2808742352182994,0.5792097230398607,1,0.027006972836437507,3.599785409518405,1.1567843441394583,11.20213552355905,aroG_c.930C>T
underweight,0.3140138684756278,1.3689087210929671,0.19904470006547662,0.6299147260988633,0.399285510324225,1,0.11465643563117602,1.877450474911892,0.8584125275641326,4.10620788089972,aroG_c.930C>T
bl_prevtb,0.2569764727435085,1.2930147053128693,0.1717538560990819,0.5319393063246403,0.35552915057371,1,0.13460404236451376,1.7022302556209237,0.8479911969036622,3.417002268103099,aroG_c.930C>T
Indel_Sample1,-4.061214015434196,0.017228091245864132,869.3770076922034,-34.59489365571929,7405.668603904815,1,0.9962727698718591,9.454282677071282e-16,0.0,inf,aroG_c.930C>T
peth_value_baseline,-0.22990814423618458,0.7946065883463028,0.2872519754473141,-0.000654636849100412,0.0008179167759777979,1,0.4234958912525105,0.999345577378852,0.9977448224701024,1.0009489004956444,aroG_c.930C>T
F2,0.06367783498633543,1.0657489964083726,0.14447279888600983,0.11582825629623546,0.26279210624535476,1,0.6593867335825828,1.1228030212238012,0.670833166290115,1.879284877104729,aroG_c.930C>T
fstrom1_baseline,0.011693289701622818,1.011761923470945,0.17677162137576216,0.02506941053368574,0.3789831997713371,1,0.9472590930633674,1.0253862906640907,0.48786136004358865,2.1551554010916596,Rv1894c_p.Ala184Thr
high_lung_involvement,0.023894252389819653,1.0241820073642645,0.19758406343258625,0.04778580798751606,0.3951458268100274,1,0.9037448299672977,1.0489459554156892,0.48350879150596027,2.2756310468645737,Rv1894c_p.Ala184Thr
smoked_substance_use,0.1084404365056321,1.114538520752313,0.20228602419644776,0.22151099961436707,0.4132091392443256,1,0.5919068673969055,1.2479609752347416,0.555234888977093,2.8049508894839996,Rv1894c_p.Ala184Thr
HIV_High_CD4,-0.04114564802858413,0.959689342907345,0.1900702262953773,-0.10945266703438364,0.5056110230030993,1,0.8286167074119195,0.8963245890590127,0.33272729371510557,2.414583306290794,Rv1894c_p.Ala184Thr
Lineage_2,0.506357882850067,1.6592370409864934,0.2974007775570803,1.0113753074478993,0.594014259527384,1,0.08864086020176817,2.749379658344385,0.8582402152465124,8.807660572683243,Rv1894c_p.Ala184Thr
HIV_Low_CD4,0.31042366396281057,1.3640028705976814,0.1403098026608418,1.042027301148597,0.4709906555606054,1,0.02693792865433051,2.8349585071554255,1.1262601917689832,7.135997344156732,Rv1894c_p.Ala184Thr
screen_years,0.019223271048405884,1.0194092277775844,0.18912862493552815,0.0015063054430418455,0.01481982314342024,1,0.9190414311821231,1.0015074404909237,0.9728357545541879,1.0310241463301524,Rv1894c_p.Ala184Thr
TTP_baseline,-0.021939855204305442,0.9782990728796643,0.22416634934754034,-0.06139649479719662,0.6273071528166688,1,0.9220330616421151,0.9404502821991123,0.27502427250329375,3.215886093391257,Rv1894c_p.Ala184Thr
smear_pos_no_contam_sputum_specimen_1,-0.1132152902781254,0.8929583941592295,0.21835422204724472,-0.2577831596216566,0.4971770256278103,1,0.6041138488358815,0.7727627801142946,0.2916408429140183,2.0475949402808067,Rv1894c_p.Ala184Thr
diabetes,0.2333265291613014,1.2627937509986469,0.14594572689021107,1.092811462027371,0.6835534894074597,1,0.109882562539637,2.9826478970060126,0.781196344978176,11.387903354518272,Rv1894c_p.Ala184Thr
screen_sex,-0.02664036433489459,0.9737113598955733,0.18773916992865908,-0.05454841955132889,0.38441197270237126,1,0.8871582533035258,0.9469126586617309,0.44575667781513123,2.01150903117977,Rv1894c_p.Ala184Thr
RIF_pred_MIC_high,0.597964168857637,1.8184130476149498,0.2808840440597829,1.2359518950575985,0.580568510000107,1,0.03326544349696439,3.441653054484141,1.1030273377833957,10.738605782195075,Rv1894c_p.Ala184Thr
underweight,0.3149136562286177,1.3701410027079806,0.1976445764375056,0.6317197086581472,0.39647684936953737,1,0.1110854729850356,1.880842300447125,0.8647103904754907,4.091043426928153,Rv1894c_p.Ala184Thr
bl_prevtb,0.22525263376071392,1.2526391351566568,0.17121226940434595,0.46627120557478824,0.35440807031435084,1,0.18829701236918495,1.5940392530628886,0.7958410109525479,3.1927999504122013,Rv1894c_p.Ala184Thr
Indel_Sample1,0.04621198471029554,1.0472963982507264,0.14310085009353593,0.34187656875056893,1.0586610361352455,1,0.746745994922659,1.4075865466250461,0.17674258377774868,11.210087823154602,Rv1894c_p.Ala184Thr
peth_value_baseline,-0.2413671829704606,0.7855531316940674,0.2863630383417031,-0.0006872651365221039,0.0008153856303857226,1,0.39930043295306494,0.9993129709760682,0.9977172179135031,1.0009112762927097,Rv1894c_p.Ala184Thr
F2,0.05745152148869309,1.059133924174223,0.1426975466035776,0.10450276076485653,0.25956297044945087,1,0.6872348309826875,1.110158458748444,0.6674897043400821,1.8463982223503985,Rv1894c_p.Ala184Thr
fstrom1_baseline,0.01470964392832106,1.0148183631602161,0.17621448937973838,0.031536215372500426,0.3777887565405469,1,0.9334732259915369,1.0320387505866546,0.4921773592292139,2.164065377530763,Rv0678_p.Arg90Cys
high_lung_involvement,0.012392703397946495,1.0124698111419486,0.19682531013744572,0.024784008110369623,0.3936284058553995,1,0.949796002368491,1.0250936846891134,0.47392154367586264,2.217280637295118,Rv0678_p.Arg90Cys
smoked_substance_use,0.10050361263771802,1.1057276362902266,0.20237158605888036,0.20529846999536738,0.41338391623976245,1,0.6194506493029852,1.2278914990456997,0.5461185962237709,2.7607877553594813,Rv0678_p.Arg90Cys
HIV_High_CD4,-0.04461145188013852,0.9563690050299042,0.1905293496739121,-0.1186721469343511,0.5068323496970808,1,0.8148725857735712,0.8880989189905311,0.32888560345652545,2.3981581486780055,Rv0678_p.Arg90Cys
Lineage_2,0.49274250023693117,1.6367989917670391,0.297349829765256,0.9841805856063546,0.5939124988155133,1,0.09749647375802714,2.6756185455689177,0.8353817090160109,8.569656869582143,Rv0678_p.Arg90Cys
HIV_Low_CD4,0.3025962629110459,1.3533679492893638,0.14012080540362096,1.015752353263325,0.4703562313052112,1,0.030808419895835767,2.7614401945776113,1.0984181287248005,6.942303435105951,Rv0678_p.Arg90Cys
screen_years,0.010987904714807767,1.0110484934508916,0.19014344149416182,0.0008609950220159135,0.014899342581194887,1,0.9539179345179818,1.0008613657846306,0.9720566640914848,1.0305196296931092,Rv0678_p.Arg90Cys
TTP_baseline,-0.013672313060114388,0.9864207284983049,0.22396273546030152,-0.03826060335604346,0.6267373596775581,1,0.951321565067947,0.9624620873559532,0.28177588555377714,3.287482418082176,Rv0678_p.Arg90Cys
smear_pos_no_contam_sputum_specimen_1,-0.11207118309213822,0.893980618930622,0.21800287400016372,-0.2551781089732408,0.4963770311263526,1,0.6071952079361596,0.774778490669815,0.2928604062326012,2.0497195825366346,Rv0678_p.Arg90Cys
diabetes,0.23423387348093105,1.2639400597051822,0.1456922454811392,1.0970611128324506,0.6823662802622318,1,0.10789420538538726,2.995350079847278,0.7863508432030174,11.409820665156582,Rv0678_p.Arg90Cys
screen_sex,-0.02279566121494559,0.977462196805755,0.18795697960774063,-0.04667606179372201,0.38485795660887956,1,0.9034682547778332,0.954396513015024,0.44888713349093423,2.0291798006583606,Rv0678_p.Arg90Cys
RIF_pred_MIC_high,0.6057262636614051,1.832582663892037,0.28022600924415386,1.2519956252373878,0.5792083961007335,1,0.030651851103206625,3.497315328760988,1.1238586972031614,10.883231619086297,Rv0678_p.Arg90Cys
underweight,0.30880404712556975,1.3617954966149752,0.1970117334806625,0.6194637762580906,0.39520736054167577,1,0.11701190936345132,1.8579315077023149,0.8563052064236633,4.031167230349806,Rv0678_p.Arg90Cys
bl_prevtb,0.23203019434268557,1.2611578080844754,0.1719413001516718,0.4803007034352623,0.35591715830937876,1,0.17718498958418183,1.6165604343893856,0.8047013144777904,3.247500148212227,Rv0678_p.Arg90Cys
Indel_Sample1,0.06427985608155916,1.06639079295457,0.12450495065969426,0.5626541431788883,1.0898161664530728,1,0.6056563939974284,1.7553252075154706,0.20735016576625248,14.859725685547081,Rv0678_p.Arg90Cys
peth_value_baseline,-0.23392045589007443,0.7914247665705029,0.2857423727492053,-0.0006660614424632856,0.0008136183568984449,1,0.41299119943906437,0.9993341603272192,0.997741829393002,1.0009290325178308,Rv0678_p.Arg90Cys
F2,0.06287287689017362,1.0648914583126579,0.1433121796867434,0.11436405933209609,0.26068097137238344,1,0.6608697054411544,1.121160219434991,0.6726290728642323,1.8687866587313537,Rv0678_p.Arg90Cys
fstrom1_baseline,-0.0006898167364632003,0.9993104211324034,0.1767054240233622,-0.0014789079378580072,0.37884127832357484,1,0.9968852527934153,0.9985221851075822,0.47521204249256055,2.0981087703972254,espR_c.-144G>C
high_lung_involvement,0.011839735360151234,1.0119101024619217,0.19742253611627752,0.023678134444760565,0.39482279040796964,1,0.9521782942512987,1.0239606871699605,0.47229083135252126,2.220020841537305,espR_c.-144G>C
smoked_substance_use,0.09243661140765494,1.09684361198405,0.20162202627553968,0.18882002741487486,0.41185279240598943,1,0.6466185123121475,1.2078235577928753,0.5388076627672321,2.7075296948582275,espR_c.-144G>C
HIV_High_CD4,-0.030868273102031392,0.9696032874974513,0.19008032566960292,-0.0821135400617805,0.5056378886255245,1,0.8709940680647172,0.9211673633592345,0.34193124813051523,2.4816372178839656,espR_c.-144G>C
Lineage_2,0.5578694395660995,1.7469465573170246,0.30801576496159183,1.1142620566727026,0.6152161337618023,1,0.0701142759884885,3.0473186008264714,0.9125253544540783,10.176320701246132,espR_c.-144G>C
HIV_Low_CD4,0.3086737097946387,1.3616180153911381,0.14127237126584719,1.0361530710859934,0.4742217970040112,1,0.028892179517435754,2.818354125392394,1.112595337787652,7.139271311266572,espR_c.-144G>C
screen_years,0.015536993296340132,1.015658319912562,0.18852807502870114,0.0012174544858598647,0.014772764992328581,1,0.9343190197537137,1.0012181958844149,0.9726444956794446,1.030631315164937,espR_c.-144G>C
TTP_baseline,-0.029857166998611597,0.9705841550963792,0.22513356090417463,-0.08355230156348334,0.630013797812805,1,0.8944940754925564,0.9198429761873069,0.2675746583261595,3.1621496076424283,espR_c.-144G>C
smear_pos_no_contam_sputum_specimen_1,-0.11617256698969113,0.8903215699269247,0.2185605345605885,-0.264516668255607,0.4976467845396021,1,0.5950481154929823,0.7675768545937337,0.28941708141571243,2.0357272101080044,espR_c.-144G>C
diabetes,0.23476735579902908,1.264614529270968,0.1466453403832249,1.09955973823138,0.6868302091482569,1,0.10939479410459502,3.002843695606168,0.781451074885697,11.538880103991966,espR_c.-144G>C
screen_sex,-0.03357970639820553,0.9669778338393832,0.188311867387372,-0.06875731465205602,0.38558461962495605,1,0.8584719471754305,0.9335532122752128,0.438458864078577,1.9876929663193705,espR_c.-144G>C
RIF_pred_MIC_high,0.5377622394932184,1.7121711431102615,0.2931310767773326,1.1115185384131279,0.6058823065190614,1,0.06657308971732565,3.0389696845412826,0.9268264375228109,9.964472709955084,espR_c.-144G>C
underweight,0.33369528560341516,1.3961176616017397,0.19869546514678202,0.6693958309923241,0.3985849418454454,1,0.09306811324106529,1.9530569876093884,0.8942085086910563,4.265707113918461,espR_c.-144G>C
bl_prevtb,0.2307397233107001,1.2595313701276254,0.17063257247760236,0.47762943840365163,0.353208102170192,1,0.17629192911858305,1.6122479355076222,0.806827231576717,3.221685267698394,espR_c.-144G>C
Indel_Sample1,0.19843284224527116,1.219490126445333,0.18456939490780896,0.5504272225223048,0.5119717998906441,1,0.2823244154650979,1.7339936607918849,0.6357060129089409,4.729755507436311,espR_c.-144G>C
peth_value_baseline,-0.22114853464355222,0.801597606432374,0.2851976409790512,-0.0006296948739384548,0.0008120672961876411,1,0.4380903197765681,0.9993705033422713,0.9977811477725474,1.0009623905805205,espR_c.-144G>C
F2,0.032669082843416485,1.0332085762195105,0.14687762620681094,0.059424176424374336,0.2671664219758081,1,0.8239839697255693,1.061225292032667,0.628630026482568,1.7915134069419907,espR_c.-144G>C
fstrom1_baseline,0.026979034056151194,1.0273462632536234,0.17926848836183965,0.05784073582493026,0.3843362685072717,1,0.8803739944603465,1.0595462345148496,0.49885265449805,2.2504405117463095,infC_p.Ter202Serext*?
high_lung_involvement,0.018685990945463284,1.0188616665927803,0.19690867160336975,0.03736987292210952,0.3937951193787697,1,0.9243968462102375,1.038076906378084,0.47976715892368316,2.2460971817516753,infC_p.Ter202Serext*?
smoked_substance_use,0.09985265765932418,1.105008091601643,0.2021950214939332,0.20396876594202304,0.41302324825890374,1,0.6214168470612587,1.2262598517867498,0.5457785751969179,2.7551708558026835,infC_p.Ter202Serext*?
HIV_High_CD4,-0.03417958201493229,0.9663979413640154,0.19052642436610376,-0.09092204373730763,0.5068245680055323,1,0.8576271692808549,0.9130888891221376,0.3381451818881459,2.46560165306181,infC_p.Ter202Serext*?
Lineage_2,0.5461799363643728,1.7266445115362892,0.30602127225506975,1.0909139953607785,0.6112324282788195,1,0.07429738508843568,2.9769937879813746,0.8984541978925517,9.864155606894474,infC_p.Ter202Serext*?
HIV_Low_CD4,0.3154888829399411,1.3709293711345678,0.1413856777204072,1.0590301816412977,0.4746021430689363,1,0.02565423216503389,2.8835730906385653,1.137493405246487,7.309927012063023,infC_p.Ter202Serext*?
screen_years,0.01380528543483111,1.0139010184209178,0.19017334979980552,0.001081760567224425,0.014901686149231244,1,0.9421298656004138,1.0010823458812244,0.9722668184682872,1.030751892586308,infC_p.Ter202Serext*?
TTP_baseline,-0.02710284286867212,0.9732611434092812,0.2244095566064755,-0.07584460041692165,0.6279877440543412,1,0.9038700334570939,0.9269602446029079,0.27071789951015635,3.1739877438065247,infC_p.Ter202Serext*?
smear_pos_no_contam_sputum_specimen_1,-0.10244120272366528,0.9026312204500012,0.2201100248697412,-0.23325132893866166,0.501174863712612,1,0.6416385377329852,0.7919545074240067,0.29655101684952623,2.114954615540726,infC_p.Ter202Serext*?
diabetes,0.2371537655834938,1.2676360215826672,0.146221412883825,1.1107367611568546,0.6848446962617538,1,0.104828780359448,3.036594815589626,0.7933155806877455,11.623253467519131,infC_p.Ter202Serext*?
screen_sex,-0.026203341755720245,0.9741369867429434,0.18781185213902082,-0.053653578523536305,0.384560795731024,1,0.8890399589813552,0.947760374187187,0.44602561850283334,2.013897161097105,infC_p.Ter202Serext*?
RIF_pred_MIC_high,0.6238065036343413,1.8660175427388084,0.2798219192640327,1.2893662705393254,0.5783731691712359,1,0.025794069695959702,3.630485081221218,1.168564052314846,11.279160863163906,infC_p.Ter202Serext*?
underweight,0.29870534951893274,1.3481123429959467,0.19798251963637728,0.5992056954041434,0.39715476655385673,1,0.13136368596934545,1.8206720577064084,0.8359359001240575,3.965431728941114,infC_p.Ter202Serext*?
bl_prevtb,0.2307685610176735,1.2595676926479276,0.17177866315585855,0.4776891322335173,0.3555805009889167,1,0.17914040521588737,1.6123441796341473,0.8031322824405,3.236893610726832,infC_p.Ter202Serext*?
Indel_Sample1,0.11725657709551417,1.1244078899933887,0.19825083672707633,0.4628110628858504,0.782494958802422,1,0.5542151639790455,1.5885331811861905,0.3427167843664436,7.363040804652794,infC_p.Ter202Serext*?
peth_value_baseline,-0.23731191466749363,0.7887452284391431,0.28367742412880936,-0.0006757182290694307,0.0008077386545377425,1,0.4028424573995293,0.9993245100170802,0.9977436923965046,1.0009078322732337,infC_p.Ter202Serext*?
F2,0.05300528014537348,1.054435212675867,0.14367890972630687,0.09641516824574127,0.26134804337668766,1,0.7121912112359228,1.1012161590826786,0.6598006175632432,1.8379446710787137,infC_p.Ter202Serext*?
fstrom1_baseline,0.0012956920516094853,1.0012965318232117,0.17757531706125335,0.002777852665578256,0.3807062544118917,1,0.9941782251759741,1.0027817144733104,0.47549795646031834,2.1147749495448136,"B11_c.-3C>T,Rv3661_c.-166G>A"
high_lung_involvement,0.010815142196183717,1.0108738372541686,0.1961293827904639,0.021629063756131963,0.3922366297063243,1,0.9560246218904188,1.0218646675191654,0.4737191687373406,2.2042751647717838,"B11_c.-3C>T,Rv3661_c.-166G>A"
smoked_substance_use,0.12373493002334043,1.1317158473440596,0.20269590017785016,0.25275302202661615,0.41404639185307596,1,0.5415663110095568,1.287565237308958,0.5719160901333967,2.898719355735898,"B11_c.-3C>T,Rv3661_c.-166G>A"
HIV_High_CD4,-0.04848183634749891,0.9526746431998492,0.19022646031207863,-0.12896786282893985,0.5060266253967615,1,0.798828305444347,0.8790022137361774,0.32603132156026793,2.369848663789422,"B11_c.-3C>T,Rv3661_c.-166G>A"
Lineage_2,0.5219230680665139,1.6852654155832822,0.30189875542726385,1.0424644728720875,0.6029983079749871,1,0.08384459984213553,2.8361981417988864,0.8698882764116144,9.247187389081652,"B11_c.-3C>T,Rv3661_c.-166G>A"
HIV_Low_CD4,0.3199311957999818,1.377033015421408,0.1405813203695174,1.0739420966071636,0.471902083708748,1,0.022859589916917472,2.926894890090051,1.1607089802733401,7.380587074994317,"B11_c.-3C>T,Rv3661_c.-166G>A"
screen_years,0.022178205854082287,1.0224259705299592,0.19025952880099975,0.001737849511188004,0.014908439000931036,1,0.9072022592305563,1.0017393604467826,0.9728920446335121,1.0314420308024412,"B11_c.-3C>T,Rv3661_c.-166G>A"
TTP_baseline,-0.04415066957626354,0.9568097844872846,0.2245286159421387,-0.12355124177847213,0.6283209197209322,1,0.8441114881304697,0.8837763538116431,0.257937591904374,3.0280993080146597,"B11_c.-3C>T,Rv3661_c.-166G>A"
smear_pos_no_contam_sputum_specimen_1,-0.11566415713900473,0.890774333268273,0.2190856422640847,-0.26335905520377667,0.49884241741406976,1,0.5975407172994733,0.7684659260799879,0.28907409857040983,2.0428668028939136,"B11_c.-3C>T,Rv3661_c.-166G>A"
diabetes,0.22303827906787363,1.2498684166182403,0.14674750965245945,1.0446252670553904,0.6873087305958085,1,0.12854169616614725,2.8423332081671733,0.7389868953269146,10.93234280247412,"B11_c.-3C>T,Rv3661_c.-166G>A"
screen_sex,-0.01994348972704533,0.9802540661664518,0.18792584943667845,-0.04083599725862348,0.3847942149268794,1,0.9154837714932837,0.9599865574652828,0.451572745286616,2.040810035887165,"B11_c.-3C>T,Rv3661_c.-166G>A"
RIF_pred_MIC_high,0.5699998290507206,1.7682667491497825,0.28637134309428874,1.1781514772760078,0.5919103896538691,1,0.04654446550623879,3.2483639749561415,1.0181919246809557,10.363339423556344,"B11_c.-3C>T,Rv3661_c.-166G>A"
underweight,0.3017681585582426,1.352247683312198,0.1968748863936228,0.605349718680745,0.39493284401866835,1,0.12532722795481355,1.8318927439893937,0.8447585501634305,3.972532772626872,"B11_c.-3C>T,Rv3661_c.-166G>A"
bl_prevtb,0.2380431161384706,1.2687638958454306,0.17041766192411487,0.49274740493632413,0.352763238990604,1,0.16246714584880384,1.636807019793748,0.8198319993507238,3.267910037871011,"B11_c.-3C>T,Rv3661_c.-166G>A"
Indel_Sample1,0.1656728610111132,1.1801869533980014,0.155184301104678,0.7220408473069163,0.6763292646394098,1,0.2857065055266317,2.0586302764575493,0.5468721938786294,7.749449803052595,"B11_c.-3C>T,Rv3661_c.-166G>A"
peth_value_baseline,-0.28160997895981515,0.7545679245162769,0.29287500261788446,-0.0008018518435436618,0.0008339276954760069,1,0.336282526828368,0.9991984695537358,0.9975666453266837,1.000832963126561,"B11_c.-3C>T,Rv3661_c.-166G>A"
F2,0.06518881850851344,1.0673605427841266,0.1421280787240765,0.11857669437839982,0.2585271238080963,1,0.6464765542040996,1.125893220471491,0.6783260836583597,1.8687701600195472,"B11_c.-3C>T,Rv3661_c.-166G>A"
fstrom1_baseline,0.01474898841194327,1.0148582914501587,0.17621307081163462,0.031620566571977184,0.3777857152521609,1,0.9332951629671213,1.0321258079648186,0.4922218107655755,2.1642350260955405,vapC28_p.Val30Gly
high_lung_involvement,0.012336511616869574,1.012412920258389,0.1968291712316396,0.024671630890224318,0.39363612760801014,1,0.9500243209866357,1.0249784939829663,0.47386111704500794,2.2170650330607398,vapC28_p.Val30Gly
smoked_substance_use,0.10048471398355827,1.1057067397234928,0.20237355071673926,0.20525986576331898,0.4133879294412973,1,0.6195199173224932,1.2278440981522838,0.546093218702724,2.7607028941849676,vapC28_p.Val30Gly
HIV_High_CD4,-0.0446337587325716,0.9563476716855782,0.19053310770068901,-0.11873148600443324,0.5068423465272007,1,0.8147852848149184,0.8880462215900601,0.3288596447190995,2.39806283423434,vapC28_p.Val30Gly
Lineage_2,0.492684254246913,1.6367036575657474,0.2973550161684126,0.9840642478182853,0.5939228578920968,1,0.09754191948514038,2.675307288131461,0.8352675692508594,8.56883392749053,vapC28_p.Val30Gly
HIV_Low_CD4,0.30257708245955645,1.3533419913300084,0.1401074130866318,1.0156879685001106,0.47031127609867124,1,0.03080303285227613,2.7612624056280635,1.0984441899075372,6.941244846838042,vapC28_p.Val30Gly
screen_years,0.0109303011567327,1.0109902551376655,0.19013989120265246,0.0008564812973304237,0.014899064385906923,1,0.9541583958326517,1.0008568481821727,0.9720528065195432,1.030514416330748,vapC28_p.Val30Gly
TTP_baseline,-0.013618187405232525,0.9864741206111524,0.22394434151304776,-0.03810913811357017,0.6266858860522152,1,0.9515100567913368,0.962607877950211,0.28184700114860234,3.2876486991722715,vapC28_p.Val30Gly
smear_pos_no_contam_sputum_specimen_1,-0.11203206033893105,0.8940155945979161,0.21800667997541878,-0.255089029248143,0.49638569706117713,1,0.6073269508056431,0.774847510798877,0.2928815207075787,2.0499369968467924,vapC28_p.Val30Gly
diabetes,0.23426680870161506,1.2639816885355035,0.14569314415432685,1.0972153687020993,0.6823704893007994,1,0.10784685516930509,2.9958121658175676,0.786465663766635,11.411674973675176,vapC28_p.Val30Gly
screen_sex,-0.0227953457722093,0.9774625051391536,0.18796148163257542,-0.04667541589779854,0.3848671748889463,1,0.9034718848008358,0.9543971294560403,0.4488793132265184,2.0292177738524435,vapC28_p.Val30Gly
RIF_pred_MIC_high,0.6057453114977825,1.8326175709592178,0.28023007331458105,1.252034995839664,0.5792167962621607,1,0.030649025591648362,3.4974530228823637,1.1238844412666273,10.883839297110663,vapC28_p.Val30Gly
underweight,0.308793522543623,1.361781164362097,0.197012159645492,0.6194426638493091,0.3952082154322676,1,0.11702518007217527,1.8578922827069049,0.8562856931941639,4.031088877902321,vapC28_p.Val30Gly
bl_prevtb,0.23208696581056698,1.2612294078968644,0.17193824777918343,0.48041821993364625,0.3559108399219919,1,0.17707133900109784,1.616750418073951,0.8048058522176763,3.247841584575501,vapC28_p.Val30Gly
Indel_Sample1,0.0646525308035109,1.0667882839096412,0.12444300008818648,0.5668867526158378,1.0911419449327042,1,0.6033875064101129,1.7627705590710685,0.20768928017903612,14.961581268176495,vapC28_p.Val30Gly
peth_value_baseline,-0.23387849510716296,0.7914579760700671,0.28574121779478834,-0.000665941963987209,0.000813615068299327,1,0.4130731236354487,0.999334279726149,0.9977419550326639,1.000929145655789,vapC28_p.Val30Gly
F2,0.06291359765558807,1.0649348223908268,0.14331157608956266,0.11443812930093243,0.26067987344546795,1,0.6606624678909683,1.1212432668131256,0.6726803438612852,1.8689210630971207,vapC28_p.Val30Gly
fstrom1_baseline,0.008513417617187713,1.0085497598158462,0.17632677597319488,0.018252037427959358,0.3780294893694273,1,0.961491462590235,1.0184196239086383,0.4854533187105568,2.1365154802466426,Rv1894c_p.Ala155fs
high_lung_involvement,0.011564415435598047,1.0116315417972674,0.19830644152516197,0.023127525669261007,0.3965905014649632,1,0.9534970154634878,1.023397040618447,0.4703982635615764,2.2264995087710298,Rv1894c_p.Ala155fs
smoked_substance_use,0.12403010123593138,1.1320499465888423,0.2046400828158713,0.25335596750032796,0.41801776870712054,1,0.5444556612624991,1.2883418030307696,0.5678239791999029,2.923132277321862,Rv1894c_p.Ala155fs
HIV_High_CD4,-0.08744143545657498,0.9162725311620303,0.19651384823079918,-0.23260536116452044,0.5227518784759121,1,0.6563463312683142,0.7924662497811296,0.28445499838723026,2.207740277382167,Rv1894c_p.Ala155fs
Lineage_2,0.47719198903747234,1.611542812909072,0.3007777684300378,0.953120729370283,0.6007593015185589,1,0.11261985872154187,2.5937915635515503,0.7990387270561405,8.419810513988393,Rv1894c_p.Ala155fs
HIV_Low_CD4,0.2792208374141937,1.3220992806195135,0.1456675106020846,0.9372859398696504,0.48897536031888844,1,0.05525867470094563,2.5530428948714556,0.979132644657813,6.656940771627055,Rv1894c_p.Ala155fs
screen_years,0.028378898248998082,1.0287854155750928,0.18847212861422324,0.0022237260657853226,0.014768381118822635,1,0.8803122080102223,1.0022262003783176,0.9736320984384892,1.031660067838466,Rv1894c_p.Ala155fs
TTP_baseline,-0.02463274121274898,0.9756681689462919,0.2239678775093841,-0.06893226749338116,0.6267517491886467,1,0.9124225662896774,0.9333898987746941,0.2732568391983237,3.188270440698188,Rv1894c_p.Ala155fs
smear_pos_no_contam_sputum_specimen_1,-0.09998918251160299,0.9048472061571717,0.22026292532594044,-0.22766825340028882,0.5015230071710601,1,0.649862110504597,0.7963884151654953,0.2980078993703731,2.12824730200042,Rv1894c_p.Ala155fs
diabetes,0.23396088703577309,1.2635950682925228,0.1460184366601506,1.095782549621833,0.6838940339236659,1,0.10909602785570205,2.9915227826743265,0.7829980087403295,11.429414199477772,Rv1894c_p.Ala155fs
screen_sex,0.0003242558235100167,1.000324308400112,0.18802310543047793,0.0006639414716869349,0.38499335487432773,1,0.9986240064140258,1.0006641619296135,0.47052359691360585,2.1281159362431556,Rv1894c_p.Ala155fs
RIF_pred_MIC_high,0.6157751245344956,1.8510908695661612,0.28318715608369155,1.2727659477518516,0.5853288883283234,1,0.029671671031690498,3.570715328154591,1.1337632480258104,11.24574109887525,Rv1894c_p.Ala155fs
underweight,0.2893282819934603,1.33553008705127,0.19812023423293523,0.5803952111710975,0.3974310233089859,1,0.1441891957740919,1.786744432590633,0.8199144439173777,3.893644868775266,Rv1894c_p.Ala155fs
bl_prevtb,0.22819342696499414,1.2563283097037137,0.17169090921509603,0.4723586247086418,0.35539885101186586,1,0.18381682567968904,1.6037724330284893,0.7991470373534116,3.2185391382545423,Rv1894c_p.Ala155fs
Indel_Sample1,0.12177751160132654,1.1295027725592734,0.10575966826553866,0.9982820087814296,0.8669743099187246,1,0.24954504834995428,2.7136158533479193,0.4961105896127897,14.842882118860782,Rv1894c_p.Ala155fs
peth_value_baseline,-0.25587326758585327,0.774240083889896,0.29153064055807415,-0.0007285695346631683,0.0008300997800021633,1,0.3801124574904736,0.9992716958076763,0.9976472368889968,1.0008987998164045,Rv1894c_p.Ala155fs
F2,0.06248851226862954,1.0644822303617092,0.1445113595217653,0.1136649105010316,0.26286224699687666,1,0.6654416647826588,1.120376635530941,0.6692914747568112,1.8754815394887956,Rv1894c_p.Ala155fs
fstrom1_baseline,0.01616020023038173,1.0162914824953118,0.17610906088353617,0.03464608371293308,0.3775627268841641,1,0.9268867726734554,1.035253250968994,0.4939291155473896,2.1698443357689507,lysX_c.1917G>A
high_lung_involvement,-0.007104257684543276,0.9929209179008539,0.19925772602586042,-0.014207713556757269,0.3984929631009357,1,0.9715585591433148,0.9858927397057113,0.45147306286781813,2.152918023569902,lysX_c.1917G>A
smoked_substance_use,0.07688527208767904,1.0799181725277087,0.20275107427674768,0.1570533467456103,0.4141590958424128,1,0.7045317899733136,1.1700580310241537,0.519606458257912,2.6347551578825548,lysX_c.1917G>A
HIV_High_CD4,-0.0356933149832295,0.9649361795773042,0.19016614154598688,-0.09494876633122336,0.5058661697924074,1,0.8511154159253792,0.9094195261734722,0.3374195254807646,2.451084813207498,lysX_c.1917G>A
Lineage_2,0.5453734079532454,1.7252524851117064,0.3031742542700654,1.089303073624598,0.6055459290903669,1,0.07203802740442537,2.9722019446583876,0.9070613973520828,9.739125075347157,lysX_c.1917G>A
HIV_Low_CD4,0.30931769685572663,1.3624951621804717,0.13983033225924155,1.0383148009318226,0.46938117372477467,1,0.026960240846064815,2.824453235560479,1.1256319433965014,7.08716212849868,lysX_c.1917G>A
screen_years,0.031604327753338754,1.0321090475970958,0.18983440854705255,0.0024764656753086985,0.014875127242965623,1,0.8677763385668685,1.0024795346493092,0.9736744728525049,1.0321367617315882,lysX_c.1917G>A
TTP_baseline,-0.02934795928422253,0.9710785098895733,0.22484534845286647,-0.08212733460285154,0.6292072640366041,1,0.896151005197997,0.9211546563658511,0.2683801291938006,3.1616569508831187,lysX_c.1917G>A
smear_pos_no_contam_sputum_specimen_1,-0.1300085984540353,0.8780878806898201,0.21723577216759712,-0.29602032733505934,0.494630394840169,1,0.5495278878254868,0.743772308957583,0.282104393486008,1.9609664377649332,lysX_c.1917G>A
diabetes,0.23505881691813457,1.2649831689563644,0.14637055797848061,1.1009248296885696,0.6855432343556888,1,0.1082923736398355,3.00694565101747,0.7844948908155428,11.52553350446082,lysX_c.1917G>A
screen_sex,-0.03117539407197898,0.9693055477187358,0.18779711946630423,-0.06383427997224686,0.3845306293263024,1,0.8681524569338868,0.9381604586262714,0.44153390608855764,1.9933804267193165,lysX_c.1917G>A
RIF_pred_MIC_high,0.5609752389805284,1.7523806571557217,0.2869956303628059,1.1594982539220386,0.5932007496332273,1,0.05062471228118622,3.188333141070246,0.9968511172023726,10.19757920016771,lysX_c.1917G>A
underweight,0.3396087597311042,1.4043980260033804,0.19775239045307813,0.681258314816745,0.3966931252825048,1,0.08591644929316562,1.9763630551587597,0.9082406307495199,4.300634428315604,lysX_c.1917G>A
bl_prevtb,0.23489101622303907,1.2647709217094454,0.1701004757942081,0.4862225825485791,0.35210666616073716,1,0.1673110311382241,1.6261619111944636,0.8155489763868443,3.242481614206937,lysX_c.1917G>A
Indel_Sample1,0.18366810347814344,1.201616944422283,0.1479505251470784,0.6977214231307847,0.5620368970099954,1,0.21445222539796505,2.0091694407766445,0.6677438393673282,6.045374893425408,lysX_c.1917G>A
peth_value_baseline,-0.2358488450376059,0.7899000622237097,0.2869198586280129,-0.0006715523075197344,0.000816971111748099,1,0.4110754662363231,0.9993286731332632,0.997729794560153,1.0009301139358524,lysX_c.1917G>A
F2,0.05791041868100233,1.0596200692950903,0.14264892451795624,0.10533748232245696,0.25947452819326833,1,0.6847685848940055,1.1110855188109954,0.6681629167426536,1.8476197932831058,lysX_c.1917G>A
fstrom1_baseline,-0.013367827560949104,0.9867211250370828,0.1759908480143107,-0.028659476128641788,0.3773092886281559,1,0.9394528982476638,0.9717473112892097,0.46386018719048233,2.0357272796297075,bioF2_c.-301G>C
high_lung_involvement,0.005935059080262431,1.0059527064388365,0.19675107164465722,0.0118694483081973,0.39347993724864844,1,0.9759352063908345,1.011940169740915,0.46797656582661734,2.18819270432158,bioF2_c.-301G>C
smoked_substance_use,0.07064658524977747,1.0732018734658892,0.2041878776487317,0.14430959725256215,0.4170940503799754,1,0.7293516232488044,1.1552417128257386,0.5100840720676376,2.616398919579633,bioF2_c.-301G>C
HIV_High_CD4,-0.04530539918518292,0.9557055655588762,0.19015913202272966,-0.12051813519696558,0.5058475235673046,1,0.8116872561797438,0.8864610110545676,0.32891330846096817,2.389119272177878,bioF2_c.-301G>C
Lineage_2,0.5163492995781691,1.6758982657284263,0.2937084249280784,1.031331691079862,0.5866393288669906,1,0.0787417808825565,2.804798473894792,0.888287110676008,8.85625197598067,bioF2_c.-301G>C
HIV_Low_CD4,0.3148461656410842,1.3700485342071158,0.13976158699067368,1.0568727141216514,0.4691504102392915,1,0.024275706104654984,2.8773585815662623,1.147235123049072,7.21664830563148,bioF2_c.-301G>C
screen_years,0.02654792604599139,1.0269034615048755,0.18976772051212965,0.0020802539486569523,0.014869901672887712,1,0.8887414080668768,1.002082419178051,0.9732987364295067,1.031717331216801,bioF2_c.-301G>C
TTP_baseline,-0.03810799090449697,0.9626089822633359,0.22237674196464866,-0.10664140868351885,0.6222991151906424,1,0.8639353575095033,0.8988479342708704,0.26545093382398643,3.0436043200312364,bioF2_c.-301G>C
smear_pos_no_contam_sputum_specimen_1,-0.14182847638977464,0.8677700867797244,0.21690347321091694,-0.32293334829832315,0.4938737737620305,1,0.513190209328543,0.7240221100654228,0.2750209072667765,1.9060660553893574,bioF2_c.-301G>C
diabetes,0.21522936353629415,1.240146308690859,0.14633052045271136,1.008051318822465,0.6853557140285784,1,0.14133331836192742,2.7402559236288573,0.7151798730179236,10.499460080296263,bioF2_c.-301G>C
screen_sex,-0.015317654889702858,0.9847990636744584,0.18776670859725828,-0.03136420564532351,0.38446836047656796,1,0.9349822018320632,0.9691225488899115,0.4561615091819537,2.0589166246208888,bioF2_c.-301G>C
RIF_pred_MIC_high,0.594294560039508,1.8117524114992916,0.27699443841914645,1.228367059361588,0.5725289556038036,1,0.03191202860428535,3.415647430410688,1.1120786550346926,10.490847311971093,bioF2_c.-301G>C
underweight,0.32887747644950827,1.389407610004819,0.1975812075726624,0.6597312612447768,0.3963497308402359,1,0.09600895701006985,1.9342724505780637,0.889496295588913,4.206211910740081,bioF2_c.-301G>C
bl_prevtb,0.21051275446230955,1.2343107960923148,0.1710641145503126,0.4357597697005475,0.35410139091509785,1,0.2184697597993286,1.5461373210999083,0.7723895920258455,3.0949933043867444,bioF2_c.-301G>C
Indel_Sample1,-1.9362829094996818,0.14423910435710632,334.4980144185236,-15.542614796443765,2685.0279795248375,1,0.9953813728502858,1.7779852736387998e-07,0.0,inf,bioF2_c.-301G>C
peth_value_baseline,-0.24299380191323824,0.784276374769508,0.29163413613337297,-0.0006918967458238304,0.0008303944716823321,1,0.40472374504734376,0.9993083425595349,0.9976832478191996,1.0009360843653803,bioF2_c.-301G>C
F2,0.0490013649446791,1.050221784233686,0.14208078345777503,0.08913215499389404,0.25844109500030243,1,0.7301817065032903,1.0932251219395086,0.6587553331263937,1.814241353565398,bioF2_c.-301G>C
fstrom1_baseline,0.04529009473403882,1.0463313511010042,0.17960834954498742,0.09709807992181749,0.38506490174412833,1,0.8009171651731379,1.1019684493002497,0.5180853617857004,2.3438887735945935,"wag22_c.-174A>T,Rv1760_c.-402T>A"
high_lung_involvement,0.01316900305982429,1.013256096270952,0.1975493027067693,0.02633651981812538,0.3950763092816153,1,0.9468509016800903,1.0266863906635686,0.4733127908928625,2.2270366764974763,"wag22_c.-174A>T,Rv1760_c.-402T>A"
smoked_substance_use,0.09374963245469643,1.0982847366383548,0.20301241184102525,0.19150213211693182,0.4146929294100866,1,0.6442300476222489,1.2110674152745817,0.5372557321062379,2.729955581097143,"wag22_c.-174A>T,Rv1760_c.-402T>A"
HIV_High_CD4,-0.02529484014077463,0.9750223939045963,0.19053697294195474,-0.06728749815029801,0.5068526285615236,1,0.8943867111358726,0.9349263730918879,0.3462132391625947,2.5247079667344767,"wag22_c.-174A>T,Rv1760_c.-402T>A"
Lineage_2,0.5970335791389092,1.8167216382545823,0.3078258755294286,1.1924866583683207,0.6148368575831552,1,0.05243839262981253,3.295265226587592,0.9875072515792341,10.996144986471625,"wag22_c.-174A>T,Rv1760_c.-402T>A"
HIV_Low_CD4,0.3212979941471711,1.3789164287007836,0.1425270166484787,1.0785301527326354,0.4784333790891923,1,0.02417759223447975,2.9403545012341357,1.1512150625432382,7.510051661266478,"wag22_c.-174A>T,Rv1760_c.-402T>A"
screen_years,0.004400587400788416,1.0044102842041838,0.19157527331919824,0.0003448231436625687,0.01501153868279185,1,0.9816737727455319,1.0003448826019967,0.9713414234741,1.030214361258202,"wag22_c.-174A>T,Rv1760_c.-402T>A"
TTP_baseline,-0.02222617275507142,0.9780190087807474,0.22578667612303494,-0.06219772588337534,0.631841475560143,1,0.9215838547221619,0.9396970659884254,0.27237260959232046,3.241994770138414,"wag22_c.-174A>T,Rv1760_c.-402T>A"
smear_pos_no_contam_sputum_specimen_1,-0.0774636149595965,0.9254606967088905,0.22233638121740978,-0.17637913899213342,0.5062441186898845,1,0.727534332146657,0.8383000908266176,0.31080195228984114,2.2610766666760256,"wag22_c.-174A>T,Rv1760_c.-402T>A"
diabetes,0.23786927913104214,1.2685433568961144,0.14537214280449098,1.1140879506199959,0.6808670427973613,1,0.10178136066340089,3.04678809039742,0.8022083382088532,11.571704288831226,"wag22_c.-174A>T,Rv1760_c.-402T>A"
screen_sex,-0.02852171321836804,0.9718811912484981,0.18807439491719258,-0.058400641950694214,0.38509837447558815,1,0.8794620253918659,0.9432719574054728,0.4434458478782041,2.0064726953355803,"wag22_c.-174A>T,Rv1760_c.-402T>A"
RIF_pred_MIC_high,0.6473953622916004,1.9105580311472745,0.27940392494674293,1.3381228617835517,0.5775092029078984,1,0.020500521277776285,3.8118813571262944,1.229030470679443,11.822684487858265,"wag22_c.-174A>T,Rv1760_c.-402T>A"
underweight,0.2810538589630399,1.3245249395539738,0.19843344171787589,0.5637966419991823,0.3980593204222512,1,0.15666914174636232,1.7573318105468188,0.8054249201266734,3.834268117596932,"wag22_c.-174A>T,Rv1760_c.-402T>A"
bl_prevtb,0.24116541871765684,1.2727315515172617,0.1724702029603139,0.49921054706905044,0.3570119830228577,1,0.16202241673098017,1.6474201964966497,0.8183050568999971,3.316603363184066,"wag22_c.-174A>T,Rv1760_c.-402T>A"
Indel_Sample1,0.2101030283848344,1.2338051703625437,0.16327485204437134,0.8766603425452009,0.6812685605847622,1,0.19816198105424954,2.402861557043637,0.6321671133057968,9.133255338332114,"wag22_c.-174A>T,Rv1760_c.-402T>A"
peth_value_baseline,-0.2413994739768872,0.7855277658023907,0.2827368062493659,-0.0006873570814280647,0.0008050603539196756,1,0.3932181884903865,0.9993128790943352,0.9977373173538951,1.0008909288591827,"wag22_c.-174A>T,Rv1760_c.-402T>A"
F2,0.04489296215826185,1.0459159013362032,0.1454983288224477,0.0816590816550247,0.2646575174098938,1,0.7576667215035977,1.0850858211028738,0.6459325963194238,1.822808209196257,"wag22_c.-174A>T,Rv1760_c.-402T>A"
fstrom1_baseline,0.0107962202815154,1.0108547097666447,0.17661725863520522,0.02314617061200936,0.37865225929069635,1,0.9512574481977096,1.023416121975563,0.48723992393594695,2.149619740227178,espK_p.Leu39Trp
high_lung_involvement,0.021611204481151083,1.0218464179200377,0.19742783813513845,0.04321996984325932,0.3948333938472864,1,0.912834620180371,1.0441675549639389,0.48160102243614433,2.263877840882141,espK_p.Leu39Trp
smoked_substance_use,0.10544681797280542,1.1112070067101456,0.20194185777626505,0.21539594276805776,0.41250611138659093,1,0.6015559774622445,1.2403529085173777,0.5526108794419704,2.7840120325193,espK_p.Leu39Trp
HIV_High_CD4,-0.04154819833633105,0.9593030974138531,0.19010027603873692,-0.11052350215084124,0.5056909591497394,1,0.8269932983592629,0.8953652869321747,0.33231911917454154,2.41237699183379,espK_p.Leu39Trp
Lineage_2,0.5066584032006591,1.6597357504161792,0.2982016519222598,1.0119755525951926,0.5956138881393679,1,0.08931046661349026,2.75103045553431,0.8560673578579426,8.840622759188522,espK_p.Leu39Trp
HIV_Low_CD4,0.31072482268231794,1.3644137138169987,0.14026314650044958,1.0430382279693795,0.47083404059035844,1,0.026739541357328162,2.8378258918599673,1.1277454533840372,7.141022620260031,espK_p.Leu39Trp
screen_years,0.02137542432555428,1.0216055152137793,0.18875877416406986,0.0016749448066270458,0.01479084221562923,1,0.9098386850887045,1.0016763483101672,0.9730550962828742,1.0311394602390622,espK_p.Leu39Trp
TTP_baseline,-0.02586671072859521,0.9744649666783651,0.2237973335228426,-0.07238540801113102,0.6262744988656668,1,0.9079846532137892,0.9301723308506977,0.27256971295924376,3.174309264542508,espK_p.Leu39Trp
smear_pos_no_contam_sputum_specimen_1,-0.11634012164379673,0.890172404901229,0.21767685136361378,-0.2648981782799027,0.49563470078253097,1,0.5930215638615864,0.7672840721825525,0.2904498528120733,2.0269414555563796,espK_p.Leu39Trp
diabetes,0.23146756119793083,1.2604484384770203,0.14591136774465202,1.0841047731428481,0.6833925644229439,1,0.1126582842692565,2.956791634271422,0.7746685330344685,11.285622683358003,espK_p.Leu39Trp
screen_sex,-0.024384497373785,0.9759104026233711,0.1881372818511228,-0.04992933942540861,0.38522714083978643,1,0.8968748890530518,0.9512966412931781,0.44710551474580323,2.0240530923672218,espK_p.Leu39Trp
RIF_pred_MIC_high,0.6032827325551599,1.8281101577274053,0.2794793889097232,1.2469450100689812,0.5776651818660227,1,0.03088162294135159,3.4796962659191544,1.1215840971601274,10.795700593214653,espK_p.Leu39Trp
underweight,0.3136675719276215,1.368434754799499,0.19760985923054195,0.6292200520188767,0.39640720633108945,1,0.11244306291203907,1.876146711628222,0.8626693551087709,4.080273006926941,espK_p.Leu39Trp
bl_prevtb,0.22316885171565728,1.2500316259018818,0.17108475163374764,0.4619577928964007,0.3541441095178159,1,0.1920854800600953,1.587178311612416,0.7928256783126388,3.177413474061894,espK_p.Leu39Trp
Indel_Sample1,0.027326178388413554,1.0277029625956782,0.1926054721569145,0.15170332287695096,1.0692636824356292,1,0.8871776055380038,1.1638149079504627,0.14312813733439597,9.463304457063193,espK_p.Leu39Trp
peth_value_baseline,-0.24215606900233858,0.7849336641779379,0.28609518581531185,-0.0006895113982538214,0.0008146229512971549,1,0.39731969015060875,0.9993107262601045,0.997716468190968,1.0009075318052747,espK_p.Leu39Trp
F2,0.05547281756461841,1.0570402837526949,0.14249747153331443,0.10090355194594378,0.2591990393182825,1,0.6970617529434404,1.1061699486793306,0.6655661614432707,1.838452773361926,espK_p.Leu39Trp
fstrom1_baseline,0.015734783260558095,1.0158592268033435,0.17675619525354558,0.033734026205025344,0.37895012748794565,1,0.9290662549007408,1.0343094709251228,0.4921387571086791,2.1737692189301887,PPE13_p.Thr382Pro
high_lung_involvement,0.01187634562367124,1.011947149435577,0.19602263017648708,0.023751350839833246,0.39202313652685844,1,0.9516884417575352,1.024035660624781,0.4749242896513078,2.2080341163454817,PPE13_p.Thr382Pro
smoked_substance_use,0.10510973630900317,1.1108325023263215,0.20131409999886976,0.2147073869238858,0.41122379219582206,1,0.6015881017521068,1.23949915023724,0.5536201731710946,2.7751122843640195,PPE13_p.Thr382Pro
HIV_High_CD4,-0.04709625707490592,0.953995564348145,0.19023892059205247,-0.12528204539649818,0.5060597713293321,1,0.8044719752822262,0.882248033493638,0.32721397272876473,2.3787541409443214,PPE13_p.Thr382Pro
Lineage_2,0.48214971486004926,1.6195522381887573,0.3005563148342802,0.963023056652775,0.6003169805711015,1,0.10867197289138768,2.6196037258361886,0.8076902850100909,8.496231547874945,PPE13_p.Thr382Pro
HIV_Low_CD4,0.33009273866511835,1.3910971309729039,0.14463408555597163,1.1080522702714126,0.48550636862542823,1,0.022473933188915524,3.0284540362971715,1.1693841860082197,7.843045903735317,PPE13_p.Thr382Pro
screen_years,0.03074632706584777,1.0312238771174345,0.18916358601832542,0.002409234083846095,0.014822562639168885,1,0.8708819728251727,1.0024121386203826,0.9737093243418156,1.0319610488815127,PPE13_p.Thr382Pro
TTP_baseline,-0.03660691581366544,0.964055015659658,0.22538092324343903,-0.10244079987611185,0.630706016628027,1,0.8709732137148601,0.9026315840728533,0.2622120169938662,3.1071946507506056,PPE13_p.Thr382Pro
smear_pos_no_contam_sputum_specimen_1,-0.10533285929159751,0.9000248910738027,0.21960155250780394,-0.23983542517505413,0.5000171083271118,1,0.6314731303423786,0.7867573308625282,0.2952741745109259,2.0963130239587726,PPE13_p.Thr382Pro
diabetes,0.22699302306284938,1.2548211131016969,0.1455837540781582,1.063147762472556,0.6818581483788355,1,0.11895094638992043,2.895470914237198,0.7608875859299077,11.018384279390643,PPE13_p.Thr382Pro
screen_sex,-0.04009415582891614,0.9606989794849853,0.18958387350336167,-0.08209620582581009,0.388189160704598,1,0.8325087932267607,0.9211833312300742,0.43044618015307956,1.971393332923425,PPE13_p.Thr382Pro
RIF_pred_MIC_high,0.6046462902778855,1.8306045917168432,0.28245136408738425,1.2497633925728073,0.5838080555434065,1,0.032297479968538684,3.4895172140870163,1.1112890299827798,10.957302788814802,PPE13_p.Thr382Pro
underweight,0.3178730457851162,1.3742017894435605,0.19647240850206948,0.6376562714951681,0.3941254696436148,1,0.10568378160203085,1.8920412476871071,0.8738771669974832,4.096479709212605,PPE13_p.Thr382Pro
bl_prevtb,0.22165680924470207,1.2481429532299626,0.17066331519499553,0.4588278767038934,0.3532717393568577,1,0.1940139917580681,1.582218342707142,0.7917005839687283,3.1620728021312376,PPE13_p.Thr382Pro
Indel_Sample1,-0.09636344073366004,0.9081339032320619,0.1687865986746475,-0.6135172409332922,1.0746138528988105,1,0.5680546930748409,0.5414431301121522,0.06589309058716238,4.449034952425798,PPE13_p.Thr382Pro
peth_value_baseline,-0.2524466765588988,0.7768976385902947,0.2876756918516329,-0.0007188127130399343,0.0008191232594312525,1,0.3801938743794966,0.9992814455709287,0.9976784342115294,1.000887032555229,PPE13_p.Thr382Pro
F2,0.048751413836208006,1.0499593129384384,0.1484512685597234,0.08867750070076785,0.27002883477314754,1,0.7426091551876532,1.0927281954179136,0.6436698817767033,1.8550734512625862,PPE13_p.Thr382Pro
fstrom1_baseline,0.02716251256345347,1.027534776506024,0.17928256028700615,0.05823409801307739,0.3843664375082971,1,0.8795760106713508,1.0599631019246645,0.4990194149015566,2.251459049270454,ponA1_p.Ala394Ser
high_lung_involvement,0.018651074776615935,1.0188260924678572,0.1969133404562047,0.03730004452518047,0.3938044565574959,1,0.9245394778566788,1.0380044216625977,0.4797248794199136,2.245981448145793,ponA1_p.Ala394Ser
smoked_substance_use,0.09983100075110075,1.1049841608019515,0.20219812920305813,0.20392452743152167,0.41302959636830794,1,0.6214978588760325,1.226205605077325,0.5457476410294331,2.7550832525576734,ponA1_p.Ala394Ser
HIV_High_CD4,-0.03409995098016422,0.9664748996961791,0.19052718954424427,-0.09071021503727067,0.5068266034768943,1,0.8579559008123765,0.9132823280417726,0.33821546903292415,2.466133832075565,ponA1_p.Ala394Ser
Lineage_2,0.5466194947987433,1.7274036395228265,0.30603212839975524,1.0917919486064167,0.6112541118292112,1,0.07407486390901939,2.9796085970118567,0.8992051289272067,9.873239270753391,ponA1_p.Ala394Ser
HIV_Low_CD4,0.31553299065791646,1.370989841034219,0.14139437011042832,1.05917824202347,0.4746313216038412,1,0.025642668169973123,2.8840000651806146,1.1375967756803789,7.311427523154895,ponA1_p.Ala394Ser
screen_years,0.01371337119708385,1.0138078307643603,0.19018545552413715,0.0010745583113615641,0.014902634734849518,1,0.9425181424325519,1.0010751358559937,0.9722580083615167,1.0307463852295309,ponA1_p.Ala394Ser
TTP_baseline,-0.02710664067888555,0.9732574471551891,0.22442320558310255,-0.07585522820971419,0.6280259393530188,1,0.9038624474098157,0.9269503931138512,0.27069475704203294,3.174191627067614,ponA1_p.Ala394Ser
smear_pos_no_contam_sputum_specimen_1,-0.10226660738061222,0.9027888294160814,0.22013003429099012,-0.23285378776664434,0.5012204237409357,1,0.6422368256646961,0.7922694045352087,0.29664244135423923,2.115984504769529,ponA1_p.Ala394Ser
diabetes,0.2372140641276828,1.2677124604938845,0.14622095205949534,1.111019176279002,0.6848425379383465,1,0.10473940152156673,3.0374525169936057,0.7935430135113354,11.626487330745045,ponA1_p.Ala394Ser
screen_sex,-0.026220384622731623,0.9741203847973002,0.1878136218719247,-0.053688475248235994,0.3845644194101795,1,0.8889692966306784,0.9477273010314035,0.4460068862638723,2.013841186723004,ponA1_p.Ala394Ser
RIF_pred_MIC_high,0.6240148618809003,1.866406383389733,0.2798033459323056,1.2897969330824965,0.5783347793382974,1,0.025734775457528277,3.632048931881022,1.1691553845505525,11.283170413357215,ponA1_p.Ala394Ser
underweight,0.29854090770180214,1.3478906751787971,0.197994758648539,0.5988758235972074,0.397179318125515,1,0.13160001918323622,1.820071568372591,0.8356199827495466,3.964314619545352,ponA1_p.Ala394Ser
bl_prevtb,0.23086314125165106,1.2596868284888678,0.17178552594676214,0.47788491258460125,0.35559470691288214,1,0.1789796474043942,1.6126598758462536,0.8032671695947723,3.2376175369851428,ponA1_p.Ala394Ser
Indel_Sample1,0.11826580938682113,1.1255432515699846,0.19808811154456746,0.4668843578288867,0.7820031945963933,1,0.5504830907003275,1.5950169415293385,0.344447450241604,7.385971479774708,ponA1_p.Ala394Ser
peth_value_baseline,-0.23730196909790321,0.7887530729987109,0.2836588911457018,-0.0006756899102103454,0.0008076858840119037,1,0.4028314390393727,0.9993245383168107,0.9977438238464402,1.0009077570955787,ponA1_p.Ala394Ser
F2,0.05299374907674314,1.0544230539811648,0.1436866718112228,0.09639419354437193,0.2613621623988125,1,0.7122658867760229,1.1011930616448304,0.6597685207091049,1.8379569818084243,ponA1_p.Ala394Ser
fstrom1_baseline,0.011693289701622818,1.011761923470945,0.17677162137576216,0.02506941053368574,0.3789831997713371,1,0.9472590930633674,1.0253862906640907,0.48786136004358865,2.1551554010916596,Rv1894c_p.Leu105fs
high_lung_involvement,0.023894252389819653,1.0241820073642645,0.19758406343258625,0.04778580798751606,0.3951458268100274,1,0.9037448299672977,1.0489459554156892,0.48350879150596027,2.2756310468645737,Rv1894c_p.Leu105fs
smoked_substance_use,0.1084404365056321,1.114538520752313,0.20228602419644776,0.22151099961436707,0.4132091392443256,1,0.5919068673969055,1.2479609752347416,0.555234888977093,2.8049508894839996,Rv1894c_p.Leu105fs
HIV_High_CD4,-0.04114564802858413,0.959689342907345,0.1900702262953773,-0.10945266703438364,0.5056110230030993,1,0.8286167074119195,0.8963245890590127,0.33272729371510557,2.414583306290794,Rv1894c_p.Leu105fs
Lineage_2,0.506357882850067,1.6592370409864934,0.2974007775570803,1.0113753074478993,0.594014259527384,1,0.08864086020176817,2.749379658344385,0.8582402152465124,8.807660572683243,Rv1894c_p.Leu105fs
HIV_Low_CD4,0.31042366396281057,1.3640028705976814,0.1403098026608418,1.042027301148597,0.4709906555606054,1,0.02693792865433051,2.8349585071554255,1.1262601917689832,7.135997344156732,Rv1894c_p.Leu105fs
screen_years,0.019223271048405884,1.0194092277775844,0.18912862493552815,0.0015063054430418455,0.01481982314342024,1,0.9190414311821231,1.0015074404909237,0.9728357545541879,1.0310241463301524,Rv1894c_p.Leu105fs
TTP_baseline,-0.021939855204305442,0.9782990728796643,0.22416634934754034,-0.06139649479719662,0.6273071528166688,1,0.9220330616421151,0.9404502821991123,0.27502427250329375,3.215886093391257,Rv1894c_p.Leu105fs
smear_pos_no_contam_sputum_specimen_1,-0.1132152902781254,0.8929583941592295,0.21835422204724472,-0.2577831596216566,0.4971770256278103,1,0.6041138488358815,0.7727627801142946,0.2916408429140183,2.0475949402808067,Rv1894c_p.Leu105fs
diabetes,0.2333265291613014,1.2627937509986469,0.14594572689021107,1.092811462027371,0.6835534894074597,1,0.109882562539637,2.9826478970060126,0.781196344978176,11.387903354518272,Rv1894c_p.Leu105fs
screen_sex,-0.02664036433489459,0.9737113598955733,0.18773916992865908,-0.05454841955132889,0.38441197270237126,1,0.8871582533035258,0.9469126586617309,0.44575667781513123,2.01150903117977,Rv1894c_p.Leu105fs
RIF_pred_MIC_high,0.597964168857637,1.8184130476149498,0.2808840440597829,1.2359518950575985,0.580568510000107,1,0.03326544349696439,3.441653054484141,1.1030273377833957,10.738605782195075,Rv1894c_p.Leu105fs
underweight,0.3149136562286177,1.3701410027079806,0.1976445764375056,0.6317197086581472,0.39647684936953737,1,0.1110854729850356,1.880842300447125,0.8647103904754907,4.091043426928153,Rv1894c_p.Leu105fs
bl_prevtb,0.22525263376071392,1.2526391351566568,0.17121226940434595,0.46627120557478824,0.35440807031435084,1,0.18829701236918495,1.5940392530628886,0.7958410109525479,3.1927999504122013,Rv1894c_p.Leu105fs
Indel_Sample1,0.04621198471029554,1.0472963982507264,0.14310085009353593,0.34187656875056893,1.0586610361352455,1,0.746745994922659,1.4075865466250461,0.17674258377774868,11.210087823154602,Rv1894c_p.Leu105fs
peth_value_baseline,-0.2413671829704606,0.7855531316940674,0.2863630383417031,-0.0006872651365221039,0.0008153856303857226,1,0.39930043295306494,0.9993129709760682,0.9977172179135031,1.0009112762927097,Rv1894c_p.Leu105fs
F2,0.05745152148869309,1.059133924174223,0.1426975466035776,0.10450276076485653,0.25956297044945087,1,0.6872348309826875,1.110158458748444,0.6674897043400821,1.8463982223503985,Rv1894c_p.Leu105fs
fstrom1_baseline,0.0012361537097643985,1.0012369180626817,0.17757790586466363,0.0026502075654998535,0.38071180458443843,1,0.9944458180803841,1.0026537224699597,0.47543209350542753,2.1145280281155223,PE_PGRS25_p.Ala59Thr
high_lung_involvement,0.010897166548621318,1.0109567569267353,0.19613800794966646,0.02179310320344079,0.3922538790512626,1,0.9556933914385247,1.022032307383849,0.4737808658427391,2.2047113183398777,PE_PGRS25_p.Ala59Thr
smoked_substance_use,0.1235883037190284,1.1315499201967716,0.20268883529051585,0.2524535088534445,0.41403196042596246,1,0.542031394440279,1.2871796523058427,0.5717609914558321,2.8977693163213596,PE_PGRS25_p.Ala59Thr
HIV_High_CD4,-0.048363643887230266,0.9527872488142007,0.19021973540102258,-0.12865345582310603,0.5060087362763824,1,0.7993013034286744,0.8792786216403332,0.32614527932360093,2.3705107615757477,PE_PGRS25_p.Ala59Thr
Lineage_2,0.5219864621669883,1.6853722548548178,0.30194976424838393,1.04259109325271,0.6031001905838891,1,0.08385929970795133,2.836557285024068,0.8698247195955154,9.250205299942126,PE_PGRS25_p.Ala59Thr
HIV_Low_CD4,0.3200370494291328,1.3771787870786445,0.14058017396560082,1.0742974250962771,0.4718982354706209,1,0.022813428625148614,2.9279350840234657,1.1611302442100429,7.383154386860254,PE_PGRS25_p.Ala59Thr
screen_years,0.022109375445385993,1.0223555989544257,0.19025826537653723,0.0017324560680531207,0.014908340000966878,1,0.9074883508468712,1.0017339576370758,0.9728869861851787,1.0314362676573403,PE_PGRS25_p.Ala59Thr
TTP_baseline,-0.044116252643247256,0.9568427155122358,0.22453452149697728,-0.12345492942685482,0.6283374458266674,1,0.8442354965676638,0.8838614764896994,0.25795408026124383,3.0284890583292072,PE_PGRS25_p.Ala59Thr
smear_pos_no_contam_sputum_specimen_1,-0.11552068103725657,0.8909021472660554,0.2190824935813465,-0.2630323703297815,0.4988352480875335,1,0.5979900846432631,0.7687170132851818,0.28917261344863715,2.0435055708311407,PE_PGRS25_p.Ala59Thr
diabetes,0.22323323452370522,1.2501121090389433,0.14672519792829417,1.045538363210737,0.687204231086074,1,0.12815005665883178,2.8449297169424526,0.7398134791621083,10.940088714670171,PE_PGRS25_p.Ala59Thr
screen_sex,-0.01974752729197612,0.9804461779629773,0.18790454098721,-0.040434747448745555,0.38475058405806006,1,0.916301695478491,0.960371829178883,0.45179260848367375,2.041454492529004,PE_PGRS25_p.Ala59Thr
RIF_pred_MIC_high,0.5703800162398052,1.7689391493255608,0.28635895415981,1.1789372987370554,0.591884782555912,1,0.04638907697708077,3.2509176123010617,1.019043499684104,10.37096583732233,PE_PGRS25_p.Ala59Thr
underweight,0.30166232542634275,1.3521045782775292,0.19686992028342784,0.6051374164387565,0.39492288195566005,1,0.12545024210540615,1.8315038703335973,0.8445957158763469,3.97161193692113,PE_PGRS25_p.Ala59Thr
bl_prevtb,0.23811267870818856,1.2688521573922054,0.17044417737077994,0.4928913989163445,0.35281812575963517,1,0.1624097551207746,1.6370427271208643,0.8198618564455407,3.268732249647387,PE_PGRS25_p.Ala59Thr
Indel_Sample1,0.1652266128891999,1.179660414678736,0.15537641284780646,0.7199726412190357,0.6770505331135233,1,0.2876025315097923,2.0543770046245395,0.5449713691344388,7.744379092489445,PE_PGRS25_p.Ala59Thr
peth_value_baseline,-0.28138382008802754,0.7547385960454854,0.2928257896259929,-0.0008012078823142108,0.0008337875671736637,1,0.3365895392729753,0.999199112999018,0.9975675616994616,1.0008333327490584,PE_PGRS25_p.Ala59Thr
F2,0.06490256330271481,1.0670550489989699,0.1421265799366386,0.11805600391600439,0.2585243975543609,1,0.647920305008853,1.1253071312087022,0.6779766003364232,1.8677873822205548,PE_PGRS25_p.Ala59Thr
fstrom1_baseline,0.006134213984551303,1.006153066804519,0.17723857001277643,0.013151228833306914,0.3799842976127624,1,0.9723907855754761,1.0132380865876314,0.4811364789132969,2.133804991113076,Rv3695-glpK_n.4138178A>G
high_lung_involvement,0.022568482076462178,1.022825076951208,0.19673686414246316,0.045134416992054685,0.39345152384777066,1,0.9086717787455635,1.0461684732774525,0.4838325518335836,2.2620811070523494,Rv3695-glpK_n.4138178A>G
smoked_substance_use,0.08912267958512016,1.0932147632336728,0.20158345878123118,0.18205066743885323,0.41177401068496183,1,0.6584073950203754,1.1996749767985286,0.5352552391805987,2.688848131892731,Rv3695-glpK_n.4138178A>G
HIV_High_CD4,-0.04174358605294272,0.9591156796822685,0.1904360910148916,-0.1110432583757049,0.5065842697799349,1,0.8264942763329927,0.8949000361697286,0.33156540711790894,2.4153486990631383,Rv3695-glpK_n.4138178A>G
Lineage_2,0.5060296904992452,1.6586925814300593,0.29064636108272995,1.0107197915549775,0.5805233072390003,1,0.08167490891831224,2.7475779868593255,0.8806588285466668,8.572201344227944,Rv3695-glpK_n.4138178A>G
HIV_Low_CD4,0.30588637585368894,1.3578280157333524,0.13986416905004814,1.0267965741398208,0.4694947567530581,1,0.028740729522302,2.7921071848145864,1.1124933527379917,7.007558752873981,Rv3695-glpK_n.4138178A>G
screen_years,0.018147124499635084,1.018312784128166,0.1886031422433177,0.0014219802831956197,0.014778647141817406,1,0.9233469831235688,1.001422991776543,0.9728322312610864,1.0308540118563774,Rv3695-glpK_n.4138178A>G
TTP_baseline,-0.025920417413403687,0.974412632800895,0.22209887489717672,-0.0725357008076747,0.6215215319384518,1,0.9070925140906331,0.9300325431546316,0.2750793935888165,3.1444032213463355,Rv3695-glpK_n.4138178A>G
smear_pos_no_contam_sputum_specimen_1,-0.10486899844610911,0.9004424742234857,0.2166370444229945,-0.23877924703797543,0.4932671343708662,1,0.6283312632511845,0.7875887257278257,0.2995227018415583,2.0709482021890437,Rv3695-glpK_n.4138178A>G
diabetes,0.22194282347400512,1.2484999909312884,0.14556371299018256,1.0394945756015526,0.6817642836531653,1,0.12733080417979437,2.8277874203502806,0.7432380715274712,10.75884296166028,Rv3695-glpK_n.4138178A>G
screen_sex,-0.024777091986645947,0.9755273406556189,0.18792486938109867,-0.050733210400546874,0.38479220817943866,1,0.8951063132676037,0.9505322288201602,0.44712723627403633,2.020703380887482,Rv3695-glpK_n.4138178A>G
RIF_pred_MIC_high,0.5908403123270723,1.8055049662001388,0.2747640920827,1.2212273606496413,0.5679189790789023,1,0.03152715270589406,3.3913475868564085,1.1141888100493889,10.322521956011178,Rv3695-glpK_n.4138178A>G
underweight,0.31937624687569016,1.3762690444328316,0.19683895409733235,0.6406717067937333,0.3948607634997862,1,0.10469085108673544,1.8977551863281954,0.875253982898541,4.1147767592084685,Rv3695-glpK_n.4138178A>G
bl_prevtb,0.22989977757748656,1.2584738763083214,0.1717333508713205,0.47589075724772373,0.3554867049112142,1,0.18066771005837634,1.6094471859143,0.8018366410226614,3.230483756571374,Rv3695-glpK_n.4138178A>G
Indel_Sample1,-3.993327258372073,0.018438263079569087,690.6021763073575,-31.384411969160766,5427.590028487879,1,0.9953863504642851,2.3438135680947542e-14,0.0,inf,Rv3695-glpK_n.4138178A>G
peth_value_baseline,-0.25192923234249087,0.7772997438046612,0.28675369999627975,-0.0007173393504822924,0.0008164979942624615,1,0.3796419695580219,0.9992829178758798,0.9976850376551698,1.000883357242115,Rv3695-glpK_n.4138178A>G
F2,0.07113285830475445,1.0737238695255298,0.1460945449851007,0.1293887416959911,0.2657420184534759,1,0.6263319913689198,1.1381324777291786,0.6760717674875892,1.9159882118369012,Rv3695-glpK_n.4138178A>G
fstrom1_baseline,0.006965843352048696,1.006990161270997,0.1797776525349674,0.014934170893039528,0.38542787283855007,1,0.969092106932323,1.0150462428286449,0.47687991109148514,2.1605415768560032,lysX_c.201T>G
high_lung_involvement,0.019511124715811873,1.0197027107004288,0.19644449958373572,0.039020047335211985,0.3928668277276419,1,0.920883160452413,1.039791328486528,0.4814346465945835,2.245717075917533,lysX_c.201T>G
smoked_substance_use,0.10506647255213407,1.1107844445786055,0.2019982999452877,0.21461901215945328,0.4126214056594977,1,0.6029691859055444,1.2393896146319867,0.5520569420246657,2.7824785813290114,lysX_c.201T>G
HIV_High_CD4,-0.04289006199893657,0.9580167067194957,0.19049306117473083,-0.11409303048994211,0.5067358176649371,1,0.8218603419237643,0.8921749525485981,0.3304575787184102,2.4087090059851857,lysX_c.201T>G
Lineage_2,0.4995884518927283,1.6480428821860824,0.29647463751327746,0.9978543659406987,0.5921644311683018,1,0.0919699041494684,2.712455643051236,0.8497895128754785,8.657927056106882,lysX_c.201T>G
HIV_Low_CD4,0.31023747791682377,1.363748935936769,0.1400898658583273,1.041402313541227,0.4702523737240283,1,0.026790248443585463,2.833187246786591,1.127186378766795,7.121226912035713,lysX_c.201T>G
screen_years,0.024860979654783007,1.0251725907699147,0.18955332335032307,0.001948067468801449,0.01485310184672968,1,0.8956522193810199,1.0019499661849751,0.9732021321504754,1.0315469947848928,lysX_c.201T>G
TTP_baseline,-0.027934527381880892,0.9724520336976464,0.22293826086628407,-0.07817198651006739,0.623870469787186,1,0.9002847621359048,0.924805358819025,0.2722769211000408,3.141158450907197,lysX_c.201T>G
smear_pos_no_contam_sputum_specimen_1,-0.11928179114301951,0.8875576596324244,0.21776673592323462,-0.2715961504019494,0.4958393615286487,1,0.5838633808272954,0.7621619977624351,0.2883952219598638,2.0142182206960038,lysX_c.201T>G
diabetes,0.22911549341379178,1.257487262120223,0.14586353323712464,1.0730885949002293,0.6831685260407924,1,0.11624017487388177,2.924397846072592,0.7665179893216463,11.157080305032965,lysX_c.201T>G
screen_sex,-0.020726263016569525,0.979487049705673,0.18756869522842412,-0.04243879237335136,0.3840629112047729,1,0.912013178829809,0.9584491281220252,0.45149622547252033,2.0346232800428603,lysX_c.201T>G
RIF_pred_MIC_high,0.6040803737442517,1.8295689153926629,0.2796022988701222,1.248593680993725,0.5779192285236457,1,0.030734092290641474,3.4854378716884327,1.1228755014165437,10.818899461315654,lysX_c.201T>G
underweight,0.3134135990543004,1.3680872536226742,0.19788350496818752,0.6287105800846872,0.3969561422131698,1,0.11323267794048963,1.8751911109807504,0.8613027915569974,4.0825848205422,lysX_c.201T>G
bl_prevtb,0.22035868509941298,1.2465237599099535,0.1709707251438559,0.4561407697870763,0.35390807556774995,1,0.19744400395125772,1.577972459979759,0.7885919132442015,3.1575229756173013,lysX_c.201T>G
Indel_Sample1,-0.013313549106174438,0.9867746841885842,0.14607902809495746,-0.0988802675423889,1.084934848339026,1,0.9273818581408264,0.9058511613165036,0.10803354525642073,7.595477168788823,lysX_c.201T>G
peth_value_baseline,-0.24251250030551724,0.784653939103454,0.286465138062099,-0.0006905262951641019,0.0008156763475305025,1,0.39723540904606347,0.9993097120632507,0.9977133957122816,1.0009085824802506,lysX_c.201T>G
F2,0.05549724825121673,1.0570661082880433,0.14256024477001406,0.10094799070284263,0.259313222134808,1,0.6970617856123651,1.1062191065890188,0.6654467992285704,1.838945973143494,lysX_c.201T>G
fstrom1_baseline,0.012261945023123326,1.012337430889988,0.17663670737351597,0.026288558786284222,0.3786939557180932,1,0.9446560991261717,1.0266371509056993,0.4887334864420625,2.1565615388719985,bioF2_p.Ala729fs
high_lung_involvement,0.016724991784244952,1.0168656374645644,0.19513817508208048,0.03344809592516174,0.39025432616086003,1,0.9316981795794295,1.0340137728051733,0.4812173074971698,2.221832975857953,bioF2_p.Ala729fs
smoked_substance_use,0.08423964267051558,1.0878895673344708,0.20145516392718155,0.17207610054330466,0.41151194311790223,1,0.6758332189792546,1.1877682195814665,0.5302151098290951,2.6607943027170036,bioF2_p.Ala729fs
HIV_High_CD4,-0.04920631075760522,0.951984704751246,0.19022619952064138,-0.13089505708115357,0.5060259316583051,1,0.7958878413651491,0.8773098370153279,0.3254040433877434,2.365282687058495,bioF2_p.Ala729fs
Lineage_2,0.3432783340575749,1.4095610361748747,0.3199585393391406,0.6856479229542947,0.6390700669520767,1,0.28332325470716535,1.9850575833332629,0.5672776617430416,6.946252029458179,bioF2_p.Ala729fs
HIV_Low_CD4,0.3127146232865749,1.3671313279076327,0.14108929573492457,1.0497175723434804,0.4736072507450105,1,0.026662030363333252,2.8568441523148254,1.1291491878987345,7.22806038217455,bioF2_p.Ala729fs
screen_years,0.025290546962533692,1.0256130659998175,0.19144321154509464,0.001981727690945138,0.015001190528794067,1,0.8949014828370077,1.0019836926110302,0.972952451941446,1.0318811759558177,bioF2_p.Ala729fs
TTP_baseline,-0.02877861048467495,0.9716315496947806,0.22515855031997317,-0.08053406881856535,0.6300837281985242,1,0.8982954832720933,0.9226234703566975,0.2683466985174781,3.1721428761963786,bioF2_p.Ala729fs
smear_pos_no_contam_sputum_specimen_1,-0.12855454053491536,0.8793656000402685,0.21858104798604983,-0.2927095409232344,0.4976934921496528,1,0.5564435985751963,0.7462388610721314,0.2813457719676461,1.9793168878268068,bioF2_p.Ala729fs
diabetes,0.23090527961318255,1.2597399107462548,0.1463275155669829,1.081471263087611,0.6853416403028947,1,0.11456488753011923,2.9490151380062914,0.7696852076089683,11.299022247298453,bioF2_p.Ala729fs
screen_sex,-0.02305459358208328,0.9772091329699714,0.18868156269598216,-0.04720624791356966,0.3863416023203395,1,0.9027502524187855,0.9538906393464411,0.44734647435799985,2.034010334246173,bioF2_p.Ala729fs
RIF_pred_MIC_high,0.4535484980902808,1.573887223941997,0.3045757200520012,0.9374543742079452,0.6295376177906511,1,0.1364568942572662,2.5534729511791996,0.74347756857688,8.769900247137825,bioF2_p.Ala729fs
underweight,0.31955738051993177,1.3765183556389486,0.19667726993139295,0.6410350625603229,0.3945364235666595,1,0.10420935097335633,1.898444871911752,0.8761288426419304,4.1136562983362515,bioF2_p.Ala729fs
bl_prevtb,0.21609017870038696,1.241214305046854,0.16941420325109682,0.44730499463342444,0.3506860873169431,1,0.20212739158191406,1.564091265988891,0.7866065387162721,3.11004468935026,bioF2_p.Ala729fs
Indel_Sample1,-3.452267387422138,0.031673738262680426,481.2495264348568,-16.207082276936156,2259.2834781811052,1,0.9942763845518171,9.14857808821247e-08,0.0,inf,bioF2_p.Ala729fs
peth_value_baseline,-0.24300238787177147,0.7842696410339834,0.28358254826863644,-0.0006919211933476856,0.000807468506499422,1,0.39149917388363775,0.9993083181289207,0.997728054399404,1.0008910847783903,bioF2_p.Ala729fs
F2,0.06623168697896693,1.0684742400597538,0.14081682690892253,0.1204736438664732,0.25614199228867274,1,0.6381126279394784,1.1280310100380468,0.6827985334251437,1.863586251751897,bioF2_p.Ala729fs
fstrom1_baseline,0.03617857228247439,1.036840981021028,0.1779661015370598,0.0775637570106642,0.3815440628220283,1,0.8389090584769127,1.0806511293477847,0.5115812474624631,2.2827397781939402,Rv2264c_p.Leu250Arg
high_lung_involvement,0.029732406054645923,1.030178827449609,0.19964694432189992,0.05946145640193824,0.3992713557644239,1,0.8816128738357166,1.061264855225197,0.485247591214403,2.3210482923108806,Rv2264c_p.Leu250Arg
smoked_substance_use,0.113182377716217,1.1198361474850451,0.20154687637555146,0.23119735067967903,0.41169928389934995,1,0.5744100449548306,1.2601078980621028,0.5623007565526686,2.823883653462167,Rv2264c_p.Leu250Arg
HIV_High_CD4,0.009558840097320947,1.0096046717253262,0.19084488359876717,0.025427732762409172,0.5076717101463614,1,0.9600530909151066,1.025753775200071,0.3792382910869969,2.7744318864041877,Rv2264c_p.Leu250Arg
Lineage_2,0.4484916847990633,1.5659484594510635,0.28326743614952116,0.8957960979068799,0.5657849912658118,1,0.1133576444803905,2.4492848840938723,0.8080574609379169,7.4239725928496005,Rv2264c_p.Leu250Arg
HIV_Low_CD4,0.2931635133031524,1.34066198858045,0.14109722102282193,0.9840885861044484,0.4736338542785591,1,0.03773319955789237,2.675372401318182,1.0573685164263977,6.769274263929958,Rv2264c_p.Leu250Arg
screen_years,0.003734981240892343,1.003741964975326,0.18726950720678545,0.00029266728636601465,0.014674145586931073,1,0.9840877121229827,1.0002927101176147,0.971933269585792,1.0294796332477238,Rv2264c_p.Leu250Arg
TTP_baseline,-0.026064443876138082,0.9742723017020875,0.2256130706719309,-0.07293874448720616,0.6313556580341739,1,0.9080272709765818,0.9296577749454068,0.26971940646722337,3.204306244910378,Rv2264c_p.Leu250Arg
smear_pos_no_contam_sputum_specimen_1,-0.12951788476817624,0.8785188761693031,0.221209924991423,-0.2949030071912909,0.5036792580213564,1,0.5582131659457574,0.7446038051779931,0.27745508557670967,1.9982867696698197,Rv2264c_p.Leu250Arg
diabetes,0.22217223969675134,1.248786449941222,0.14489511731684723,1.0405690726966463,0.6786328394153023,1,0.12519421046364104,2.830827502706328,0.7486176912951529,10.70450838025824,Rv2264c_p.Leu250Arg
screen_sex,-0.04334151154789905,0.9575843081197688,0.18767176049393583,-0.08874544380036228,0.3842739461318343,1,0.8173589512245162,0.9150784828299063,0.430887373067497,1.9433584785208173,Rv2264c_p.Leu250Arg
RIF_pred_MIC_high,0.6426313108312554,1.9014776811703005,0.2670359873199235,1.328275886434152,0.5519455040377393,1,0.01610468370665774,3.774530055846447,1.2795168901175382,11.134731594812651,Rv2264c_p.Leu250Arg
underweight,0.3177395639422784,1.374018370698083,0.19759901996128243,0.6373885056831723,0.3963854626566465,1,0.10783480210626696,1.891534691548325,0.8697819550550064,4.11356371391327,Rv2264c_p.Leu250Arg
bl_prevtb,0.25064304606215965,1.2848513697101132,0.1710807802051021,0.5188291621952308,0.35413588869130874,1,0.1429054444613382,1.680059420601317,0.839235076462605,3.3633003861665967,Rv2264c_p.Leu250Arg
Indel_Sample1,-0.4075495569527699,0.6652784814068071,0.2812051261765584,-1.5440984041564476,1.065412485824775,1,0.14725484594667143,0.21350427904340216,0.026456100486702012,1.7230081656499394,Rv2264c_p.Leu250Arg
peth_value_baseline,-0.2441067260289257,0.783404020200923,0.2852358126835817,-0.0006950656685203359,0.0008121759857012801,1,0.3921046961085095,0.999305175833665,0.9977157116170432,1.0008971722310136,Rv2264c_p.Leu250Arg
F2,0.07258127724093354,1.075280198346358,0.1402344995075416,0.13202337649160048,0.25508275452548645,1,0.60475778342944,1.1411349946880633,0.6921658839123092,1.8813251366007822,Rv2264c_p.Leu250Arg
fstrom1_baseline,0.0055616385462202295,1.0055771331697265,0.17669635838465347,0.011923676186335835,0.37882184237147426,1,0.9748901847681548,1.0119950465970375,0.4816423314029697,2.126337133519293,Rv0302_p.Glu13Ala
high_lung_involvement,0.02885533127885375,1.0292756797074458,0.1969913530654977,0.05770740584019917,0.39396047297129544,1,0.8835423255069685,1.059404974648877,0.4894656796638367,2.2929879395867068,Rv0302_p.Glu13Ala
smoked_substance_use,0.11489073673552934,1.1217508647143035,0.203355448678913,0.2346870112367761,0.41539364987298444,1,0.5720907950605594,1.2645129284517864,0.5601954255572439,2.8543484528299112,Rv0302_p.Glu13Ala
HIV_High_CD4,-0.04493126694917989,0.9560631927148314,0.19038273273642745,-0.11952289577272268,0.5064423299596601,1,0.8134288306300687,0.8873436911669887,0.3288572138953628,2.3942878336991193,Rv0302_p.Glu13Ala
Lineage_2,0.4865594916496442,1.6267098722434994,0.29645398988048594,0.9718309364299202,0.5921231905622603,1,0.10074246432091734,2.6427787922925132,0.8280272690672681,8.43484267475698,Rv0302_p.Glu13Ala
HIV_Low_CD4,0.3103597034063204,1.363915631005,0.14044912113367586,1.0418125989406255,0.4714583185293177,1,0.027121401194886555,2.834349900641351,1.1249867686771458,7.141007861552137,Rv0302_p.Glu13Ala
screen_years,0.018211299473374368,1.0183781364213145,0.18865376576268875,0.0014270089337310636,0.014782613921590864,1,0.9230973271182015,1.0014280275954683,0.972829559775072,1.030867210373029,Rv0302_p.Glu13Ala
TTP_baseline,-0.03102998485150119,0.9694465039307525,0.22273960219418815,-0.08683431525648458,0.623314543323033,1,0.8892047238128103,0.9168289876253741,0.27022282806724085,3.110674988350739,Rv0302_p.Glu13Ala
smear_pos_no_contam_sputum_specimen_1,-0.11541410824657908,0.8909970982536162,0.2172737865269803,-0.2627897116690736,0.4947169508314023,1,0.595285700956464,0.7689035717601883,0.29158692524292995,2.027569316330002,Rv0302_p.Glu13Ala
diabetes,0.2265857506901826,1.2543101631846467,0.1455527677283914,1.061240255775323,0.681713020268829,1,0.11953559733028704,2.889953048432736,0.7596536207654613,10.994258954140149,Rv0302_p.Glu13Ala
screen_sex,-0.01657189111551806,0.9835646672878015,0.18763905472547196,-0.0339323613582928,0.38420697827968747,1,0.9296239961216344,0.9666368844322686,0.4552246701298755,2.0525839824944954,Rv0302_p.Glu13Ala
RIF_pred_MIC_high,0.6139350629199701,1.8476878801273555,0.2791087717261479,1.2689626636122011,0.5768991409655188,1,0.027833402321384523,3.5571606756162892,1.148275354080752,11.019475448273957,Rv0302_p.Glu13Ala
underweight,0.3002627595767451,1.3502135425079067,0.19839614546038087,0.6023298743926475,0.39798450378457034,1,0.1301652477293621,1.8263690576840714,0.837189006782347,3.9843140650949804,Rv0302_p.Glu13Ala
bl_prevtb,0.21891401145059888,1.244724240053828,0.171120777153462,0.4531503065341127,0.3542186820643305,1,0.20079307574174787,1.5732606400975395,0.7857586828536042,3.1500116965825096,Rv0302_p.Glu13Ala
Indel_Sample1,-0.08674705804061926,0.9169089910606467,0.18611460199263724,-0.36776091072904793,0.7890258998378585,1,0.64114760734965,0.6922826792646728,0.14745632374122158,3.250150931817225,Rv0302_p.Glu13Ala
peth_value_baseline,-0.24204509281603342,0.785020777956179,0.28540905786419246,-0.0006891954063990338,0.0008126692813152029,1,0.3964024353718142,0.9993110420342044,0.9977206038486953,1.0009040154922257,Rv0302_p.Glu13Ala
F2,0.05735594419336926,1.0590326998558153,0.14270898684189956,0.10432890825461892,0.25958377993295056,1,0.6877514218180413,1.1099654716897576,0.6673464508267447,1.8461525446298084,Rv0302_p.Glu13Ala
fstrom1_baseline,0.009762019007525593,1.0098098229427594,0.1772158880932296,0.020928931753340436,0.37993566952200947,1,0.9560703784796927,1.0211494777557486,0.48493942296336495,2.150260850208527,bioF2_p.Pro728fs
high_lung_involvement,0.036002039901710074,1.0366579611691147,0.1990083808114453,0.07200001648241543,0.39799430081411213,1,0.8564404530052885,1.0746553617767296,0.4926016325432687,2.344458625995381,bioF2_p.Pro728fs
smoked_substance_use,0.1144034914374677,1.1212044300145547,0.20198312563648796,0.23369171652468382,0.41259040913809847,1,0.571121056659559,1.2632549915335514,0.5627213980817318,2.8358850029062705,bioF2_p.Pro728fs
HIV_High_CD4,-0.040513436180568865,0.9602962617107591,0.18993014659373958,-0.10777090295454864,0.5052383931460857,1,0.8310874877000316,0.8978332638186887,0.3335308356677712,2.416881689530729,bioF2_p.Pro728fs
Lineage_2,0.5763922745934583,1.7796065038158284,0.30484514184171824,1.1512586920665449,0.6088832809688043,1,0.058654954610752444,3.1621706048713394,0.9587445513239687,10.429600794605719,bioF2_p.Pro728fs
HIV_Low_CD4,0.3168345930551594,1.3727754865460453,0.14135232293366345,1.063547448983575,0.4744901780274595,1,0.024996744536341896,2.896628426210218,1.1428941679222882,7.341411370382979,bioF2_p.Pro728fs
screen_years,0.01414260140585123,1.0142430811158263,0.18932386070036727,0.0011081921189563394,0.014835121512491408,1,0.940452949537826,1.001108806390732,0.972419375057229,1.030644666221396,bioF2_p.Pro728fs
TTP_baseline,-0.0075825015115327955,0.9924461731321051,0.22562352320257228,-0.021218873610031944,0.6313849083978234,1,0.9731906400146693,0.9790046628330255,0.28402001883432765,3.374586530141317,bioF2_p.Pro728fs
smear_pos_no_contam_sputum_specimen_1,-0.10013551329519975,0.9047148088435969,0.2201232266094275,-0.2280014381817156,0.5012049231344488,1,0.6491764191484386,0.7961231148649232,0.29809440826245076,2.1262123557319517,bioF2_p.Pro728fs
diabetes,0.24138355881620477,1.2730092155870676,0.1461499267534968,1.1305474811093932,0.684509882801495,1,0.09861285429099233,3.097351777603553,0.8097196225454578,11.848036983548951,bioF2_p.Pro728fs
screen_sex,-0.04009736900719111,0.960695892592855,0.18767143149606835,-0.08210278508255121,0.3842732724806229,1,0.8308143217341972,0.9211772705483698,0.43375971105775285,1.9563079330389035,bioF2_p.Pro728fs
RIF_pred_MIC_high,0.6447763991691923,1.9055608966322504,0.27928805072328533,1.332709640385336,0.5772696986473934,1,0.02096340056617806,3.791302548471771,1.222969382535597,11.753340042125025,bioF2_p.Pro728fs
underweight,0.32576389096809544,1.3850882984049195,0.1991800141541632,0.6534853799554229,0.3995569516383494,1,0.10193904005762446,1.9222288650260144,0.8784187568498356,4.206380818631411,bioF2_p.Pro728fs
bl_prevtb,0.238421128044868,1.269243594364631,0.17244067187052298,0.4935298866519643,0.35695085389593534,1,0.16677926721476777,1.6380882925796574,0.8137672144322409,3.2974211871618317,bioF2_p.Pro728fs
Indel_Sample1,0.19645795149147927,1.2170841432292627,0.1879690507333667,0.81439304541684,0.7792033181079892,1,0.2959484901480639,2.2578048713702565,0.4902609911344151,10.397896078551401,bioF2_p.Pro728fs
peth_value_baseline,-0.2526692399210971,0.7767247488799375,0.287048527038295,-0.0007194464364716931,0.0008173374801643448,1,0.3787337530713354,0.9992808123030624,0.9976812939008475,1.0008828951104982,bioF2_p.Pro728fs
F2,0.048705517418859486,1.0499111246734556,0.1434061638307058,0.08859401636131341,0.2608519259834659,1,0.7341326515019131,1.092636973534168,0.6552972274790732,1.821853512987787,bioF2_p.Pro728fs
fstrom1_baseline,0.011300283146940877,1.0113643725284232,0.17670674522007776,0.024226838176961897,0.37884411085605313,1,0.949010549614131,1.0245226923937194,0.48758337630205495,2.152753351007246,espR_c.-151C>T
high_lung_involvement,0.022718453909643502,1.0229784834060582,0.1974839476447957,0.04543434373205145,0.39494560653387784,1,0.9084138161413764,1.046482294236426,0.48256250578419985,2.2693955270533803,espR_c.-151C>T
smoked_substance_use,0.10697662422969147,1.1129082390878906,0.20216723112855264,0.21852087405843987,0.4129664809513065,1,0.5967019685870815,1.24423498858996,0.5538404913582045,2.795246521313278,espR_c.-151C>T
HIV_High_CD4,-0.041294594732042576,0.9595464109882581,0.19009622936088866,-0.10984888424618162,0.5056801944709861,1,0.828029143829087,0.8959695201763163,0.3325503994417352,2.4139540425529598,espR_c.-151C>T
Lineage_2,0.5068674811364707,1.6600828008198956,0.2974343377295545,1.0123931549842813,0.5940812910300103,1,0.08835636150169725,2.752179532336907,0.8590013552232793,8.817788391317924,espR_c.-151C>T
HIV_Low_CD4,0.31060213810285087,1.3642463315621207,0.14027551208062491,1.0426264015009892,0.4708755492562016,1,0.02681301457426153,2.8366574406610954,1.1271894068000021,7.138663109425114,espR_c.-151C>T
screen_years,0.02097442718136013,1.0211959364451322,0.18874203121721692,0.001643523297799391,0.014789530264509484,1,0.911515254103354,1.0016448746224245,0.9730270239199643,1.031104409428918,espR_c.-151C>T
TTP_baseline,-0.02419657072460616,0.976093819429148,0.22388546704497483,-0.06771168791997102,0.6265211317300436,1,0.9139356716208361,0.9345298709910377,0.2737142659637513,3.1907218160495314,espR_c.-151C>T
smear_pos_no_contam_sputum_specimen_1,-0.1153137227855391,0.891086545897656,0.2178559096355507,-0.2625611411176632,0.49604240372603714,1,0.596589110375501,0.7690793405605876,0.2908968950243272,2.033308165862834,espR_c.-151C>T
diabetes,0.2322494702462541,1.2614343799240475,0.14589420372048068,1.0877669335210187,0.6833121747543692,1,0.11140642489342613,2.9676397310520333,0.7776332093928741,11.325243658503771,espR_c.-151C>T
screen_sex,-0.025732155733350817,0.9745960946290849,0.18798230247577893,-0.05268878493018206,0.3849098073423242,1,0.8911208618323425,0.9486752085664492,0.44615085483251204,2.017220501990198,espR_c.-151C>T
RIF_pred_MIC_high,0.6008816759513831,1.8237260271398479,0.2801216078203214,1.2419821868529217,0.578992605348791,1,0.03194690284533359,3.4624699294934733,1.1131318546364946,10.770240706624621,espR_c.-151C>T
underweight,0.3144063777621223,1.369446135941619,0.19755007994073387,0.6307021033599178,0.3962872885225269,1,0.11149091967305093,1.8789293188522371,0.8641519049865258,4.085364349567196,espR_c.-151C>T
bl_prevtb,0.22414556713867564,1.2512531475125508,0.17115350811440275,0.46397958624989394,0.35428643489972544,1,0.19032538843377145,1.5903905042743367,0.7942086519986478,3.184732311491219,espR_c.-151C>T
Indel_Sample1,0.03827646068698206,1.0390184409277672,0.16770876554139513,0.24438604773061726,1.0707803606925874,1,0.8194661000101391,1.276837155442583,0.15656173176899987,10.413228718778885,espR_c.-151C>T
peth_value_baseline,-0.24301794650744526,0.7842574389632926,0.28630925624245535,-0.0006919654947632254,0.0008152324920786542,1,0.39599521472946864,0.9993082738581487,0.997712827755214,1.0009062712445755,espR_c.-151C>T
F2,0.05574362577362317,1.0573265777024101,0.14239893794873043,0.10139614473975435,0.25901980939799024,1,0.6954565360447074,1.1067149742515936,0.6661280544582131,1.838712580914935,espR_c.-151C>T
fstrom1_baseline,0.04716680025432455,1.0482968506787393,0.17674757301640814,0.10112157564794731,0.3789316421507965,1,0.7895772041056093,1.1064111462390236,0.526464805618993,2.3252183459493665,Rv0760c_p.Trp28*
high_lung_involvement,0.03424999198797213,1.0348432769220701,0.2002528827088781,0.06849611839743158,0.40048316414997276,1,0.8641972651762708,1.0708964681484305,0.48848991147914306,2.347682559134587,Rv0760c_p.Trp28*
smoked_substance_use,0.12545099175979155,1.1336596089366588,0.20416137359210743,0.25625841690412116,0.41703991061195284,1,0.5389049450654437,1.2920865818154328,0.5705669359385467,2.9260155640832686,Rv0760c_p.Trp28*
HIV_High_CD4,-0.08052521115595797,0.9226316426803053,0.19202012861536835,-0.21420732317555366,0.5107980116545185,1,0.6749543845580543,0.8071810203416085,0.2966052854250502,2.1966607866276857,Rv0760c_p.Trp28*
Lineage_2,0.394781379824794,1.4840597100593458,0.3167538308314737,0.78851767281212,0.6326691336161929,1,0.21264144040396726,2.2001326913867008,0.6366781289369282,7.602874419121145,Rv0760c_p.Trp28*
HIV_Low_CD4,0.24623193278515984,1.279196226682234,0.1448270825558104,0.8265490881116,0.4861542191800685,1,0.08909730210849082,2.2854183389941993,0.8813542161264135,5.92626311719129,Rv0760c_p.Trp28*
screen_years,-0.037642293060869296,0.9630573715895001,0.19134801187288866,-0.0029495911899377657,0.01499373083142734,1,0.8440453814504795,0.9970547545803576,0.9681804792158638,1.0267901542865647,Rv0760c_p.Trp28*
TTP_baseline,-0.015026589064863498,0.9850857467460261,0.22428196268651363,-0.042050409574237196,0.6276306852054955,1,0.946582776704699,0.9588214455733807,0.28021896931626405,3.280786331969669,Rv0760c_p.Trp28*
smear_pos_no_contam_sputum_specimen_1,-0.12477911245505013,0.8826918566895073,0.21887144013130988,-0.28411315984289526,0.4983546944002547,1,0.5686083120837544,0.7526814665704077,0.2834072379390287,1.9989940773511958,Rv0760c_p.Trp28*
diabetes,0.21698132217834132,1.2423208980728868,0.14774895088054396,1.0162568173223954,0.6919990950242828,1,0.14194643441543114,2.762833593337295,0.7117443533996675,10.724706740577053,Rv0760c_p.Trp28*
screen_sex,-0.027174059778446596,0.9731918332263018,0.19054954467851243,-0.055641206519312474,0.3901664548492487,1,0.8865990730538449,0.9458784500363003,0.4402760308177136,2.0321025439004616,Rv0760c_p.Trp28*
RIF_pred_MIC_high,0.6654331108995551,1.9453328837807138,0.2951000164259618,1.375405680279457,0.6099519729250374,1,0.024137035604960718,3.9566815450511412,1.1971237216957473,13.077452702025004,Rv0760c_p.Trp28*
underweight,0.2560472680197488,1.291813787976241,0.19856842564566124,0.5136331891517737,0.39833009943055236,1,0.1972360688405822,1.671352517147457,0.7656122337372978,3.6486084123018827,Rv0760c_p.Trp28*
bl_prevtb,0.24240538172068946,1.274310670376091,0.17195745868392198,0.5017772608723009,0.35595060634586484,1,0.1586335205356405,1.6516540839189846,0.8221165482036873,3.318217129781435,Rv0760c_p.Trp28*
Indel_Sample1,0.30488483576151065,1.356468777316816,0.14843842670445317,1.047712895407593,0.510097045147641,1,0.039980707843326094,2.8511228393413695,1.049108817242706,7.748387308743213,Rv0760c_p.Trp28*
peth_value_baseline,-0.23253002113057522,0.792525956464412,0.29004929701156407,-0.0006621023403059337,0.0008258818255884807,1,0.4227315034464806,0.9993381168010813,0.9977217980762484,1.000957053977496,Rv0760c_p.Trp28*
F2,0.09559574424263848,1.1003141657372912,0.14769770904421786,0.17388606832097514,0.2686581304344216,1,0.517477156859229,1.1899199885150376,0.7028061363034938,2.0146517025517157,Rv0760c_p.Trp28*
fstrom1_baseline,0.03855007663409113,1.0393027718395074,0.17738296389598474,0.08264805900694942,0.3802938657179809,1,0.8279536520702948,1.0861594772281251,0.5154503876690282,2.2887603505499525,lysX_p.Gly178Trp
high_lung_involvement,0.045005768596908115,1.0460338940391996,0.20123629447512253,0.09000645767928392,0.4024498766910374,1,0.8230324723156466,1.0941813495546298,0.4971911067267016,2.407993243473865,lysX_p.Gly178Trp
smoked_substance_use,0.12896840845683055,1.1376541833467766,0.20337537949257647,0.2634434349078149,0.4154343624945856,1,0.525989635694583,1.3014036788405492,0.5764924973343258,2.9378552940950313,lysX_p.Gly178Trp
HIV_High_CD4,-0.07352003830687875,0.9291175276628363,0.19122761992622103,-0.19557267071277273,0.5086898375503014,1,0.7006349505246925,0.8223635796451743,0.3034354332589054,2.228750445732517,lysX_p.Gly178Trp
Lineage_2,0.41511943261146445,1.5145516167453692,0.31334566914361817,0.8291399383809589,0.6258618325123061,1,0.18523845817460283,2.2913471927831437,0.67197999204728,7.813137325531839,lysX_p.Gly178Trp
HIV_Low_CD4,0.2610751061469175,1.2983251739731618,0.14577478660893511,0.8763745159838966,0.4893354634323864,1,0.07330159194464077,2.402174853531224,0.9206223514240938,6.2679816734968075,lysX_p.Gly178Trp
screen_years,-0.017528443024423877,0.9826242864610159,0.19038920407700316,-0.0013735013707736321,0.01491860015267155,1,0.9266453072983176,0.9986274414505294,0.9698504250349865,1.0282583180618343,lysX_p.Gly178Trp
TTP_baseline,-0.038677034648419095,0.9620613714661618,0.22709274809313373,-0.10823382080008723,0.6354963875989972,1,0.8647633390080177,0.8974177369633675,0.2582611871630516,3.118388029820344,lysX_p.Gly178Trp
smear_pos_no_contam_sputum_specimen_1,-0.1343311366303907,0.8743005037411181,0.21841839704618826,-0.30586243917303446,0.49732314753374496,1,0.5385431630438064,0.7364879243760735,0.27787111246716345,1.9520361722231019,lysX_p.Gly178Trp
diabetes,0.20847820397697034,1.2318020813818118,0.14851705721040379,0.9764314915575404,0.6955966087932649,1,0.1603985529127635,2.654965052102972,0.6791503078371546,10.378909273171223,lysX_p.Gly178Trp
screen_sex,-0.02667081667197772,0.9736817085604986,0.18930205859883661,-0.05461077331040843,0.38761212063657935,1,0.8879566350460157,0.9468536169386992,0.4429419438735363,2.0240390062627807,lysX_p.Gly178Trp
RIF_pred_MIC_high,0.6567347816289516,1.9284851177511952,0.2928636202407002,1.3574268161505647,0.6053294917677563,1,0.024931695702185366,3.8861805679440296,1.1864940872250438,12.72859221910415,lysX_p.Gly178Trp
underweight,0.26040129718020066,1.2974506454948773,0.19830857280736172,0.5223674119405528,0.397808832232202,1,0.18914532889071523,1.6860144193421185,0.773118013972695,3.6768573113728245,lysX_p.Gly178Trp
bl_prevtb,0.22430870136505338,1.2514572863773383,0.17238253676341317,0.4643172728337696,0.3568305146749205,1,0.19318098393426042,1.5909276484988484,0.7905252472488072,3.201733014304931,lysX_p.Gly178Trp
Indel_Sample1,0.2716947771640829,1.3121864309189055,0.14004150808329793,0.9992988079030588,0.5150754591063453,1,0.05236732342938589,2.7163764588168062,0.9898216127154726,7.4545766340375526,lysX_p.Gly178Trp
peth_value_baseline,-0.24489338526403276,0.7827879905280958,0.2908936027678217,-0.0006973055897058038,0.0008282858885754189,1,0.3998630569398538,0.9993029374713378,0.9976819746794782,1.0009265338883797,lysX_p.Gly178Trp
F2,0.08137042273540573,1.084772646604541,0.14699401307615703,0.14801059397751354,0.2673781265372937,1,0.5798780661281653,1.1595251802815922,0.6865742486361747,1.958271296043799,lysX_p.Gly178Trp
fstrom1_baseline,-0.01661753501983581,0.9835197745807844,0.17593023998228358,-0.0356265702894839,0.3771793502040428,1,0.9247475277902014,0.9650005860964669,0.4607569896446044,2.021078685935523,PPE13_c.-139G>A
high_lung_involvement,0.020226646687908544,1.0204325914866716,0.1963673952405765,0.04045101052299634,0.3927126277435997,1,0.9179597174533258,1.0412802966758286,0.48226978763837564,2.2482533304746943,PPE13_c.-139G>A
smoked_substance_use,0.08969376816837013,1.0938392640096546,0.20340965101660494,0.1832172286130835,0.41550436884821607,1,0.6592481892832186,1.201075287663498,0.5319762839111947,2.711740899481096,PPE13_c.-139G>A
HIV_High_CD4,-0.04437731179402321,0.956592955567976,0.18999142105533381,-0.11804930446831004,0.5054013910222627,1,0.815314669863518,0.8886522370084154,0.33001478298246906,2.392931586892006,PPE13_c.-139G>A
Lineage_2,0.47960217935476207,1.6154316222954945,0.2957069707956903,0.9579347296173744,0.5906311299424035,1,0.10482835116950984,2.6063081801046932,0.8189919590246924,8.294150210912921,PPE13_c.-139G>A
HIV_Low_CD4,0.3186627571333627,1.3752874408106455,0.1405275907881031,1.0696842133531084,0.4717217247438473,1,0.02335255919294846,2.914459007407563,1.1561859597287087,7.346630733910788,PPE13_c.-139G>A
screen_years,-0.023415542954465237,0.9768564735966585,0.19589022065020623,-0.0018348053104633312,0.015349651204577012,1,0.9048522996891316,0.9981668769157905,0.9685844833133874,1.0286527725113845,PPE13_c.-139G>A
TTP_baseline,-0.027868439199058483,0.9725163034091463,0.22403693861499033,-0.07798704532722786,0.6269450097991457,1,0.901004778837313,0.9249764092326267,0.2706911746582721,3.160728674353691,PPE13_c.-139G>A
smear_pos_no_contam_sputum_specimen_1,-0.1000677921955584,0.9047760791999382,0.2178189693185321,-0.22784724205683077,0.49595829325283963,1,0.6459411545428275,0.7962458834291418,0.3012220331009154,2.1047846346135284,PPE13_c.-139G>A
diabetes,0.283700754555159,1.328035462722705,0.15290763509660227,1.3287449030254217,0.7161603820436039,1,0.06354292715672029,3.7763007882858717,0.9278328759971557,15.369629609516238,PPE13_c.-139G>A
screen_sex,0.020365906363426303,1.020574706493465,0.1917155379802018,0.04170093137202782,0.3925539256441313,1,0.9154000148737267,1.0425826283645414,0.48302318477343775,2.2503651402931375,PPE13_c.-139G>A
RIF_pred_MIC_high,0.6196979841594217,1.8583667009024045,0.28022665108601924,1.2808742359068674,0.579209722744889,1,0.027006972676274308,3.5997854119971024,1.1567843456047593,11.202135524796152,PPE13_c.-139G>A
underweight,0.31401386931903524,1.368908722247515,0.19904469972506467,0.6299147277907465,0.39928550964135545,1,0.11465643403689872,1.877450478088319,0.8584125301653653,4.106207882351197,PPE13_c.-139G>A
bl_prevtb,0.25697647300296483,1.29301470564835,0.1717538559955778,0.531939306861713,0.3555291503594573,1,0.13460404173607218,1.7022302565351453,0.8479911977151899,3.417002268503384,PPE13_c.-139G>A
Indel_Sample1,-3.3599372528799836,0.03473743855058165,811.8039784626022,-28.241624394116208,6823.539047265938,1,0.996697682597484,5.430231762018608e-13,0.0,inf,PPE13_c.-139G>A
peth_value_baseline,-0.2299081470538451,0.7946065861073712,0.28725197357354937,-0.0006546368571233744,0.0008179167706424696,1,0.4234958825470272,0.9993455773708343,0.997744822472531,1.000948900477147,PPE13_c.-139G>A
F2,0.06367783489533146,1.065748996311385,0.14447279882929906,0.1158282561307017,0.2627921061421994,1,0.6593867339133834,1.1228030210379394,0.6708331663146991,1.8792848764136887,PPE13_c.-139G>A
fstrom1_baseline,0.03867852500039902,1.0394362771567358,0.17738889866192994,0.08292344129110739,0.3803065893473186,1,0.8273950926689594,1.0864586274943755,0.5155794955134914,2.2894478146019948,"mmpS5_c.-74G>T,Rv0678_c.-11C>A"
high_lung_involvement,0.04485956846922382,1.0458809749289981,0.20122855814016874,0.08971407392459284,0.4024344048942807,1,0.8235912017033722,1.093861475468606,0.4970608300998513,2.407216290356236,"mmpS5_c.-74G>T,Rv0678_c.-11C>A"
smoked_substance_use,0.1290058438199287,1.1376967726413783,0.20338463778579843,0.2635199040273427,0.4154532743862416,1,0.5258883671077981,1.3015031998391133,0.5765152130234426,2.9381888646233736,"mmpS5_c.-74G>T,Rv0678_c.-11C>A"
HIV_High_CD4,-0.07378999158490615,0.9288667431921389,0.1912424164648144,-0.19629078083305196,0.5087291982285145,1,0.6996112280353064,0.8217732440244426,0.30319422044729877,2.227322353302703,"mmpS5_c.-74G>T,Rv0678_c.-11C>A"
Lineage_2,0.4152835450874444,1.5148001939579459,0.3133689091356143,0.8294677288854062,0.625908250974122,1,0.18509734798559763,2.2920983977475307,0.6721391438109354,7.816409910556561,"mmpS5_c.-74G>T,Rv0678_c.-11C>A"
HIV_Low_CD4,0.2610107024561394,1.2982415597326895,0.14578691209887776,0.8761583262668217,0.4893761661655438,1,0.07339644590774323,2.401655584161646,0.920349919187266,6.267126692452283,"mmpS5_c.-74G>T,Rv0678_c.-11C>A"
screen_years,-0.0173556821248747,0.9827940601813718,0.19037680830340423,-0.0013599640969828998,0.014917628839246494,1,0.9273615668853846,0.9986409602351227,0.9698654006237443,1.0282702804099932,"mmpS5_c.-74G>T,Rv0678_c.-11C>A"
TTP_baseline,-0.038366560693545264,0.9623601128383001,0.2270716257668355,-0.10736499042825617,0.6354372788772397,1,0.8658262379412112,0.898197779562743,0.25851561738007517,3.120736996037369,"mmpS5_c.-74G>T,Rv0678_c.-11C>A"
smear_pos_no_contam_sputum_specimen_1,-0.1340312509694802,0.8745627332429854,0.2184183657688027,-0.30517962086285016,0.49732307631736367,1,0.5394502037684068,0.7369909835455275,0.27806095155497845,1.9533692407724161,"mmpS5_c.-74G>T,Rv0678_c.-11C>A"
diabetes,0.20842455629864506,1.231735999832566,0.14850904331784445,0.9761802265256738,0.6955590748116993,1,0.1604836161387304,2.654298036026968,0.6790296336992012,10.37553843662965,"mmpS5_c.-74G>T,Rv0678_c.-11C>A"
screen_sex,-0.026581007452827928,0.9737691580812727,0.18929008795947438,-0.05442688126958738,0.38758760973087175,1,0.8883244282403426,0.947027751793193,0.4430446884350982,2.0243139937741312,"mmpS5_c.-74G>T,Rv0678_c.-11C>A"
RIF_pred_MIC_high,0.6567908027604656,1.9285931566958034,0.2929107567063102,1.3575426080780146,0.605426919685734,1,0.02494264840328815,3.886630582335924,1.1864049097858125,12.732497277237352,"mmpS5_c.-74G>T,Rv0678_c.-11C>A"
underweight,0.26034079418158756,1.2973721482149567,0.19831714945041684,0.52224604236543,0.39782603705754027,1,0.18926727765737894,1.6858098009058697,0.7729981200779343,3.6765350535959374,"mmpS5_c.-74G>T,Rv0678_c.-11C>A"
bl_prevtb,0.22437253333284968,1.251537171908139,0.17239143630387746,0.4644494045122396,0.3568489366546863,1,0.1930772866941527,1.5911378743278086,0.7906011612872541,3.2022717130825864,"mmpS5_c.-74G>T,Rv0678_c.-11C>A"
Indel_Sample1,0.2715030811569079,1.3119349141275816,0.1399540116139126,0.9973235718236039,0.5140988977328153,1,0.05238637779605268,2.711016269592301,0.9897610266399577,7.425640145626484,"mmpS5_c.-74G>T,Rv0678_c.-11C>A"
peth_value_baseline,-0.24527100570916363,0.782492449583333,0.290974570448939,-0.0006983808202470169,0.0008285164346825246,1,0.3992679573408239,0.9993018629908771,0.997680451127873,1.0009259099425276,"mmpS5_c.-74G>T,Rv0678_c.-11C>A"
F2,0.0811421105760894,1.0845250080897453,0.1469896249763292,0.14759530034652696,0.2673701447026157,1,0.5809304660401229,1.1590437368363704,0.6862999143879822,1.957427584844737,"mmpS5_c.-74G>T,Rv0678_c.-11C>A"
fstrom1_baseline,0.02628452442269474,1.0266330090865128,0.17923029392162265,0.05635176671828929,0.3842543829022506,1,0.883406516342006,1.0579697768442384,0.49819038058933623,2.246731555498457,"Rv1894c_c.-381G>A,Rv1895_c.-271C>T"
high_lung_involvement,0.018654299375834293,1.0188293777789754,0.19690132447169803,0.037306493359677215,0.39378042594465024,1,0.9245218783645182,1.038011115602904,0.4797505684012516,2.245890150179078,"Rv1894c_c.-381G>A,Rv1895_c.-271C>T"
smoked_substance_use,0.10002073668898855,1.105193835898874,0.2021764303662966,0.20431210054187254,0.41298527221049003,1,0.620797736226482,1.2266809415054731,0.5460066307194481,2.7559118288911955,"Rv1894c_c.-381G>A,Rv1895_c.-271C>T"
HIV_High_CD4,-0.03451583088530044,0.9660730457738543,0.1905223674559716,-0.09181650858140306,0.5068137761075999,1,0.8562386996117254,0.9122725283687093,0.3378500041768085,2.463345140527798,"Rv1894c_c.-381G>A,Rv1895_c.-271C>T"
Lineage_2,0.5442517889102245,1.7233184938738382,0.30589867388315733,1.0870628047497666,0.6109875560841029,1,0.07520865622646868,2.9655508660359717,0.8954303841219634,9.821525039794532,"Rv1894c_c.-381G>A,Rv1895_c.-271C>T"
HIV_Low_CD4,0.31524997507217895,1.370601884442789,0.14133961050986948,1.0582282179073177,0.4744475050801462,1,0.025718033421232224,2.8812614966267662,1.1369260753761319,7.301853648837679,"Rv1894c_c.-381G>A,Rv1895_c.-271C>T"
screen_years,0.014110760828947893,1.0142107875451292,0.1901341307102094,0.001105697141167267,0.014898613002731825,1,0.9408394932952446,1.0011063086496115,0.9722959478536265,1.0307703569375863,"Rv1894c_c.-381G>A,Rv1895_c.-271C>T"
TTP_baseline,-0.027161377064928053,0.973204176017791,0.22435643734892577,-0.07600840252237859,0.6278390951143454,1,0.9036407339247141,0.9268084189981834,0.2707524302814058,3.172543436205318,"Rv1894c_c.-381G>A,Rv1895_c.-271C>T"
smear_pos_no_contam_sputum_specimen_1,-0.1031085596161894,0.9020290442391978,0.22004927464591686,-0.23477085309416695,0.5010365397759186,1,0.6393767943934338,0.7907520272501226,0.29618102933961254,2.1111708943492067,"Rv1894c_c.-381G>A,Rv1895_c.-271C>T"
diabetes,0.23691446994003817,1.267332718096264,0.14622724821742855,1.1096159926659268,0.6848720267135014,1,0.10519360619134493,3.0331934022550926,0.79238450908503,11.610855727237027,"Rv1894c_c.-381G>A,Rv1895_c.-271C>T"
screen_sex,-0.02602734091091863,0.9743084507640263,0.18780149534413704,-0.05329320177331854,0.38453958930961674,1,0.8897744334157743,0.9481019865416996,0.446204930329182,2.014539319906589,"Rv1894c_c.-381G>A,Rv1895_c.-271C>T"
RIF_pred_MIC_high,0.6227636096530464,1.8640724986881527,0.2798283836747075,1.2872106785161646,0.5783865306752191,1,0.026046363150883073,3.6226676651468175,1.1660172817887784,11.25516852714849,"Rv1894c_c.-381G>A,Rv1895_c.-271C>T"
underweight,0.29913401149004987,1.3486903513664354,0.19800131229854076,0.6000655952851137,0.39719246480806714,1,0.13084761553737145,1.8222383267128703,0.8365932146197858,3.9691363273253937,"Rv1894c_c.-381G>A,Rv1895_c.-271C>T"
bl_prevtb,0.23032595675303374,1.259010325971092,0.17173609159599998,0.4767729448370789,0.3554923781900528,1,0.1798677917056939,1.6108676467117562,0.8025353996849477,3.233370859704571,"Rv1894c_c.-381G>A,Rv1895_c.-271C>T"
Indel_Sample1,0.11300172921367087,1.1196338690331047,0.19899710827618738,0.4457594876746716,0.7849866515423464,1,0.5701326577989064,1.5616758190789775,0.3352810721172829,7.273990590923903,"Rv1894c_c.-381G>A,Rv1895_c.-271C>T"
peth_value_baseline,-0.23736063168120278,0.7887068040630042,0.2837472272118125,-0.0006758569451312653,0.0008079374107430369,1,0.4028616351023223,0.9993243713947294,0.9977431653175199,1.000908083339927,"Rv1894c_c.-381G>A,Rv1895_c.-271C>T"
F2,0.05326762416731494,1.0547118737390382,0.14362865739392255,0.0968923649126465,0.2612566357458198,1,0.7107340288257615,1.1017417811659136,0.6602338213884045,1.8384925355899955,"Rv1894c_c.-381G>A,Rv1895_c.-271C>T"
fstrom1_baseline,0.025259953747850786,1.0255816896790615,0.17928292525928033,0.05415517503845826,0.38436721997756007,1,0.8879533945331948,1.05564839972713,0.49698733656662497,2.2422976640513608,Rv2264c_p.Gly576fs
high_lung_involvement,0.018093527169497726,1.0182582067443062,0.19692524611396495,0.03618501223779235,0.3938282665293006,1,0.9267932384666461,1.036847658252118,0.4791679070991275,2.2435832001588953,Rv2264c_p.Gly576fs
smoked_substance_use,0.0996231616999294,1.1047545258067974,0.2022233826747087,0.20349997513841578,0.4130811815696342,1,0.6222675579855877,1.2256851271687326,0.5454608401132283,2.754192272814268,Rv2264c_p.Gly576fs
HIV_High_CD4,-0.03532199126597603,0.9652945497979807,0.1904848303207844,-0.09396099792474986,0.5067139225445643,1,0.8528901774498459,0.9103182658499115,0.3371922499777756,2.4575871633900497,Rv2264c_p.Gly576fs
Lineage_2,0.5387654898282112,1.7138897413311232,0.3048338835942174,1.0761047302164124,0.6088607942772506,1,0.07716011886180908,2.933231540807303,0.8893712752809042,9.67407820684257,Rv2264c_p.Gly576fs
HIV_Low_CD4,0.3147074622293687,1.369858516979529,0.14120516566973138,1.0564071157844468,0.4739962018768593,1,0.025832217524553776,2.876019200026249,1.135861769704527,7.282124162935153,Rv2264c_p.Gly576fs
screen_years,0.0144043584638099,1.0145086011501496,0.19009474113285385,0.0011287029924785881,0.014895526497078319,1,0.9395984012890922,1.0011293402174246,0.9723241986059683,1.030787835251994,Rv2264c_p.Gly576fs
TTP_baseline,-0.027795275012790728,0.9725874593761198,0.22423263730967902,-0.07778230265505891,0.6274926530619833,1,0.9013490742958785,0.9251658107629723,0.27045614941182095,3.1647709962082944,Rv2264c_p.Gly576fs
smear_pos_no_contam_sputum_specimen_1,-0.10445182289803055,0.9008181951715303,0.2198749610975502,-0.2378293680009973,0.5006396402303498,1,0.6347506137940931,0.7883371951695943,0.29550632673762417,2.1030870646626196,Rv2264c_p.Gly576fs
diabetes,0.23639793722995048,1.2666782683297095,0.146232757034204,1.1071967526929805,0.684897827886373,1,0.10596751422146788,3.0258642485960543,0.7904298851893858,11.583385980829949,Rv2264c_p.Gly576fs
screen_sex,-0.0259483625104679,0.9743854031257605,0.18773851617099402,-0.053131486758121224,0.3844106340777583,1,0.8900701490991059,0.9482553212667914,0.44638990392568256,2.014355939511767,Rv2264c_p.Gly576fs
RIF_pred_MIC_high,0.6190904652304453,1.8572380508274828,0.2795332866132196,1.2796185349624678,0.577776584809953,1,0.026778673824984077,3.595267994911655,1.158582456546765,11.156695738137412,Rv2264c_p.Gly576fs
underweight,0.3004318432643288,1.350441860894613,0.1979299221664012,0.6026690578346692,0.397049255542339,1,0.1290472348732805,1.8269886368970236,0.8390095557594859,3.978366463692217,Rv2264c_p.Gly576fs
bl_prevtb,0.2291166635093034,1.2574887335012854,0.1715795847500974,0.47426971719781147,0.3551684102323808,1,0.18176589182328196,1.606840321054739,0.8010374529200092,3.223239822252264,Rv2264c_p.Gly576fs
Indel_Sample1,0.09853769871517239,1.1035560062537748,0.18889552605749235,0.4264326120153059,0.817465940700915,1,0.6019127622684054,1.5317832996751604,0.30858091328108045,7.603710975560133,Rv2264c_p.Gly576fs
peth_value_baseline,-0.23785609608826166,0.788316124705836,0.2838977791938631,-0.0006772677227240122,0.0008083660900987981,1,0.40213010533654414,0.9993229615712927,0.9977409194264322,1.00090751224046,Rv2264c_p.Gly576fs
F2,0.054175388557085126,1.0556697383113847,0.14343809849814232,0.09854356373901144,0.2609100142781663,1,0.705659586214667,1.1035624786550395,0.6617743332747241,1.8402801122081067,Rv2264c_p.Gly576fs
fstrom1_baseline,0.011663214319032725,1.0117314948015856,0.17668646910511202,0.025004931492086005,0.3788006406040475,1,0.947369230909797,1.025320176870299,0.48800448557823867,2.1542454960258675,bioF2_p.Cys78Ser
high_lung_involvement,0.01602693703085727,1.0161560572645052,0.19504370459329717,0.03205206520338161,0.390065395845576,1,0.9345107309034953,1.0325712649385181,0.4807239595565571,2.2179119554603615,bioF2_p.Cys78Ser
smoked_substance_use,0.08696423445359464,1.090857663900171,0.20162346022274938,0.17764161714263693,0.41185572152625166,1,0.6662356970730021,1.1943971930436115,0.5328151295398754,2.6774477218438166,bioF2_p.Cys78Ser
HIV_High_CD4,-0.049052814888799846,0.9521308416860121,0.190204362250711,-0.13048673850982287,0.5059678417375201,1,0.7964876967389629,0.8776681320588744,0.3255740048742227,2.3659792812061275,bioF2_p.Cys78Ser
Lineage_2,0.3574074085272532,1.429618189866021,0.317622859558425,0.7138686686357762,0.6344048905297703,1,0.2604800621291351,2.0418753374455556,0.5888745722079557,7.080038925837785,bioF2_p.Cys78Ser
HIV_Low_CD4,0.31367071862125817,1.3684390608512091,0.14113385613015234,1.0529269843725844,0.47375683067002183,1,0.026249188039238446,2.8660276712678705,1.132446864861211,7.253421654780973,bioF2_p.Cys78Ser
screen_years,0.024536814584518347,1.0248403194832765,0.191589081647922,0.0019226664010771196,0.015012620681826433,1,0.8980935733315993,1.0019245159092611,0.9728731945925141,1.0318433493282433,bioF2_p.Cys78Ser
TTP_baseline,-0.03447857997553678,0.966109033543992,0.22380094624778782,-0.09648486447929526,0.626284608715811,1,0.8775631098441132,0.9080236409063609,0.2660741787397557,3.0987859714537906,bioF2_p.Cys78Ser
smear_pos_no_contam_sputum_specimen_1,-0.1326512280826428,0.8757704830003129,0.21808926251414318,-0.3020374069512379,0.49657373162532176,1,0.5430264385315149,0.7393104090238543,0.27934602389209723,1.9566409905377624,bioF2_p.Cys78Ser
diabetes,0.23241016159674602,1.2616370978051832,0.14629975551472565,1.0885195498235773,0.6852116229259498,1,0.11215324523396351,2.9698740657866507,0.7753268838832689,11.376042995511643,bioF2_p.Cys78Ser
screen_sex,-0.020877341948633738,0.9793390810259893,0.18873885458149292,-0.04274813938032194,0.38645891234539925,1,0.9119216793098187,0.9581526806078468,0.44924194243057114,2.0435682260408816,bioF2_p.Cys78Ser
RIF_pred_MIC_high,0.4659589737524838,1.5935416209744098,0.3027852789863562,0.9631059963487324,0.6258368960027547,1,0.12382652751466804,2.6198210039831054,0.7683485712297544,8.932745305852478,bioF2_p.Cys78Ser
underweight,0.31780607622015056,1.3741097628290722,0.19662791332276297,0.6375219299280995,0.3944374137529935,1,0.10603344551858675,1.8917870849736254,0.8732257240855048,4.09843443242697,bioF2_p.Cys78Ser
bl_prevtb,0.21853243473311215,1.2442493728690247,0.16933647181601374,0.4523604456871545,0.3505251838489475,1,0.19686949383561525,1.5720184737497283,0.7908426231766547,3.1248215629602076,bioF2_p.Cys78Ser
Indel_Sample1,-3.4058554730831174,0.033178424688713695,731.3367147458835,-16.3966205818864,3520.833671323226,1,0.9962842427833889,7.568993973102406e-08,0.0,inf,bioF2_p.Cys78Ser
peth_value_baseline,-0.2416962691642318,0.7852946595360951,0.2836034894241776,-0.0006882021713961339,0.0008075281340177318,1,0.3940847518194287,0.999312034585403,0.9977316483761419,1.0008949240935967,bioF2_p.Cys78Ser
F2,0.06152986079357558,1.063462251881456,0.14047632572077412,0.11192114944547528,0.2555226298543423,1,0.6613799355599222,1.1184246687627755,0.6778061120925764,1.8454742696776925,bioF2_p.Cys78Ser
fstrom1_baseline,0.007262735315191528,1.0072891729417268,0.17764090697887996,0.01557068180640094,0.38084687357158153,1,0.9673880835847787,1.0156925365044405,0.48148727591689555,2.142593128232288,PPE13_c.-170A>G
high_lung_involvement,0.020972839793737662,1.021194315412629,0.19671706211819365,0.04194331251659003,0.39341192203416003,1,0.9150950222162589,1.0428353613629247,0.4823284884446042,2.254699062906051,PPE13_c.-170A>G
smoked_substance_use,0.10470105352335296,1.1103786169587655,0.20175548869578386,0.21387257165301718,0.41212541574716993,1,0.6037954615934156,1.2384648292119564,0.5521815453211193,2.77770082356343,PPE13_c.-170A>G
HIV_High_CD4,-0.04088032025966002,0.9599440089230478,0.19017559131094536,-0.10874686135775773,0.5058913073714008,1,0.8297977868237347,0.8969574433518742,0.33277935577088646,2.4176158804100782,PPE13_c.-170A>G
Lineage_2,0.5008304852725041,1.6500910781576383,0.2966213148179428,1.0003351447216289,0.5924573974854578,1,0.0913247329996883,2.7191929989442136,0.8514112461009858,8.684417312277576,PPE13_c.-170A>G
HIV_Low_CD4,0.31034011351049867,1.363888912301588,0.14038939425801705,1.041746839758441,0.47125782790223636,1,0.02706586006325002,2.834163522237973,1.1253549192025822,7.137732935380159,PPE13_c.-170A>G
screen_years,0.021843483350109386,1.0220837988184572,0.18829798751887217,0.0017116211794762275,0.01475473569504829,1,0.9076486830523286,1.001713086839106,0.9731596506881641,1.0311043081524818,PPE13_c.-170A>G
TTP_baseline,-0.02930475337049672,0.9711204671302865,0.22326221797813725,-0.08200642716601694,0.6247770314279623,1,0.8955719199146067,0.9212660375475514,0.2707533805970396,3.1347018089562724,PPE13_c.-170A>G
smear_pos_no_contam_sputum_specimen_1,-0.11553541340627363,0.8908890222635453,0.21782468477395006,-0.26306591488568554,0.4959713069381175,1,0.5958308053175965,0.7686912274468449,0.29079061297429204,2.0319988912639877,PPE13_c.-170A>G
diabetes,0.23082964172533796,1.2596446302836244,0.14559336222654898,1.0811170043965945,0.6819031492397665,1,0.1128662407389069,2.9479706087914135,0.7746154168961461,11.219155365020526,PPE13_c.-170A>G
screen_sex,-0.022034076107993662,0.9782069009992673,0.18739489986887836,-0.0451166512910795,0.38370705037383984,1,0.9063996755830926,0.9558859699967016,0.45060297412576367,2.027767325347292,PPE13_c.-170A>G
RIF_pred_MIC_high,0.5941116610162908,1.811421074054488,0.2853871673232193,1.2279890193282172,0.5898761642392478,1,0.037363093306510296,3.414356422983733,1.0744973620844944,10.849565754684043,PPE13_c.-170A>G
underweight,0.3098853017976498,1.3632687406905954,0.19692028938053538,0.6216327831363943,0.3950239228305818,1,0.11556640380282933,1.8619657474872389,0.8584731465411329,4.038468132386244,PPE13_c.-170A>G
bl_prevtb,0.21961818721542622,1.2456010533766815,0.1710887077627913,0.4546079449080613,0.3541522986742657,1,0.19926410383295012,1.5755555573521602,0.7870072601314377,3.1541962063840367,PPE13_c.-170A>G
Indel_Sample1,0.023712559744628083,1.0239959379304244,0.1541371968400823,0.11951862143643185,0.776899055892775,1,0.8777354160928045,1.126954229378361,0.24581512555049287,5.166589453230774,PPE13_c.-170A>G
peth_value_baseline,-0.23771520363356283,0.788427200324399,0.2862087232839936,-0.0006768665477551459,0.0008149462361072671,1,0.4062189095483105,0.9993233624747312,0.9977284520588405,1.0009208224212376,PPE13_c.-170A>G
F2,0.051281016372514344,1.052618654800356,0.14621729713511972,0.09327877916706265,0.265965301288019,1,0.7258000313206302,1.0977677273866555,0.651809047101458,1.848845131331971,PPE13_c.-170A>G
fstrom1_baseline,0.02696599383878346,1.027332866522387,0.179256288538096,0.05781277871696647,0.3843101131311823,1,0.8804233039564637,1.0595166130804454,0.49886428113653114,2.250262237328288,aroG_c.786C>G
high_lung_involvement,0.018675227540788174,1.0188507002313725,0.19690936152842473,0.03734834732755625,0.39379649915101217,1,0.9244405282317021,1.0380545613959775,0.47975553435497187,2.2460549077016143,aroG_c.786C>G
smoked_substance_use,0.0998539941026676,1.1050095683833383,0.20219506920757427,0.2039714958913894,0.41302334572343513,1,0.6214122610428015,1.2262631994186246,0.5457799608881243,2.7551789036033134,aroG_c.786C>G
HIV_High_CD4,-0.034156803436529506,0.9664199547860073,0.1905288215840361,-0.09086144981603303,0.506830944910715,1,0.8577228105228353,0.9131442184346948,0.33816144551270205,2.4657818764540056,aroG_c.786C>G
Lineage_2,0.5462256445602922,1.72672343514562,0.30602359006497504,1.0910052907513839,0.611237057762797,1,0.074275344674824,2.9772655861988517,0.8985280734228832,9.865145712138684,aroG_c.786C>G
HIV_Low_CD4,0.3155150884572168,1.3709652975186197,0.14138816559616543,1.0591181480807548,0.47461049434740793,1,0.02564456614446886,2.883826759453271,1.1375748506816157,7.310689730487333,aroG_c.786C>G
screen_years,0.01381261748083093,1.0139084524170772,0.19017343279804758,0.0010823350948774113,0.014901692652843634,1,0.9420992097445365,1.0010829210308803,0.9722673646692784,1.0307524979207872,aroG_c.786C>G
TTP_baseline,-0.02707207894764546,0.9732910851987964,0.2244103742890928,-0.07575851065472104,0.6279900322575264,1,0.9039789683286742,0.9270400498250921,0.2707399923366711,3.1742752393633165,aroG_c.786C>G
smear_pos_no_contam_sputum_specimen_1,-0.1024334642481552,0.902638205466622,0.22010838414869816,-0.23323370898059115,0.5011711279075498,1,0.6416612263187986,0.7919684617521583,0.29655841351766066,2.1149763952750837,aroG_c.786C>G
diabetes,0.23715832557750197,1.2676418020085094,0.14622081937511783,1.1107581184098718,0.6848419164959022,1,0.10482069209819592,3.0366596696059625,0.7933368461887763,11.623438383469667,aroG_c.786C>G
screen_sex,-0.026209366672577346,0.9741311176662711,0.18781256289886405,-0.05366591505498729,0.38456225107246156,1,0.8890150284771815,0.9477486821836424,0.44601884389424373,2.0138780611561127,aroG_c.786C>G
RIF_pred_MIC_high,0.6238212794716296,1.8660451149140975,0.2798226791169857,1.2893968112055536,0.5783747397364071,1,0.025790961321443002,3.6305959603474824,1.168596144346532,11.279540062715396,aroG_c.786C>G
underweight,0.2987082574492782,1.3481162632184378,0.19798000155449902,0.5992115287393268,0.3971497152583062,1,0.13135502542005484,1.820682678327757,0.8359490525859594,3.96541560147515,aroG_c.786C>G
bl_prevtb,0.23074235179320185,1.2595346807881431,0.17177136834419446,0.4776348793420525,0.35556540078532634,1,0.17917132336187047,1.6122567076731906,0.8031124798228214,3.2366222126328505,aroG_c.786C>G
Indel_Sample1,0.11740219803072854,1.1245716392442622,0.19825249747051701,0.4633752020448356,0.7824835702586207,1,0.5537265682065418,1.5894295877843034,0.34291783310057994,7.36703131383431,aroG_c.786C>G
peth_value_baseline,-0.2372966466316461,0.7887572711214993,0.2836739057618458,-0.0006756747551032848,0.0008077286363947548,1,0.40286688837233475,0.9993245534616811,0.9977437553632785,1.0009078561336424,aroG_c.786C>G
F2,0.052981127959474975,1.0544097460681308,0.14368549819353435,0.09637123607406856,0.26136002762003996,1,0.7123291190337989,1.1011677813280067,0.6597561347396932,1.8379070974660423,aroG_c.786C>G
fstrom1_baseline,0.014719880148541286,1.0148287511176315,0.17621785007153404,0.031558160950995624,0.37779596157560996,1,0.9334283052303372,1.0320613995225867,0.4921812100248093,2.1641434306905567,ponA1_p.Glu141Gly
high_lung_involvement,0.012442002169218933,1.012519725889946,0.1968148149195586,0.024882600088876092,0.39360741660415366,1,0.9495938695902638,1.0251947556859542,0.4739877694333834,2.2174080321574614,ponA1_p.Glu141Gly
smoked_substance_use,0.10050613187954455,1.1057304218890456,0.20237114232656886,0.20530361604414074,0.4133830098289156,1,0.6194411010961325,1.2278978178515005,0.5461223767872866,2.7607970578941057,ponA1_p.Glu141Gly
HIV_High_CD4,-0.04459781869496015,0.9563820434745263,0.1905277766268668,-0.11863588092447055,0.5068281651914834,1,0.8149266342287707,0.8881311273787335,0.3289002284990229,2.3982254528028193,ponA1_p.Glu141Gly
Lineage_2,0.492771626841048,1.6368466668575947,0.2973469257703379,0.9842387617090506,0.5939066985132913,1,0.09747340412291133,2.6757742071560484,0.8354398072278859,8.570058005062931,ponA1_p.Glu141Gly
HIV_Low_CD4,0.30263076323274624,1.3534146417244406,0.14011707351634267,1.0158681636260118,0.4703437041403065,1,0.03078489034595492,2.7617600164870715,1.098572316979481,6.942937001760558,ponA1_p.Glu141Gly
screen_years,0.011006183670532294,1.0110669745304457,0.1901456795113251,0.0008624273323876314,0.014899517948718249,1,0.9538419027740026,1.000862799329772,0.9720577222693894,1.0305214599227432,ponA1_p.Glu141Gly
TTP_baseline,-0.013708330686528767,0.9863852006048374,0.22396479302760544,-0.03836139508835735,0.6267431175742759,1,0.9511939368233662,0.9623650840235312,0.28174430672680856,3.287188180329938,ponA1_p.Glu141Gly
smear_pos_no_contam_sputum_specimen_1,-0.11209527975719749,0.8939590772386206,0.2179997707261346,-0.2552329753648745,0.4963699651922157,1,0.6071128166625916,0.7747359825358612,0.2928483941020756,2.0495787401401766,ponA1_p.Glu141Gly
diabetes,0.23422703750521998,1.2639314194711662,0.14569291339702634,1.0970290957590467,0.6823694085226133,1,0.10790610148762855,2.995254179039141,0.7863208457871539,11.4095253166923,ponA1_p.Glu141Gly
screen_sex,-0.022800820740962725,0.9774571535771301,0.18795540608999364,-0.04668662636357288,0.3848547346970035,1,0.903445708555316,0.9543864302796569,0.44888522584200385,2.0291455496076924,ponA1_p.Glu141Gly
RIF_pred_MIC_high,0.605726759553656,1.8325835726558044,0.28022534785512165,1.2519966502134636,0.579207029053893,1,0.03065132096425961,3.497318913427367,1.1238628603640797,10.883213614029756,ponA1_p.Glu141Gly
underweight,0.3087979555642096,1.3617872011794137,0.19701161796595124,0.6194515565296297,0.395207128818096,1,0.11701891714453175,1.857908804422506,0.8562951315738542,4.031116140069927,ponA1_p.Glu141Gly
bl_prevtb,0.23200745354712782,1.2611291286786932,0.17194146383785827,0.4802536301647597,0.3559174971385158,1,0.17722786025071002,1.6164843393938078,0.8046629010755907,3.2473494378983,ponA1_p.Glu141Gly
Indel_Sample1,0.06418512102619706,1.0662897731488956,0.12457745729424603,0.5612057321280796,1.0892490659780294,1,0.6063974804558427,1.7527846154421174,0.207280318246666,14.821734808775005,ponA1_p.Glu141Gly
peth_value_baseline,-0.23393839436026717,0.791410569748253,0.2857427018938122,-0.000666112520182362,0.0008136192940996436,1,0.41295591038007373,0.999334109283511,0.997741776597894,1.0009289832312473,ponA1_p.Glu141Gly
F2,0.06284926796791018,1.0648663176697724,0.14331010322912438,0.11432111534225418,0.26067719435224235,1,0.6609844866958485,1.1211120733757158,0.6726051672672495,1.868692573646835,ponA1_p.Glu141Gly
fstrom1_baseline,0.0012522180686459436,1.0012530024210509,0.17757703801576166,0.00268464817357835,0.3807099439908023,1,0.9943736127458549,1.0026882550685121,0.4754502017772327,2.114593143707192,bioF2_c.-454C>G
high_lung_involvement,0.010807870843242176,1.0108664868604422,0.19613016920534282,0.02161452187092019,0.39223820244732444,1,0.9560543339948337,1.0218498077885128,0.47371081979435575,2.2042499053129325,bioF2_c.-454C>G
smoked_substance_use,0.12374045484745268,1.1317220998923332,0.2026938124416555,0.25276430757056295,0.41404212723974243,1,0.541544096384748,1.287579768265023,0.5719273249820005,2.8987278404604733,bioF2_c.-454C>G
HIV_High_CD4,-0.04847833488750155,0.9526779789578428,0.19022536499723838,-0.12895854849914828,0.5060237117197081,1,0.7988413892520401,0.8790104010908134,0.3260362202280691,2.369857203857109,bioF2_c.-454C>G
Lineage_2,0.5219779041846193,1.685357831530493,0.3019175029450703,1.0425739999431305,0.6030357533811466,1,0.08383130253417131,2.836508799286647,0.8699197107608965,9.248879027460054,bioF2_c.-454C>G
HIV_Low_CD4,0.31996695908206146,1.377082263522203,0.14058205672250307,1.0740621464636402,0.47190455549168026,1,0.022845073851978637,2.9272462844935303,1.1608427077456,7.381508927012212,bioF2_c.-454C>G
screen_years,0.022148163233680435,1.0223952546360329,0.19026000158470013,0.0017354954184573444,0.01490847604752209,1,0.9073276252136868,1.0017370022622119,0.9728896837166108,1.0314396775879284,bioF2_c.-454C>G
TTP_baseline,-0.04421268411928897,0.9567504502055505,0.22453389258852888,-0.1237247832869623,0.6283356858891509,1,0.8438989601778368,0.8836229952374587,0.2578853693002678,3.0276614754492277,bioF2_c.-454C>G
smear_pos_no_contam_sputum_specimen_1,-0.11567908339535604,0.8907610374414522,0.21908464214032236,-0.2633930412273439,0.4988401402034312,1,0.5974917569164495,0.7684398094227166,0.2890655644274719,2.0427882576576515,bioF2_c.-454C>G
diabetes,0.2231028253560229,1.2499490935888797,0.14673974265460296,1.044927576971774,0.687272352973797,1,0.1284109526991679,2.843192603577001,0.7392630388753325,10.934868586603564,bioF2_c.-454C>G
screen_sex,-0.01989553066902291,0.980301079355433,0.1879230876494934,-0.04073779699434006,0.384788559931918,1,0.915685018100145,0.9600808330278012,0.4516220975917662,2.040987832221967,bioF2_c.-454C>G
RIF_pred_MIC_high,0.5700111066036458,1.7682866909840795,0.28637855532701634,1.1781747872227164,0.5919252968559583,1,0.04654564843839375,3.2484396950298,1.0181859095950214,10.363883798433676,bioF2_c.-454C>G
underweight,0.3017335774235156,1.3522009218614137,0.19687492473986878,0.605280348604463,0.39493292094159266,1,0.12537059985342777,1.8317656698576246,0.844699823878736,3.9722578061655236,bioF2_c.-454C>G
bl_prevtb,0.23813131521297318,1.2688758045818573,0.17042876410275667,0.49292997633676594,0.352786220414321,1,0.1623388915775299,1.6371058812245496,0.8199447574822492,3.26865394513853,bioF2_c.-454C>G
Indel_Sample1,0.16592036694885776,1.1804790928282465,0.1552606489300725,0.7229220884469091,0.6764772441272802,1,0.2852242899380246,2.060445225735729,0.5471956039607808,7.758531862330969,bioF2_c.-454C>G
peth_value_baseline,-0.2816150401225293,0.7545641055348963,0.29287687533907386,-0.0008018662546191068,0.0008339330278329913,1,0.3362769322250081,0.9991984551542115,0.9975666205248798,1.0008329591634146,bioF2_c.-454C>G
F2,0.06516034846372411,1.067330155414234,0.14212718820822381,0.11852490813841017,0.25852550398389146,1,0.6466183663483418,1.1258349162046655,0.678293110050139,1.8686674532959253,bioF2_c.-454C>G
fstrom1_baseline,0.0070284814200040025,1.0070532391646672,0.17979743065406165,0.015068461540126683,0.38547027543010554,1,0.9688177475013499,1.015182563198488,0.47690431990583065,2.161011325763946,glpK_c.1102C>T
high_lung_involvement,0.019504755106250236,1.0196962156129785,0.19644595692447103,0.03900730883498599,0.3928697422446318,1,0.9209094890045006,1.039778083188818,0.48142576379877616,2.2457012972236794,glpK_c.1102C>T
smoked_substance_use,0.10504388472742794,1.1107593546576495,0.20199967298163402,0.21457287206825668,0.4126242103572966,1,0.6030495844569961,1.2393324304013924,0.5520284360871046,2.7823654953931842,glpK_c.1102C>T
HIV_High_CD4,-0.042865153923315906,0.9580405693692575,0.19049273546238463,-0.11402677183470153,0.50673495122859,1,0.8219617609928409,0.892234068819654,0.3304800363340403,2.4088645183935316,glpK_c.1102C>T
Lineage_2,0.49963527210779257,1.6481200457146539,0.29648068271919353,0.9979478824257958,0.5921765055769345,1,0.09194607131607868,2.71270931422999,0.8498488736630953,8.65894166781867,glpK_c.1102C>T
HIV_Low_CD4,0.31024324151047666,1.3637567960541315,0.14009181696592113,1.0414216607194102,0.4702589231840607,1,0.026789540885083576,2.8332420614953344,1.127193717306494,7.12145610446447,glpK_c.1102C>T
screen_years,0.02481855088529721,1.025129094881123,0.18956262898730794,0.0019447428168076705,0.014853831021884416,1,0.8958343719980668,1.00194663505556,0.9731975057443827,1.0315450394946246,glpK_c.1102C>T
TTP_baseline,-0.02793445166565347,0.9724521073280485,0.22294227184247226,-0.07817177462576277,0.623881694103681,1,0.9002868156143105,0.9248055547707862,0.27227098896615765,3.141228220393352,glpK_c.1102C>T
smear_pos_no_contam_sputum_specimen_1,-0.11924838106868028,0.8875873134951792,0.2177719228219254,-0.2715200780401226,0.49585117172787063,1,0.5839777027679383,0.7622199794310728,0.2884104856222653,2.0144180811956347,glpK_c.1102C>T
diabetes,0.22913373731906275,1.257510203807985,0.14586520046023707,1.0731740423153344,0.6831763346707563,1,0.11621528540884261,2.924647738985477,0.7665717569112512,11.158204460359652,glpK_c.1102C>T
screen_sex,-0.020749119495166335,0.9794646623367348,0.18757034968305153,-0.042485592963924804,0.38406629884181914,1,0.9119173175464624,0.9584042731864214,0.4514720980518399,2.034541569292111,glpK_c.1102C>T
RIF_pred_MIC_high,0.604046068940386,1.8295061534663857,0.27961108226508136,1.2485227752613157,0.5779373832128565,1,0.0307488310213634,3.4851907429248996,1.1227559347139702,10.818517309965348,glpK_c.1102C>T
underweight,0.3133708312637688,1.3680287448047377,0.1978864954278972,0.6286247875011005,0.3969621411030217,1,0.11328733186228268,1.875030240391471,0.8612187754025806,4.082282577663323,glpK_c.1102C>T
bl_prevtb,0.22037714591430901,1.2465467719667587,0.17097659060219852,0.45617898353079045,0.35392021702104626,1,0.19742183568758864,1.5780327613670964,0.7886032824025652,3.157718781440064,glpK_c.1102C>T
Indel_Sample1,-0.013005740047744923,0.9870784691264857,0.14589646709150056,-0.09683344905949944,1.086263300835031,1,0.9289677671158177,0.9077071730277959,0.10797339806364484,7.630882483483995,glpK_c.1102C>T
peth_value_baseline,-0.24247992938722546,0.7846794964190023,0.28645723731784417,-0.0006904335532414803,0.000815653851075052,1,0.39728579116478,0.999309804741159,0.9977135322335704,1.0009086311741342,glpK_c.1102C>T
F2,0.05550044792615974,1.0570694905613942,0.14256349138963015,0.10095381082485907,0.25931912764791265,1,0.6970517421616567,1.1062255449379321,0.6654429699452941,1.8389779613628312,glpK_c.1102C>T
fstrom1_baseline,-0.002974211697645338,0.9970302068882771,0.1760061966329056,-0.006376454869839883,0.37734219475042763,1,0.9865177209430651,0.9936438315770738,0.4742818250160148,2.081732868422334,bioF2_p.Glu189Gln
high_lung_involvement,-0.000270214237109619,0.9997298222674693,0.19839294236788146,-0.0005403979768588545,0.39676349338760286,1,0.9989132692994704,0.9994597480118294,0.45923989637694623,2.1751589872234254,bioF2_p.Glu189Gln
smoked_substance_use,0.10390380280281858,1.1094937195957302,0.201643429888585,0.21224402966499528,0.4118965135110846,1,0.6063539900068478,1.2364495786423764,0.5515304095083535,2.7719370213651913,bioF2_p.Glu189Gln
HIV_High_CD4,-0.0569249768879945,0.9446649384115641,0.1904515416743942,-0.15142769259420139,0.5066253705031226,1,0.7650203091216558,0.8594800267972187,0.3184164466053718,2.3199364365084443,bioF2_p.Glu189Gln
Lineage_2,0.49094223999522574,1.6338549784087109,0.29449915979453445,0.9805848308702124,0.5882187053233625,1,0.09550620789432776,2.6660149539390514,0.8417243895941722,8.444136611098441,bioF2_p.Glu189Gln
HIV_Low_CD4,0.3033422512942179,1.3543779227250785,0.13990097398379572,1.0182564802093237,0.4696183032162766,1,0.030138602655191336,2.7683638566249766,1.1027659452425573,6.949650989613959,bioF2_p.Glu189Gln
screen_years,0.025238341280399514,1.025559524567697,0.18941126272217576,0.001977636935372977,0.01484197019817302,1,0.8939986313123853,1.00197959374904,0.9732521434676336,1.0315549911993378,bioF2_p.Glu189Gln
TTP_baseline,-0.03605846675690576,0.9645838957422951,0.22362736462471006,-0.10090601993584745,0.6257988578701952,1,0.8719015938618104,0.9040179885622918,0.2651527396689104,3.082180197966989,bioF2_p.Glu189Gln
smear_pos_no_contam_sputum_specimen_1,-0.10737271089094652,0.898190845087066,0.21724820476983586,-0.2444800221119846,0.4946587029907691,1,0.62113682947311,0.7831116331255997,0.29700887317572106,2.064799692276584,bioF2_p.Glu189Gln
diabetes,0.22118745784606852,1.2475572730448283,0.1458569262163524,1.035956734365934,0.6831375813040078,1,0.1294008884529427,2.8178008333050024,0.7386224944704934,10.74974238615143,bioF2_p.Glu189Gln
screen_sex,-0.039394577855854616,0.9613712984721329,0.18764262329671028,-0.08066376022169935,0.3842142852338514,1,0.8337108190607416,0.922503821783126,0.43443457472302416,1.958898648310947,bioF2_p.Glu189Gln
RIF_pred_MIC_high,0.6144933373706583,1.8487196850520418,0.2777890807227547,1.270116579517578,0.5741714280330694,1,0.026960723035984163,3.561267709027735,1.1557636098854343,10.973375166761675,bioF2_p.Glu189Gln
underweight,0.29369648085377176,1.3413767083610193,0.19674996401957298,0.5891578585089238,0.3946822485802719,1,0.13550533892405933,1.8024698414206544,0.8315988265737975,3.906808698391887,bioF2_p.Glu189Gln
bl_prevtb,0.22372180367563835,1.2507230244769445,0.1705314411361342,0.46310239916670604,0.3529987610773911,1,0.18955069946255,1.5889960459565895,0.795517478975344,3.1739194936582047,bioF2_p.Glu189Gln
Indel_Sample1,-1.9490153765421412,0.14241422696365558,363.32181002568285,-15.640348795807329,2915.56439334375,1,0.9957198225475933,1.6124372515303325e-07,0.0,inf,bioF2_p.Glu189Gln
peth_value_baseline,-0.2347642233384533,0.7907572697602717,0.2851464145908846,-0.0006684639726808007,0.000811921434972278,1,0.4103310729248122,0.9993317593995859,0.99774275068393,1.0009232987762728,bioF2_p.Glu189Gln
F2,0.05582758078849621,1.0574153492973248,0.14282694286569497,0.10154885663679286,0.2597983387438585,1,0.695889119007052,1.1068839957002572,0.6652139700909573,1.8418016383057039,bioF2_p.Glu189Gln
fstrom1_baseline,-0.0289354665033363,0.9714791553905842,0.1755815573663546,-0.062035159246518805,0.3764318045716559,1,0.8691030813398981,0.9398498417978953,0.4494062828305206,1.9655215311278686,vapC27_p.Ala31Val
high_lung_involvement,0.0005299457705889579,1.0005300862166573,0.1983383276362238,0.0010598317295731601,0.39665427008830456,1,0.9978681122789649,1.0010603935496813,0.46007385319702254,2.178176187518948,vapC27_p.Ala31Val
smoked_substance_use,0.11446245504679878,1.1212705422236344,0.20801380741222805,0.2338121613371973,0.42490926722781996,1,0.5821384926236866,1.2634071532075215,0.5493636343267683,2.905539309554108,vapC27_p.Ala31Val
HIV_High_CD4,-0.0646300344045878,0.9374142102376825,0.19321823914081795,-0.171924127460377,0.5139851383300135,1,0.7380080175904257,0.8420430586902256,0.30748883935459487,2.3058934892616785,vapC27_p.Ala31Val
Lineage_2,0.5385189820190831,1.7134673061948198,0.30377813238849216,1.0756123671670965,0.6067520867080726,1,0.07627216226225471,2.931787681462185,0.8926150462045415,9.629435494865934,vapC27_p.Ala31Val
HIV_Low_CD4,0.2810306097611419,1.324494145764202,0.14213252357648115,0.9433609670448008,0.4771091483720886,1,0.04801411164657329,2.568599906626209,1.0082782967010069,6.543536146624648,vapC27_p.Ala31Val
screen_years,-8.23155283789402e-06,0.9999917684810413,0.1957857580931717,-6.450116014690714e-07,0.015341465682047629,1,0.9999664540006239,0.9999993549886066,0.97037822071667,1.0305246847348686,vapC27_p.Ala31Val
TTP_baseline,-0.08228030846574749,0.9210137545571639,0.23167194868689236,-0.23025323018711888,0.6483108233740724,1,0.7224707019159916,0.7943324280832929,0.22292517659532166,2.8303846875496466,vapC27_p.Ala31Val
smear_pos_no_contam_sputum_specimen_1,-0.171911723432466,0.8420535034806065,0.21851368556234566,-0.39143076110619535,0.4975401127043537,1,0.4314387283807558,0.6760888605189597,0.25497457036106846,1.792712687663453,vapC27_p.Ala31Val
diabetes,0.20399229937116478,1.226288710225649,0.14953467521610678,0.9554212447227421,0.7003627390082687,1,0.17251073993253474,2.5997654897844003,0.6588466320620093,10.258503683506417,vapC27_p.Ala31Val
screen_sex,0.00828121851061492,1.0083156026492772,0.19255866133092348,0.016956501646697205,0.39428029265963216,1,0.9656965823951169,1.0171010791409099,0.4696259877670159,2.202805279385053,vapC27_p.Ala31Val
RIF_pred_MIC_high,0.5468945771379223,1.727878883119256,0.28807735258852235,1.1303944687884224,0.5954365970375197,1,0.057639511680687684,3.0968778808761424,0.9640232981269002,9.948569321607232,vapC27_p.Ala31Val
underweight,0.31467214439730823,1.3698101374008156,0.20168960526946544,0.6312352336895496,0.40459121463982084,1,0.11871728488361925,1.879931300128923,0.8506547129442579,4.154613663365443,vapC27_p.Ala31Val
bl_prevtb,0.2661085972489914,1.304876757018849,0.17336159944197538,0.5508427332526198,0.358857166829192,1,0.12478589374315494,1.7347143034712569,0.858555125469207,3.504997670386277,vapC27_p.Ala31Val
Indel_Sample1,0.2886430386770254,1.3346152374682996,0.08583163110229114,2.3033668143549306,0.6849350381326484,1,0.0007712879728623813,10.007820269846603,2.61409722342996,38.31397916491302,vapC27_p.Ala31Val
peth_value_baseline,-0.23463567882397882,0.790858923802975,0.2912495259432937,-0.0006680979570435371,0.0008292993386508255,1,0.4204635035398764,0.9993321251707035,0.9977091332564579,1.0009577572359367,vapC27_p.Ala31Val
F2,0.07957208749145762,1.082823614754081,0.14225574194972637,0.14473947090011505,0.2587593397561314,1,0.5759164589860039,1.1557384275492724,0.6959903277290743,1.9191808559644525,vapC27_p.Ala31Val
fstrom1_baseline,0.010973645002569244,1.0110340762931083,0.1766535001682415,0.02352655400149352,0.37872995803016485,1,0.9504675875447035,1.0238054865181003,0.4873510744105196,2.1507650834511804,lipR_p.Ala156Val
high_lung_involvement,0.022009643877200485,1.0222536429115014,0.19736551505233998,0.04401680366604051,0.394708754715699,1,0.9112062500953262,1.0449999145704865,0.4821026889738473,2.2651290823054584,lipR_p.Ala156Val
smoked_substance_use,0.10664898975128058,1.1125436717031414,0.2022315006692442,0.2178516159554705,0.413097764176108,1,0.5979429783179921,1.243402552830108,0.553327557878159,2.7940952630536877,lipR_p.Ala156Val
HIV_High_CD4,-0.0412270802278571,0.9596111964753943,0.19011877399573254,-0.1096692870615299,0.5057401660725821,1,0.8283259656815484,0.8961304482303538,0.3325710364988874,2.4146714298983194,lipR_p.Ala156Val
Lineage_2,0.507309092945899,1.6608160748886935,0.2978253064779482,1.0132752095442283,0.5948621935329664,1,0.08849734074420441,2.75460817578375,0.8584444852611164,8.839087829641823,lipR_p.Ala156Val
HIV_Low_CD4,0.3106739542570256,1.364344310005176,0.1402627830791024,1.0428674733070435,0.4708328206609215,1,0.026764033577062984,2.8373413612271436,1.1275555980321694,7.139786290077569,lipR_p.Ala156Val
screen_years,0.021344793479072918,1.0215742230513334,0.18869536883614513,0.0016725446214211216,0.014785873873335643,1,0.9099372115827506,1.0016739441043,0.9730622361852529,1.031126944388422,lipR_p.Ala156Val
TTP_baseline,-0.025411156513486292,0.974908989431951,0.22358731770153562,-0.07111058501265075,0.6256867905530945,1,0.9095136264539144,0.9313588920977023,0.27323196386181386,3.1746995250093013,lipR_p.Ala156Val
smear_pos_no_contam_sputum_specimen_1,-0.11620544132872673,0.890292301674874,0.21759848206092544,-0.2645915207862701,0.49545625945702876,1,0.5933165689067486,0.7675194016739639,0.2906405655372241,2.0268541346149824,lipR_p.Ala156Val
diabetes,0.23186145684670426,1.2609450214269506,0.14589680815804593,1.085949628425141,0.6833243729353206,1,0.11201176693800025,2.9622515217391086,0.7762027382527839,11.304951201019792,lipR_p.Ala156Val
screen_sex,-0.025046820798215956,0.9752642483087579,0.18802491216901773,-0.0512855031617735,0.38499705432568093,1,0.8940272088989243,0.9500074016933222,0.4467009768580046,2.020398678373575,lipR_p.Ala156Val
RIF_pred_MIC_high,0.6024514102256702,1.8265910404580612,0.27970803636091085,1.2452267224824536,0.5781377808365185,1,0.0312513043873444,3.4737222810024564,1.1186219141877942,10.787153668712357,lipR_p.Ala156Val
underweight,0.31361668192628356,1.3683651169249471,0.19733813565315092,0.6291179662052482,0.39586212632026774,1,0.11200733603764886,1.8759551934404903,0.8635033134022044,4.075500155211522,lipR_p.Ala156Val
bl_prevtb,0.2234853885222437,1.250427369551288,0.17104274827996274,0.4626130216320284,0.3540571629011194,1,0.1913467418725575,1.5882186172325985,0.7934805379793307,3.1789543100172843,lipR_p.Ala156Val
Indel_Sample1,0.03338365528288454,1.0339471424404052,0.17828405323803456,0.19806427955171355,1.057754229155805,1,0.8514647718656382,1.2190407506962186,0.15334025864842535,9.691260240177375,lipR_p.Ala156Val
peth_value_baseline,-0.2428261307304372,0.7844078863419508,0.28615274761755866,-0.0006914193215239716,0.0008147868518713453,1,0.39610991949517294,0.9993088196537346,0.9977142441213178,1.0009059436825207,lipR_p.Ala156Val
F2,0.05491531707162738,1.0564511475105232,0.14234584956667415,0.0998894736563584,0.25892324306962045,1,0.6996537016785577,1.1050487743251491,0.6652510721203787,1.8355968818589852,lipR_p.Ala156Val
fstrom1_baseline,0.026946770927400714,1.0273131183835422,0.1792987494678055,0.05777156644314075,0.3844011457238651,1,0.8805359900016786,1.0594729488914207,0.49875472617065736,2.2505710132330785,bioF2_p.Asp93fs
high_lung_involvement,0.01869025074002172,1.0188660067434074,0.1969052937627523,0.03737839203045051,0.3937883640787701,1,0.9243783695075802,1.038085749905385,0.4797775984122742,2.246086577870236,bioF2_p.Asp93fs
smoked_substance_use,0.09989712500150104,1.1050572294670675,0.2021880301618191,0.2040595992670556,0.4130089670828486,1,0.6212494616673633,1.2263712421053414,0.5458434305974694,2.755344003713234,bioF2_p.Asp93fs
HIV_High_CD4,-0.03426742628070257,0.9663130525749656,0.1905197725000099,-0.09115572067844013,0.506806873194061,1,0.8572602532028424,0.9128755462311733,0.3380778991294788,2.4649400775757466,bioF2_p.Asp93fs
Lineage_2,0.5458496208438968,1.7260742682410743,0.3059807412817144,1.090254238749119,0.6111514736279158,1,0.07443429838889055,2.975030344415542,0.8980041056831307,9.856085839897428,bioF2_p.Asp93fs
HIV_Low_CD4,0.3154135075463913,1.370826040688025,0.14137496545592124,1.0587771622132327,0.47456618423799857,1,0.02567833682378304,2.882843582918093,1.137285784541573,7.307562651828988,bioF2_p.Asp93fs
screen_years,0.013782184820488756,1.013877596955036,0.19017904128297689,0.0010799504392272762,0.014902132124947782,1,0.9422282570677801,1.0010805337956827,0.9722642086895311,1.03075092777036,bioF2_p.Asp93fs
TTP_baseline,-0.027259159118904402,0.9731090187669332,0.22440414109993265,-0.07628203584002419,0.627972589299846,1,0.9033159937108213,0.9265548480299859,0.2706075414833745,3.172505399154274,bioF2_p.Asp93fs
smear_pos_no_contam_sputum_specimen_1,-0.10256938396121082,0.9025155274781093,0.2200992649679117,-0.23354318849524214,0.5011503641818152,1,0.6412053328776277,0.7917234016594916,0.29647871426222794,2.114235911657606,bioF2_p.Asp93fs
diabetes,0.23715231301696393,1.2676341802583475,0.14622997967952125,1.1107299578955243,0.6848848198283425,1,0.10485125824673215,3.0365741569118145,0.7932477995216827,11.624088482797804,bioF2_p.Asp93fs
screen_sex,-0.026142726785337158,0.9741960358171547,0.18780425889346972,-0.05352946419859755,0.3845452479127257,1,0.8892905351101619,0.9478780121263586,0.4460945738128335,2.01408575359535,bioF2_p.Asp93fs
RIF_pred_MIC_high,0.6236483683099161,1.8657224827796204,0.2798019436082081,1.2890394154130855,0.5783318808282929,1,0.02582107854892988,3.629298632470674,1.168276700985897,11.2745623982212,bioF2_p.Asp93fs
underweight,0.2987430793974614,1.3481632080704515,0.19799396185648413,0.5992813818896305,0.3971777197532793,1,0.1313372617714516,1.8208098631906215,0.8359615629486804,3.965910282044605,bioF2_p.Asp93fs
bl_prevtb,0.2307866340433311,1.2595904570528644,0.1717943200553685,0.47772654325651426,0.35561291064951944,1,0.1791459823971393,1.6124045002076508,0.8031113123324186,3.2372203359199747,bioF2_p.Asp93fs
Indel_Sample1,0.11659702208639905,1.1236665256494136,0.19859921037405442,0.4617232751853734,0.7864512851382153,1,0.5571384896820277,1.586806133830631,0.33969982489652667,7.412290268708522,bioF2_p.Asp93fs
peth_value_baseline,-0.23732116270853706,0.7887379341246268,0.2836965834047433,-0.0006757445617966559,0.0008077932083599661,1,0.40285589554462786,0.9993244837021409,0.9977435594409265,1.0009079129371994,bioF2_p.Asp93fs
F2,0.0531407036346973,1.0545780176409885,0.1436491706145582,0.09666149990311146,0.26129394873828815,1,0.7114317122320826,1.1014874568975166,0.6600331427053778,1.8382025677218659,bioF2_p.Asp93fs
fstrom1_baseline,-0.006284909991018204,0.9937347987449531,0.17907922498873696,-0.01347430815044565,0.38393050406284485,1,0.9720034336128255,0.9866160639836009,0.46488544030646906,2.0938734004420207,vapC21_p.Ser92*
high_lung_involvement,0.022432045900729183,1.0226855361286895,0.1967560893685117,0.04486156003927111,0.39348997213003883,1,0.9092303330257309,1.045883057876295,0.48366410379768676,2.261634390817285,vapC21_p.Ser92*
smoked_substance_use,0.09989841291833021,1.105058652689787,0.20199381612636735,0.20406223009143665,0.41261224657416806,1,0.6209095158258533,1.2263744684769495,0.5462694576613277,2.753209640112364,vapC21_p.Ser92*
HIV_High_CD4,-0.03538247481126119,0.9652361671269778,0.19037227570782142,-0.09412189186275653,0.5064145129310065,1,0.8525550302602809,0.910171812941288,0.3373359036028172,2.4557502484177096,vapC21_p.Ser92*
Lineage_2,0.5085005625570952,1.6627960660871484,0.298577146029039,1.0156549946431703,0.5963638823244118,1,0.08855322559448989,2.7611713576576355,0.857960913071017,8.886264106203907,vapC21_p.Ser92*
HIV_Low_CD4,0.30863594137726547,1.36156659020476,0.14097423026496184,1.0360262904097985,0.47322100003335393,1,0.02857449670584958,2.817996835199845,1.1146385407066852,7.124377879632304,vapC21_p.Ser92*
screen_years,0.02677983373067994,1.0271416359252035,0.1871788642857226,0.002098425871991434,0.014667042949454529,1,0.886234249544374,1.0021006291084014,0.9737034867566009,1.0313259472906435,vapC21_p.Ser92*
TTP_baseline,-0.04405975765162293,0.956896773860433,0.22520756216875285,-0.12329683383201014,0.6302208829650703,1,0.8448914277322211,0.8840012221418801,0.25704424053334585,3.0401698910929706,vapC21_p.Ser92*
smear_pos_no_contam_sputum_specimen_1,-0.1172737196124501,0.8893417295709974,0.2179084732773599,-0.26702391442017676,0.496162087398035,1,0.5904536179286863,0.7656547610567672,0.2895336551020347,2.024729086925326,vapC21_p.Ser92*
diabetes,0.2289211156041313,1.25724285825465,0.14554562776489846,1.072178204216734,0.6816795794339116,1,0.1157540721471168,2.921736713037853,0.7680586201168711,11.114445169581298,vapC21_p.Ser92*
screen_sex,-0.024399906893337646,0.9758953644288063,0.18791412846092612,-0.049960891731791336,0.3847702152287201,1,0.8966882304560562,0.9512666261636169,0.4474919832719386,2.0221774420097316,vapC21_p.Ser92*
RIF_pred_MIC_high,0.5839653628138697,1.793134781631819,0.28355418163080365,1.207017300378804,0.5860875055567676,1,0.03945125023864582,3.343497117459249,1.0600402697140332,10.545800281223329,vapC21_p.Ser92*
underweight,0.303299286342271,1.354319733192775,0.19756608600234238,0.6084211751848181,0.39631939683023637,1,0.12473989006570928,1.8375279726223468,0.845057531795895,3.995596658364692,vapC21_p.Ser92*
bl_prevtb,0.21288776891085184,1.2372457860091404,0.1714031575136083,0.4406760311963209,0.3548032072206309,1,0.21422569761498977,1.5537572519174818,0.7751292599101004,3.1145277603972272,vapC21_p.Ser92*
Indel_Sample1,0.07111912205651236,1.0737091206892115,0.10430189923987085,0.5579150844698331,0.8182272396239174,1,0.4953285169779984,1.7470262983443332,0.35141731280334787,8.685118165520345,vapC21_p.Ser92*
peth_value_baseline,-0.2297193804391217,0.7947565954606011,0.28438589751915716,-0.0006540993660210544,0.0008097559505733814,1,0.4192210059627405,0.9993461145103347,0.9977613177298987,1.000933428506853,vapC21_p.Ser92*
F2,0.04876543363100872,1.0499740332557426,0.14462251947881713,0.08870300232760153,0.26306444394653805,1,0.7359728084781135,1.0927560621199053,0.6525328257285788,1.8299704845752771,vapC21_p.Ser92*
fstrom1_baseline,0.010814707659375108,1.010873397992373,0.17800379078200132,0.023185805965026576,0.3816248653316944,1,0.9515539380572774,1.023456686238725,0.4844286199788622,2.1622661118834343,espK_p.Pro268fs
high_lung_involvement,0.019678049839695334,1.019872938909024,0.19703350316268325,0.039353878743203057,0.3940447684084534,1,0.9204462690537004,1.0401385014351268,0.4804848043979901,2.2516593496088437,espK_p.Pro268fs
smoked_substance_use,0.10496693415919316,1.1106738843826718,0.20462714531877751,0.21441568534124,0.41799134131521676,1,0.6079745369771627,1.2391376391026763,0.5461660167424852,2.8113468095268135,espK_p.Pro268fs
HIV_High_CD4,-0.041657451424259875,0.9591982963132272,0.19017984508126617,-0.1108141292870877,0.5059026229425213,1,0.8266170121623554,0.8951051072924021,0.3320847571792255,2.4126766910548967,espK_p.Pro268fs
Lineage_2,0.5012568257450621,1.6507947287543696,0.2963516762252258,1.001186697034953,0.591918834102038,1,0.0907555373618112,2.721509520212378,0.8530365364055053,8.682645763118577,espK_p.Pro268fs
HIV_Low_CD4,0.3102547872786472,1.3637725417648376,0.14035331860532604,1.0414604174478532,0.47113672948296353,1,0.027068615234924726,2.8333518708164362,1.1252996951488894,7.133995377824057,espK_p.Pro268fs
screen_years,0.022736347870245678,1.022996788706514,0.18837660293023673,0.0017815846463177239,0.014760895875682856,1,0.9039316364595974,1.001783172611135,0.9732159882727919,1.0311889005316373,espK_p.Pro268fs
TTP_baseline,-0.02798501550208815,0.972402937661867,0.2232906130795828,-0.07831327247484517,0.6248564922850159,1,0.9002622923480691,0.9246747060315925,0.2717128434784134,3.1467901959612017,espK_p.Pro268fs
smear_pos_no_contam_sputum_specimen_1,-0.11697668647442107,0.8896059327723226,0.21875920459382586,-0.2663475911016095,0.4980991420680265,1,0.5928379108576971,0.7661727663754349,0.2886316502916574,2.0338057428636533,espK_p.Pro268fs
diabetes,0.2304956745925937,1.2592240206169834,0.14651862303654326,1.0795528311672786,0.6862367139748227,1,0.11568424331832984,2.943363076513067,0.7668635356299615,11.297168006643686,espK_p.Pro268fs
screen_sex,-0.022058335225150532,0.9781831708512898,0.18754550516580484,-0.045166323903810424,0.38401542757244433,1,0.906371998224728,0.955838489822341,0.4503083397327699,2.028892512112999,espK_p.Pro268fs
RIF_pred_MIC_high,0.6028615940332948,1.8273404322096831,0.27984380381518453,1.2460745449453348,0.5784184030729933,1,0.031218308749721188,3.4766686295958746,1.118955103932062,10.802242840254243,espK_p.Pro268fs
underweight,0.3111560447188405,1.3650022059535998,0.19676517662136764,0.6241819051959699,0.39471276520025195,1,0.11379636921672243,1.866718180140338,0.8611893338088246,4.0463073882427,espK_p.Pro268fs
bl_prevtb,0.2219016994041932,1.2484486485862114,0.17117874134781777,0.45933479743548683,0.35433866749726955,1,0.1948667226748393,1.583020605311561,0.7904473490334417,3.1702987427375886,espK_p.Pro268fs
Indel_Sample1,0.005246680791722553,1.0052604687244682,0.19122159473414796,0.03354507426878114,1.2225905961863908,1,0.9781106291320786,1.0341140546106427,0.09416671892634232,11.35636762261778,espK_p.Pro268fs
peth_value_baseline,-0.24117467621319916,0.7857043705368889,0.2856195016076138,-0.0006867169957964987,0.0008132684955342725,1,0.3984506768257009,0.9993135187403553,0.9977219048495882,1.0009076716500263,espK_p.Pro268fs
F2,0.0559777589731902,1.0575741619397485,0.142645178010294,0.10182202668521821,0.2594677133973537,1,0.6947430518711295,1.1071864045576043,0.6658270367672088,1.8411113798999867,espK_p.Pro268fs
fstrom1_baseline,0.011786124976159858,1.01185585502689,0.17806384121735747,0.025268441402565477,0.3817536083163534,1,0.9472262034869948,1.025590394499267,0.48531608345077387,2.1673208310143517,Rv1894c_p.Asp114His
high_lung_involvement,0.02028491500574221,1.0204920521095586,0.19705823367376996,0.04056754058228966,0.39409422663945154,1,0.9180116363389526,1.041401644200721,0.48102167373750593,2.2546123049245117,Rv1894c_p.Asp114His
smoked_substance_use,0.1064125989045925,1.1122807076449828,0.20460368979256802,0.21736874098339454,0.4179434287724,1,0.6029999422274227,1.2428022897947926,0.5478327019888047,2.819396370300551,Rv1894c_p.Asp114His
HIV_High_CD4,-0.041450180034125365,0.9593971312832071,0.19018455020362748,-0.11026276097629123,0.5059151391675862,1,0.8274702923630064,0.8955987759675205,0.3322597577976577,2.4140665509152286,Rv1894c_p.Asp114His
Lineage_2,0.5006451535191545,1.649785292221734,0.2965169496495369,0.9999649718352728,0.5922489434298218,1,0.09133063043223169,2.7181866137029917,0.8514439320273444,8.67765708227145,Rv1894c_p.Asp114His
HIV_Low_CD4,0.3099668211584742,1.3633798780168287,0.14039524566311296,1.040493775423223,0.47127746984506436,1,0.027257126369497554,2.830614357138583,1.1239023919535671,7.1290689442451995,Rv1894c_p.Asp114His
screen_years,0.022664916230416117,1.022923716978204,0.18831640911862818,0.0017759873747810676,0.014756179182783137,1,0.9042015381952437,1.0017775653743897,0.9732195378672368,1.0311735959254256,Rv1894c_p.Asp114His
TTP_baseline,-0.02759734752504776,0.9727799802205195,0.22334201505182585,-0.07722842233733244,0.625000335573497,1,0.9016593818413359,0.9256783838351513,0.27193109543453065,3.151094099519625,Rv1894c_p.Asp114His
smear_pos_no_contam_sputum_specimen_1,-0.11588478502055863,0.8905778252925477,0.21884042449404406,-0.2638614091903087,0.4982840740012572,1,0.5964308195604024,0.7680799811071217,0.28924527502578723,2.039607586761514,Rv1894c_p.Asp114His
diabetes,0.23122084399242085,1.2601375025187922,0.1465185220920409,1.0829492449179616,0.6862362411897106,1,0.11454269422064453,2.9533769513441173,0.7694732626504784,11.335592593153825,Rv1894c_p.Asp114His
screen_sex,-0.022496516121712027,0.9777546435655764,0.18753332115902063,-0.046063536685307785,0.3839904797787308,1,0.9045147545504771,0.9549812839177758,0.4499264979454422,2.0269738652819473,Rv1894c_p.Asp114His
RIF_pred_MIC_high,0.6035205009724897,1.828544876265434,0.2800181807629423,1.247436461465718,0.5787788285470604,1,0.03113911540154917,3.481406787794015,1.1196888144938102,10.824608645909844,Rv1894c_p.Asp114His
underweight,0.3108435090631737,1.3645756607529393,0.19670956622727845,0.6235549557784452,0.39460121023508116,1,0.11405751921995666,1.8655482090592832,0.860837777068238,4.042887304710397,Rv1894c_p.Asp114His
bl_prevtb,0.22253108073537012,1.2492346461787243,0.1711982294445782,0.46063761191163577,0.3543790077064788,1,0.19365426261709962,1.5850843315064824,0.7914152503938412,3.1746827430189537,Rv1894c_p.Asp114His
Indel_Sample1,0.013199785692535078,1.0132872874412762,0.18742093688152325,0.08352952070611525,1.186017818217931,1,0.9438525643610488,1.087117307289727,0.10634968619480348,11.112623667211277,Rv1894c_p.Asp114His
peth_value_baseline,-0.24130993988632204,0.7855981004651436,0.2854351656837411,-0.0006871021434608631,0.0008127436203116878,1,0.3978815789480161,0.9993131338571617,0.9977225469725064,1.0009062564834872,Rv1894c_p.Asp114His
F2,0.05614289311091657,1.0577488179575008,0.14269500663207388,0.1021224012069326,0.25955835031011376,1,0.6939895127550492,1.107519025097189,0.6659087583593136,1.8419916776201564,Rv1894c_p.Asp114His
fstrom1_baseline,0.026872690916033184,1.027237017834854,0.1792476669310814,0.05761274525041387,0.3842916291449625,1,0.8808282574816314,1.0593046954954721,0.4987825711063734,2.2497306499898597,"espA_c.-661T>C,ephA_c.-697A>G"
high_lung_involvement,0.018641863339643454,1.0188167076587442,0.19690994798178743,0.037281622690871756,0.39379767199154836,1,0.9245753396854551,1.0379852998932597,0.4797224211579082,2.2459102082282127,"espA_c.-661T>C,ephA_c.-697A>G"
smoked_substance_use,0.09985164542367053,1.1050069730736212,0.20219738541712629,0.20396669825086733,0.4130280770387057,1,0.6214244607124471,1.226257316262721,0.5457722813552537,2.7551912346187084,"espA_c.-661T>C,ephA_c.-697A>G"
HIV_High_CD4,-0.03419904629155281,0.9663791313102218,0.19052811735940514,-0.09097382119349282,0.5068290715834558,1,0.8575482111426304,0.913041612926119,0.3381246894547991,2.4654957562516926,"espA_c.-661T>C,ephA_c.-697A>G"
Lineage_2,0.5459633586288603,1.726270599269943,0.30600141634362754,1.0904814132261675,0.6111927690195886,1,0.07439349124405883,2.9757062721520966,0.8981354367090116,9.859123085680242,"espA_c.-661T>C,ephA_c.-697A>G"
HIV_Low_CD4,0.3154714975861722,1.3709055372496395,0.14138152588667036,1.0589718226456077,0.4745882062316205,1,0.02565803376955677,2.8834048131192986,1.1374580942495371,7.309300763123842,"espA_c.-661T>C,ephA_c.-697A>G"
screen_years,0.013855103934662907,1.013951530706846,0.19016769189032315,0.0010856642669263045,0.014901242804296447,1,0.9419196759525131,1.0010862538137073,0.972271458758681,1.0307550206752525,"espA_c.-661T>C,ephA_c.-697A>G"
TTP_baseline,-0.027035926406207805,0.9733262727811414,0.22440280177232075,-0.07565734137618146,0.6279688413252131,1,0.9041033566299862,0.9271338425425011,0.27077863043294426,3.174464545497024,"espA_c.-661T>C,ephA_c.-697A>G"
smear_pos_no_contam_sputum_specimen_1,-0.10248553825568167,0.9025912027017385,0.22010696769484403,-0.2333522777901694,0.5011679027429181,1,0.6414896974511004,0.7918745645611739,0.29652512741475484,2.114712272332528,"espA_c.-661T>C,ephA_c.-697A>G"
diabetes,0.23708785435479837,1.267552472888375,0.1462121301122112,1.1104280583854484,0.6848012193401392,1,0.10490329009764321,3.035657555029325,0.7931383027396672,11.618675784003006,"espA_c.-661T>C,ephA_c.-697A>G"
screen_sex,-0.026175212021980834,0.9741643893424182,0.1878130661181114,-0.05359598049302158,0.3845632814568169,1,0.889159018646379,0.9478149648902835,0.44604913631307114,2.0140229731090358,"espA_c.-661T>C,ephA_c.-697A>G"
RIF_pred_MIC_high,0.623648568633306,1.8657228565275101,0.2798242543268419,1.289039829468118,0.5783779955896977,1,0.025832860333208734,3.6293001352003484,1.168171596774624,11.2755861448209,"espA_c.-661T>C,ephA_c.-697A>G"
underweight,0.29872740328533326,1.3481420742784829,0.19798871100450158,0.599249935463632,0.39716718649561006,1,0.13134727189901876,1.820752606128271,0.8359525332580372,3.965703698273968,"espA_c.-661T>C,ephA_c.-697A>G"
bl_prevtb,0.23066265879443923,1.2594343086919153,0.17175864471404334,0.4774699154524476,0.3555390629695556,1,0.17928932056600444,1.6119907654716845,0.8030214580289106,3.23592128452492,"espA_c.-661T>C,ephA_c.-697A>G"
Indel_Sample1,0.11671757201512441,1.1238019917340412,0.19799979652566443,0.4604304611019367,0.7810746577266705,1,0.5555371164970253,1.5847560140105612,0.3428549740944453,7.325113571929159,"espA_c.-661T>C,ephA_c.-697A>G"
peth_value_baseline,-0.23732483504347224,0.788735037620075,0.28368788162481606,-0.0006757550183456346,0.0008077684310480877,1,0.40283418776691904,0.9993244732526555,0.997743597461033,1.000907853864429,"espA_c.-661T>C,ephA_c.-697A>G"
F2,0.052983403840452324,1.0544121457819449,0.14368657336547577,0.09637537583989446,0.26136198332866634,1,0.7123193685542585,1.1011723399141922,0.6597563370521972,1.8379217509450956,"espA_c.-661T>C,ephA_c.-697A>G"
fstrom1_baseline,0.0027381401438793204,1.0027418922734403,0.1766003263716963,0.005870337699419996,0.37861595796951114,1,0.9876295120119416,1.0058876018974643,0.4789288151978472,2.11265189218788,espK_p.Ser361_Ala379del
high_lung_involvement,0.011608571413305527,1.0116762123633043,0.19798972620706598,0.02321583264107192,0.3959571065744125,1,0.9532450701886959,1.0234874177024689,0.4710241861404433,2.2239335580167667,espK_p.Ser361_Ala379del
smoked_substance_use,0.11659117001533352,1.1236599498922926,0.20324701960099312,0.23816048190624725,0.4151721620755238,1,0.5662096073837602,1.2689128140329715,0.5623887157485791,2.8630370498701505,espK_p.Ser361_Ala379del
HIV_High_CD4,-0.029595212416080152,0.970838437367288,0.19062768561797594,-0.07872703640829119,0.5070939358394513,1,0.8766231391202896,0.92429218812958,0.3421134446458129,2.497171807795606,espK_p.Ser361_Ala379del
Lineage_2,0.6322824473871689,1.8819010211163916,0.32211747180775047,1.262891082134999,0.6433822166453127,1,0.04965849402389675,3.535628518018333,1.001886887152044,12.47712608851366,espK_p.Ser361_Ala379del
HIV_Low_CD4,0.32510761697772744,1.3841795991907573,0.14227404433218152,1.0913182596244937,0.4775842039436788,1,0.02230811926700571,2.9781975234803864,1.167973762230128,7.594057996584598,espK_p.Ser361_Ala379del
screen_years,0.03710673532453421,1.0378037852506357,0.18925003759546902,0.002907625723640519,0.014829336849493602,1,0.8445533899769208,1.0029118569672786,0.9741817993801373,1.0324892063119604,espK_p.Ser361_Ala379del
TTP_baseline,-0.02299520813033978,0.9772671666989432,0.22539101324127836,-0.06434979461750528,0.6307342524798173,1,0.9187379231800559,0.9376769478094087,0.27237752558809053,3.228012504169735,espK_p.Ser361_Ala379del
smear_pos_no_contam_sputum_specimen_1,-0.09519646041721312,0.9091942962303694,0.2194572334667733,-0.2167555662389942,0.49968850414035343,1,0.6644472080127624,0.8051267454131272,0.3023629875478619,2.1438770711872412,espK_p.Ser361_Ala379del
diabetes,0.24169679189862434,1.273408026644762,0.14655217135644047,1.1320145440446912,0.6863938413646965,1,0.09910254429279201,3.1018991223989616,0.8079196534214791,11.909325543439794,espK_p.Ser361_Ala379del
screen_sex,-0.014131536052689358,0.9859678454145472,0.18799963207193587,-0.02893552609928596,0.38494529116941983,1,0.9400811304746588,0.971479097494363,0.4568434838706,2.0658533396873033,espK_p.Ser361_Ala379del
RIF_pred_MIC_high,0.7243939961607168,2.0634802440428457,0.30181455252431977,1.4972738818675622,0.6238304694092874,1,0.016389274774939105,4.469488094706105,1.3159892041902705,15.179701904174095,espK_p.Ser361_Ala379del
underweight,0.30877192796556757,1.3617517575899634,0.197145119118289,0.6193993449258901,0.39547493336512746,1,0.1172979536483807,1.8578118025565589,0.8558011071845061,4.033022000956972,espK_p.Ser361_Ala379del
bl_prevtb,0.22945822580234568,1.2579183175972628,0.17149857962609738,0.47497674849638843,0.35500073025370693,1,0.18090950263643912,1.6079768091725315,0.8018674995576917,3.224459677269475,espK_p.Ser361_Ala379del
Indel_Sample1,0.27989936091213896,1.3229966604602557,0.21239902100246377,1.6099968177827788,1.2217310779122745,1,0.18757071665961111,5.002795307826874,0.4563240464253566,54.846903396988814,espK_p.Ser361_Ala379del
peth_value_baseline,-0.23855774953049577,0.7877631939889227,0.28811737710436586,-0.0006792655997462056,0.0008203809071022553,1,0.4076772591037805,0.9993209650489046,0.9977154309779434,1.0009290827620276,espK_p.Ser361_Ala379del
F2,0.037767630208550854,1.0384898911598905,0.14764455231093346,0.06869829592096222,0.2685614397770201,1,0.7981044698904595,1.0711130012326422,0.6327546987421832,1.813156130946505,espK_p.Ser361_Ala379del
fstrom1_baseline,-0.025305056983943083,0.9750124323046002,0.17694823897302311,-0.054251872509473505,0.3793618527566123,1,0.886283670127196,0.9471935044494881,0.4503242315893547,1.9922879381925558,Rv0759c
high_lung_involvement,-0.01509079601107635,0.98502249942895,0.19942769395512078,-0.030179888820095892,0.3988328797762585,1,0.9396812355173384,0.9702709769473721,0.4440234205156542,2.1202164687914635,Rv0759c
smoked_substance_use,0.10758293922369563,1.113583216644029,0.2058425588195265,0.21975939213094933,0.4204740633345229,1,0.6012201184484889,1.2457769507866963,0.54642696129112,2.840196990727477,Rv0759c
HIV_High_CD4,-0.03505952770996616,0.9655479376892065,0.19108117088515011,-0.09326281141946864,0.5083002644387367,1,0.8544215969958372,0.9109540597041562,0.33638026326161025,2.4669619163895495,Rv0759c
Lineage_2,0.5324869251212083,1.703162684189392,0.30552175787635055,1.0635642217619272,0.6102347218631353,1,0.08135505648035883,2.8966770111242304,0.8759258347076632,9.57927871778776,Rv0759c
HIV_Low_CD4,0.29906095723023063,1.348591827389933,0.14146013211150651,1.0038850716576397,0.4748520708844432,1,0.034506671703373654,2.728863089317333,1.0759372204598152,6.921122923004838,Rv0759c
screen_years,-0.03744105627856569,0.9632511936575431,0.19641285692074378,-0.0029338225905271424,0.015390604165031008,1,0.8488199788945684,0.9970704768613319,0.9674429207549313,1.0276053651338026,Rv0759c
TTP_baseline,-0.03198231464474439,0.9685237106136307,0.22630579268000936,-0.08949931512323837,0.6332941714276692,1,0.887614427660727,0.914388891367793,0.2642834486333226,3.1636753984426367,Rv0759c
smear_pos_no_contam_sputum_specimen_1,-0.14041384457574138,0.8689985306447744,0.2202390081712049,-0.31971233232223933,0.5014685495116596,1,0.5237652777597737,0.7263579567291695,0.2718315710012882,1.940892587863805,Rv0759c
diabetes,0.19224837728414762,1.2119715057750302,0.15117968659740685,0.9004172436261649,0.7080673377914077,1,0.20349578948418479,2.4606295790066675,0.6142401908170628,9.857215492572315,Rv0759c
screen_sex,-0.003897503559740459,0.9961100818493392,0.1909013932798343,-0.007980471164241743,0.39088689488836315,1,0.9837112666489254,0.992051288254562,0.46111643048244444,2.1343107585601526,Rv0759c
RIF_pred_MIC_high,0.5564442465900434,1.7444585946885465,0.29149812427477884,1.150132996063512,0.6025071030450371,1,0.05627345395847412,3.1586129648467898,0.969709025366993,10.288484071727009,Rv0759c
underweight,0.3143222293845652,1.3693309041194812,0.20188331544882787,0.6305333009358152,0.4049797990522482,1,0.11948235533508252,1.8786121777963398,0.8494106527575327,4.15486161270469,Rv0759c
Indel_2,0.2677532335622226,1.307024570419568,0.1492684948220702,1.724186707271131,0.961208763616198,1,0.07285000954127761,5.607958262833139,0.8523586832271531,36.89666861679319,Rv0759c
bl_prevtb,0.2542610338306808,1.28950836564732,0.1721806767541601,0.5263183688269956,0.35641266602072114,1,0.13975322431515022,1.6926889663641158,0.8417791256712486,3.4037384029522753,Rv0759c
Indel_1,0.06411041562530759,1.066210118519281,0.23228867195408753,0.21407782521891422,0.7756595122632582,1,0.7825522252844992,1.238719054623834,0.2708508758748603,5.665201898764049,Rv0759c
peth_value_baseline,-0.21454784952266254,0.8069062007316106,0.2870361846618125,-0.0006109001865044848,0.0008173023366748538,1,0.454786395625157,0.9993892863750224,0.9977896630693832,1.000991474143709,Rv0759c
F2,0.07311695073086998,1.0758563517441395,0.15028891308210557,0.13299775205409833,0.27337146036281357,1,0.626606128141189,1.1422474306175778,0.6684454645118629,1.9518857738158881,Rv0759c
