covariate,pval
screen_years,0.00010180925334163507
bl_bmi,0.6237279880303184
fstrom1_baseline,0.49559087775704713
bl_prevtb,0.5382299844873732
diabetes,0.38053625559556226
adherence_12week,0.7145135140250061
RIF_AUC,0.002868031659653082
INH_AUC,0.03997400648937131
EMB_AUC,0.16312110329245777
PZA_AUC,0.024293797281723026
F2,0.3560633751071405
