covariate,pval
screen_years,0.0008580194181256706
bl_bmi,0.6969829223272934
fstrom1_baseline,0.44640735449700286
bl_prevtb,0.6333505227409169
diabetes,0.14236236041277261
adherence_12week,0.8599289930258728
RIF_AUC,0.005685457179529675
INH_AUC,0.09122845461553915
EMB_AUC,0.5531528737089381
PZA_AUC,0.056864657584139666
