covariate,coef_pooled,V_w,V_b,V_t,se_pooled,riv,wald_stat,dof_old,lambda,dof_observed,dof_adj,pval,t_critical,coef_lower,coef_upper,HR_TCC_assoc,HR_TCC_assoc_lower,HR_TCC_assoc_upper,Indel
F2,-0.02497726010908859,0.016784194554556982,0.006143948997101188,0.02313294185156154,0.15209517366294548,0.37825748959045813,-0.16422125375549462,385.02031800774546,0.27444617021660833,280.80043754193457,162.37684520641656,0.869761211187371,1.9746812980272825,-0.3253167550615187,0.27536223484334155,1.0252918052355329,0.7592970295631681,1.384469114133,"B11_c.-3C>T,Rv3661_c.-166G>A"
Indel_Sample1,-0.15567577542180452,0.11955430286574283,0.03513750429728321,0.15586305730626882,0.3947949560294164,0.30370094233496575,-0.3943205784275649,534.394128548796,0.23295292077570226,296.85896017632194,190.84402509545066,0.6937846511944277,1.9724722681462625,-0.9343978777938515,0.6230463269502424,1.1684473023349764,0.5363081765151986,2.5456801856072264,"B11_c.-3C>T,Rv3661_c.-166G>A"
Lineage_2,-0.26732254435556047,0.020117849282825374,0.007840169117980593,0.02821935737140532,0.16798618208473373,0.402702494421022,-1.5913365077891977,351.8523832507299,0.28709045290978896,275.9069066047345,154.64287699599598,0.11357600332878715,1.9754230234702352,-0.5991663160706067,0.06452122735948573,1.3064617702489252,0.9375162130571473,1.8206003622658555,"B11_c.-3C>T,Rv3661_c.-166G>A"
TTP_baseline,1.3643328847562326,0.07315027650589613,0.02163437115579717,0.09550579336688654,0.3090401161125956,0.3056108319588989,4.414743632374096,529.283067665255,0.23407498197634408,296.4247053172674,190.00981036594098,1.6941330941190107e-05,1.972527529223046,0.7547427480898512,1.973923021422614,0.2555511011702909,0.13891083570594165,0.47013154141261077,"B11_c.-3C>T,Rv3661_c.-166G>A"
bl_prevtb,-0.022526386081578986,0.024432633583772023,0.006403660287531542,0.03104974921422128,0.17620939025551755,0.27083104274294445,-0.12783873804292692,638.5232918009642,0.2131133357888287,304.53718323335914,206.1947137662413,0.8984011845647598,1.9715356683806018,-0.36992948407392906,0.3248767119107711,1.0227820210182497,0.7226164381503349,1.4476325299156092,"B11_c.-3C>T,Rv3661_c.-166G>A"
diabetes,0.3738534814199948,0.09540835274304028,0.03145208770670445,0.12790884337330155,0.35764345845171214,0.3406461771517386,1.045324533652756,449.1788585311298,0.2540910368129019,288.6781857273333,175.73612525195296,0.29730870429687156,1.9735549026418184,-0.3319755194051572,1.0796824822451467,0.6880777206141766,0.33970337037420223,1.3937187290313553,"B11_c.-3C>T,Rv3661_c.-166G>A"
fstrom1_baseline,0.31386541237911386,0.026356396827431714,0.006982734245843179,0.03357188888146967,0.18322633239103397,0.27376625497336854,1.7129929322018815,627.794702004116,0.21492660360914673,303.8354208327968,204.74463287981519,0.08822759818486872,1.9716181012291336,-0.04738694118487463,0.6751177659431024,0.7306173535939817,0.5090964628520497,1.048527649126101,"B11_c.-3C>T,Rv3661_c.-166G>A"
peth_value_baseline,-0.00033625717507024315,4.239589927538538e-08,7.152181328417917e-09,4.9786486648083896e-08,0.00022312885660103198,0.17432316566025557,-1.5070089104229647,1316.021687625923,0.148445650020234,329.5645674373222,263.5620690717929,0.13300600397309062,1.969005563117696,-0.0007755991350097658,0.00010308478486927946,1.0003363137158514,0.9998969205281846,1.0007758999897947,"B11_c.-3C>T,Rv3661_c.-166G>A"
screen_sex,0.0700325657793159,0.02317070456716223,0.0067917450352640175,0.03018884110360172,0.1737493628868944,0.30288835266518666,0.40306660476737965,536.5957824112406,0.23247452634417876,297.0441061436853,191.20080113143067,0.6873495683875881,1.9724487822838126,-0.27267915346952726,0.412744285028159,0.9323634562689842,0.6618315014148108,1.3134787521106532,"B11_c.-3C>T,Rv3661_c.-166G>A"
screen_years,-0.023274702851559467,3.807176743294406e-05,1.377194839766512e-05,5.230278077719802e-05,0.0072320661485634945,0.37379439684062726,-3.2182646526515137,391.7201438163007,0.2720890387238861,281.7126835081613,163.8656870012141,0.001554695911709331,1.9745466057231875,-0.03755475451757108,-0.008994651185547852,1.0235476723957662,1.0090352246172414,1.0382688454351996,"B11_c.-3C>T,Rv3661_c.-166G>A"
smoked_substance_use,-0.113412544656533,0.024598902894697405,0.009133055589880508,0.034036393670907265,0.1844895489476498,0.38365494658886706,-0.6147369610010517,377.2002690372446,0.2772764608218934,279.70507175691466,160.60887583931193,0.5395983824668639,1.9748445098145937,-0.47775071751396997,0.25092562820090397,1.1200939264097223,0.7780802366342053,1.6124434793603057,"B11_c.-3C>T,Rv3661_c.-166G>A"
F2,-0.021927439006013773,0.01677190757518229,0.006054036463310182,0.023027745253936145,0.15174895470459143,0.3729950007601245,-0.14449812223550243,392.9432996508565,0.2716652286087168,281.8767045096214,164.13497181743304,0.8852844125256556,1.9745225069510681,-0.32155916547652774,0.27770428746450015,1.0221696121363824,0.7575207967920681,1.3792766091698976,PE_PGRS25_p.Ala393fs
Indel_Sample1,-0.12859479219045336,0.04122827573333797,0.012332657787900525,0.05397202211416851,0.2323187941475431,0.3091020944765271,-0.5535272884930017,520.1650129860968,0.2361176380212945,295.6341661627281,188.50049596962856,0.5805583509990898,1.9726287619637923,-0.5868735274706425,0.3296839430897357,1.1372292166305484,0.7191509901569678,1.7983571028329486,PE_PGRS25_p.Ala393fs
Lineage_2,-0.24254380282736926,0.019295064007257,0.009073833256552474,0.028671358372361223,0.16932618926900003,0.4859426411634466,-1.4324057245630921,271.164023567259,0.32702651347495404,260.4510398997825,132.84979447517154,0.1543765393043514,1.9779817957157004,-0.5774679227393624,0.09238031708462396,1.2744870740780545,0.9117583263293224,1.7815217641405392,PE_PGRS25_p.Ala393fs
TTP_baseline,1.370344321559272,0.07384451284128497,0.02138697053941433,0.09594438239867979,0.3097489021751002,0.2992757174103696,4.4240490020675525,546.5849639910829,0.23034042228301327,297.87003708021444,192.80042546371914,1.6178174303034588e-05,1.9723445572855096,0.7594127602290515,1.9812758828894927,0.2540194801096586,0.13789318946554135,0.46794113998868564,PE_PGRS25_p.Ala393fs
bl_prevtb,-0.022425543003103964,0.024314125035608296,0.006104097641794535,0.03062169259879598,0.17499055002712569,0.25941988675102173,-0.12815288025340643,683.4906226229865,0.20598363538649378,307.29648641713015,211.9872825501166,0.8981494802510019,1.971217691432896,-0.3673700110501473,0.3225189250439394,1.0226788857309685,0.7243222238472917,1.4439320911136868,PE_PGRS25_p.Ala393fs
diabetes,0.3770845553893898,0.0956651600178377,0.032453079696459476,0.1292000090375125,0.3594440276837445,0.3505440121923373,1.0490772591752902,430.45759524499084,0.25955763679504185,286.5625278617964,172.03564119823645,0.29561409292679264,1.973849272257242,-0.33240377707138125,1.0865728878501608,0.6858580784472514,0.3373707220425586,1.3943157275871028,PE_PGRS25_p.Ala393fs
fstrom1_baseline,0.2949940947967995,0.026868112351944282,0.006149734733336974,0.033222838243059154,0.18227133138005866,0.23651553216223695,1.618433862106925,792.6433437399972,0.19127582792967693,312.9886330224202,224.3860179930489,0.10697387173306255,1.9705925473990231,-0.0641884324252418,0.6541766220188407,0.744535984089204,0.5198699358704173,1.0662933040656781,PE_PGRS25_p.Ala393fs
peth_value_baseline,-0.00034128381140233796,4.215484090421792e-08,7.0816023355561054e-09,4.947249665095923e-08,0.00022242413684436146,0.17358992679792373,-1.5343829866861396,1325.5060192968983,0.14791361346424842,329.77047372790526,264.07234667723765,0.12613265376504335,1.9689880128092072,-0.0007792342706083204,9.666664780364447e-05,1.000341342055348,0.9999033380242661,1.000779537952507,PE_PGRS25_p.Ala393fs
screen_sex,0.07045187258994232,0.023078690564936225,0.0069427408567584534,0.03025285611691996,0.17393348187430724,0.3108566983814734,0.4050506655231237,515.6891251007062,0.2371401075077779,295.23845482141587,187.74951577989475,0.6859014052307595,1.972679741955066,-0.2726631835512122,0.4135669287310969,0.9319725918735697,0.6612872737811758,1.313457776129766,PE_PGRS25_p.Ala393fs
screen_years,-0.023808054471716092,3.8955024238242234e-05,1.5246066996992036e-05,5.4709293468467335e-05,0.007396573089510259,0.4044220107238209,-3.218795269593215,349.72258858897607,0.28796330991379654,275.56909758412735,154.12445147330757,0.0015696861303085793,1.9754754257839353,-0.038419802845058366,-0.009196306098373816,1.0240937288122387,1.0092387220449384,1.0391673867482234,PE_PGRS25_p.Ala393fs
smoked_substance_use,-0.11592646499882313,0.024480266743628257,0.008178680470881806,0.03293156989687279,0.18147057584322807,0.34522921019413505,-0.6388168685758273,440.32719273347357,0.2566322583378291,287.69469410093865,174.00547883060403,0.5237820417025434,1.9736910045554035,-0.4740933081320915,0.2422403781344452,1.1229132956666432,0.7848674898915374,1.6065568848560332,PE_PGRS25_p.Ala393fs
F2,-0.0248592794157352,0.01677973510159597,0.006137547438677738,0.023121867454896302,0.15205876316377265,0.37796379471432245,-0.16348468775167455,385.4545800393843,0.27429152795170597,280.86028646542525,162.47406325653435,0.8703400085395326,1.9746724270354057,-0.32512552632434405,0.2754069674928737,1.0251708477329269,0.759263064954923,1.3842043891649642,PE_PGRS25_p.Ala59Thr
Indel_Sample1,-0.15509602114484097,0.11938153814725529,0.03500526991726844,0.15555365039509936,0.3944029036342143,0.30299586359179187,-0.39324259460494104,536.3035510557248,0.23253785530566784,297.0195968662682,191.15353381186858,0.694578541777408,1.972451888728729,-0.933036773338242,0.62284473104856,1.1677700863424438,0.5364163049443808,2.542217605964895,PE_PGRS25_p.Ala59Thr
Lineage_2,-0.2672423694834018,0.0201129384195931,0.007838895714281945,0.028213130657684445,0.16796764765181552,0.4027353969423239,-1.5910347809202843,351.8113985608835,0.2871071748957106,275.90043494023405,154.63292660661142,0.11364405321588678,1.9754240259201539,-0.599049696232089,0.0645649572652855,1.3063570290423778,0.9374752164578598,1.820388056525374,PE_PGRS25_p.Ala59Thr
TTP_baseline,1.3643583172552372,0.07315006557703292,0.021635163033478174,0.09550640071162704,0.30904109874194247,0.3056228994224358,4.4148118900991635,529.2510545610425,0.23408206118139713,296.4219655565567,190.00455875804232,1.6936712135946595e-05,1.9725278786531457,0.754766134337156,1.9739505001733182,0.2555446019498108,0.1389070186621612,0.47012054692867783,PE_PGRS25_p.Ala59Thr
bl_prevtb,-0.022535234960071888,0.0244320093586296,0.006403623791537243,0.031049087276551417,0.17620751197537357,0.2708364187649023,-0.12789031924598862,638.503345172226,0.21311666455712858,304.53589494907663,206.19204310627777,0.8983604164625455,1.9715358191279062,-0.36993465641893036,0.3248641864987866,1.0227910715321218,0.722625489275614,1.4476400175898534,PE_PGRS25_p.Ala59Thr
diabetes,0.37374167254951657,0.0954041395093013,0.03143772370706855,0.12788978733993878,0.3576168163550741,0.3405056426033837,1.045089759365321,449.4554639999288,0.25401283797813107,288.70844987331054,175.78966928582773,0.2974164452770419,1.9735507348468506,-0.33203325816163115,1.0795166032606642,0.6881546581079867,0.33975972469817495,1.3937992029408535,PE_PGRS25_p.Ala59Thr
fstrom1_baseline,0.313892964578436,0.026356564109499738,0.006981143416180677,0.03357041230621977,0.18322230297160816,0.2737021474707295,1.713180980085576,628.0256044240925,0.21488708958702554,303.85071336416416,204.77613206024284,0.08819270311839328,1.971616298116264,-0.047351114138782624,0.6751370432956547,0.7305972237563391,0.5090866489146458,1.0484900841506122,PE_PGRS25_p.Ala59Thr
peth_value_baseline,-0.00033628164367680957,4.239590660957549e-08,7.151841046490539e-09,4.978614235761571e-08,0.00022312808509377681,0.17431484166848962,-1.5071237828957134,1316.1287191032623,0.1484396138780122,329.56690351675195,263.5678558187933,0.13297654715231785,1.9690053637076779,-0.0007756220400202793,0.00010305875266666017,1.0003363381926873,0.9998969465577042,1.0007759229125774,PE_PGRS25_p.Ala59Thr
screen_sex,0.06996530366264435,0.023168253107348817,0.006790952839420447,0.03018557104141661,0.17373995234665116,0.3028850686995451,0.40270129419080003,536.6047132571465,0.23247259177040475,297.0448548533467,191.20224523641122,0.6876178638276275,1.9724486874004425,-0.27272783729252315,0.41265844461781187,0.9324261711177031,0.6618883157409207,1.3135426988343024,PE_PGRS25_p.Ala59Thr
screen_years,-0.023272512099823686,3.807246302894863e-05,1.3768136158176538e-05,5.2299537059064384e-05,0.007231841885651565,0.3736840986436342,-3.218061521228476,391.88848664018195,0.2720305920499533,281.7353032655653,163.90279453358286,0.0015556679138954345,1.974543280166472,-0.03755209689836341,-0.00899292730128396,1.0235454300593823,1.0090334851587954,1.0382660861156399,PE_PGRS25_p.Ala59Thr
smoked_substance_use,-0.11334006898437851,0.02459515757531781,0.009129026678146647,0.03402848514273601,0.18446811416268127,0.38354409962735553,-0.6144155020982359,377.3578588102676,0.2772185575657903,279.7274812033009,160.64483093640058,0.539810003896632,1.9748411545330036,-0.47763529253193393,0.25095515456317685,1.12001274979123,0.7780572630944254,1.612257373841486,PE_PGRS25_p.Ala59Thr
F2,-0.017688467694363073,0.016886460002687755,0.005838193590593666,0.02291926004630121,0.15139108311357447,0.35725664482983627,-0.11683956102680818,418.56346784738594,0.26321966902186483,285.1452653385022,169.60339622333385,0.9071254334133392,1.974049800147229,-0.31654200505878727,0.28116506967006116,1.0178458351326831,0.754903713487922,1.3723738876713383,PE_PGRS25_p.Arg66Ser
Indel_Sample1,0.23120912804246088,0.1166259632662751,0.02463090736835499,0.14207790088024191,0.3769322231917058,0.21823560467283018,0.6133970879026416,903.6689534163427,0.17914072108526133,317.6851051126403,235.05237031665212,0.5402069178697739,1.9701077902201831,-0.5113879812525315,0.9738062373374532,0.7935734902101914,0.37764290058103755,1.6676041927319283,PE_PGRS25_p.Arg66Ser
Lineage_2,-0.2723702908618491,0.019889661706727506,0.008244462659674389,0.02840893978839104,0.16854951731877205,0.4283269472995594,-1.615966009245368,322.47975972149953,0.29988018367179026,270.95708503865484,147.24090094779743,0.10824231553586013,1.976206474635252,-0.6054589382838529,0.06071835656015473,1.3130731302820788,0.9410882537875238,1.8320928335144786,PE_PGRS25_p.Arg66Ser
TTP_baseline,1.3546449211859435,0.07312046279145724,0.021974506545337138,0.09582745288830562,0.30956009576220517,0.310542209799871,4.376032116964265,516.4862286068704,0.2369570453188936,295.30930269048633,187.88374921870013,2.002079463318325e-05,1.972670599469453,0.7439848215068929,1.965305020864994,0.2580389023342753,0.1401131426652756,0.47521648470154043,PE_PGRS25_p.Arg66Ser
bl_prevtb,-0.008713776857862295,0.024584837508093205,0.006475458430550031,0.0312761445529949,0.17685062779926708,0.27217210781641143,-0.0492719588632323,633.5815230460732,0.2139428353633492,304.21615420159765,205.53018949668765,0.9607504139674343,1.9715732994160007,-0.35738775261185435,0.3399601988961298,1.00875185232478,0.7117986525709329,1.4295900896879965,PE_PGRS25_p.Arg66Ser
diabetes,0.3903019073952426,0.09657540170177711,0.030845427402955657,0.1284490100181646,0.35839783763042515,0.3300385787139936,1.0890185888836654,470.97413575502173,0.24814210955678137,290.98051163046097,179.8588609662721,0.2776027002541418,1.9732413029412068,-0.3169035087019286,1.097507323492414,0.6768524968738643,0.33370185862487617,1.3728700955165516,PE_PGRS25_p.Arg66Ser
fstrom1_baseline,0.300948178950617,0.026469532366177367,0.006945693090224378,0.033646748559409224,0.18343050062464863,0.27115009415137487,1.6406659629983957,637.341424468754,0.21331083984413013,304.4607461409363,206.0363117603198,0.1023924731136924,1.9715446162918533,-0.060693237019628477,0.6625895949208624,0.7401161253472439,0.515514630409105,1.0625729061546,PE_PGRS25_p.Arg66Ser
peth_value_baseline,-0.00034081653011174494,4.222039172484477e-08,6.951920345062768e-09,4.94040427480763e-08,0.0002222702021146251,0.17014647969275656,-1.533343322088605,1371.6159371909791,0.1454061373046489,330.74090538140746,266.4831987966838,0.1263776116885914,1.9689060078012388,-0.000778445666410426,9.681260618693604e-05,1.0003408746146638,0.9999031920800022,1.0007787487338735,PE_PGRS25_p.Arg66Ser
screen_sex,0.06933352130249691,0.023055859887372663,0.006833671094216813,0.030117320018063366,0.17354342401273337,0.30627615561448474,0.39951684540584903,527.5232706140398,0.2344650894055473,296.2737277711337,189.72063041891147,0.689961807108409,1.9725467995787835,-0.2729890043217641,0.41165604692675795,0.9330154476524143,0.6625521237045571,1.3138857976798413,PE_PGRS25_p.Arg66Ser
screen_years,-0.02336230244170227,3.8220213372402175e-05,1.4260117223384822e-05,5.2955667836566495e-05,0.007277064506830106,0.38554087389800934,-3.210401999291731,374.53794844914916,0.2782601951058639,279.3243515318607,159.99939066324893,0.0016021137409061741,1.9749016173062433,-0.03773378890548291,-0.008990815977921634,1.023637338679667,1.0090313547650738,1.0384547479034008,PE_PGRS25_p.Arg66Ser
smoked_substance_use,-0.09402660977789888,0.024614270323704425,0.00838143023434336,0.03327508156585923,0.18241458704242716,0.3518613848087194,-0.515455541699796,428.07425385672985,0.26027918894843327,286.28327613426836,171.55345142702052,0.6068983293951238,1.9738885716507393,-0.4540926784433349,0.2660394588875371,1.098588978736959,0.7664088852623495,1.5747439355288544,PE_PGRS25_p.Arg66Ser
F2,-0.015472345811604544,0.01702883273989113,0.005756771654186713,0.022977496782550736,0.15158329981416402,0.3493289371927694,-0.10207157272980015,432.67772855271244,0.2588908660919521,286.82057832956616,172.48251336624327,0.9188184306077257,1.9738130488503562,-0.3146694409725973,0.2837247493493882,1.015592662279152,0.7529738727334268,1.3698064342272465,PPE13_c.-139G>A
Indel_Sample1,-0.34568921960515286,0.2809647233013429,0.06237395027679563,0.34541780525403176,0.5877225580612265,0.22939919714960444,-0.5881843649927426,832.9138063438659,0.1865945558460366,314.80035697091273,228.4554568933535,0.5569895539559171,1.9704022339309892,-1.5037390609406291,0.8123606217303234,1.4129634262439446,0.44380916312371754,4.498477746270613,PPE13_c.-139G>A
Lineage_2,-0.2638524675666862,0.019388654967313977,0.008787432972873361,0.028469002372616452,0.1687275981356235,0.4683330236476134,-1.563777772469689,285.0608436211462,0.318955588483726,263.5746114059539,136.94849721439473,0.12017764111535365,1.9774378385939566,-0.5975008045351432,0.06979586940177085,1.3019361043298536,0.9325841694416122,1.817570655067526,PPE13_c.-139G>A
TTP_baseline,1.3676616328050377,0.07315616674570914,0.021504448532019375,0.09537743022879583,0.30883236590227364,0.3037510639441759,4.4284919063108115,534.2588610663286,0.23298240925322986,296.8475476841645,190.82205487322358,1.5958482993295314e-05,1.9724737172911189,0.758497908013969,1.9768253575961063,0.254701850196343,0.13850825425852825,0.46836943285960153,PPE13_c.-139G>A
bl_prevtb,-0.007509380561302711,0.024679417407616196,0.006800186510500267,0.031706276801799806,0.17806256429075654,0.28472549728889,-0.0421727081782374,590.4266670277347,0.22162360589070268,301.24357844469773,199.47087265469347,0.9664032024861171,1.9719280651255813,-0.3586359484344737,0.34361718731186824,1.0075376466688644,0.709200366989972,1.4313756121750385,PPE13_c.-139G>A
diabetes,0.3834470666455095,0.09634862597220128,0.03194961919169641,0.12936323247028758,0.3596710058793836,0.34265778224602533,1.0661050248073074,445.2536264397767,0.2552085771795255,288.24568050024027,174.9728095637159,0.2878450193640628,1.9736145973701498,-0.32640488080884694,1.093299014099866,0.6815081516065788,0.33510913834818246,1.38597641053776,PPE13_c.-139G>A
fstrom1_baseline,0.3106896353264572,0.026223315507234165,0.006999274306686111,0.03345589895747648,0.18290953763398035,0.27580736113429594,1.6985972374397293,620.5210218541162,0.21618260682324394,303.3493283644022,203.74572597866845,0.09092157290752254,1.9716755726961508,-0.04994863203960914,0.6713279026925236,0.732941319665651,0.5110295295430896,1.051217096110939,PPE13_c.-139G>A
peth_value_baseline,-0.00034016100848659013,4.22146557508057e-08,7.016652587563567e-09,4.946519675795472e-08,0.00022240772638996767,0.1717541189948147,-1.5294478029515708,1349.7603098989619,0.14657863472428273,330.28713093362006,265.3546854508302,0.1273446541684514,1.9689442077868315,-0.0007780694131291554,9.774739615597513e-05,1.000340218869803,0.9999022573809652,1.0007783721876564,PPE13_c.-139G>A
screen_sex,0.07056739829739385,0.023126008097024548,0.0069128715862192235,0.030269308736117745,0.17398077116772917,0.3088860217087044,0.40560458390750626,520.7210649939024,0.23599153523349925,295.68296987174955,188.59332437953287,0.6854929364189749,1.972622488717173,-0.27263098351242504,0.4137657801072127,0.9318649312994698,0.6611557889701776,1.3134154834193466,PPE13_c.-139G>A
screen_years,-0.023398026666619397,3.8254469896225944e-05,1.4248779867978316e-05,5.2978209093136875e-05,0.007278613129789004,0.384889379903903,-3.214627051801786,375.4536335996417,0.2779206667976689,279.455754183994,160.209458431786,0.0015797652913254997,1.9748818849572747,-0.03777242788425188,-0.009023625448986921,1.0236739079833888,1.0090644610932094,1.0384948735095587,PPE13_c.-139G>A
smoked_substance_use,-0.09925226708394455,0.024429118949511847,0.00878630715347313,0.033508303008100745,0.18305273286160123,0.37165417538606427,-0.5422058744077051,395.011032081611,0.2709532636252566,282.1522458556437,164.58844339445918,0.5884100359836034,1.974482104479796,-0.46068661229529684,0.2621820781274078,1.1043448542783691,0.7693709253361711,1.585162003149816,PPE13_c.-139G>A
F2,-0.01251847418567333,0.016625480305996015,0.006006593874301748,0.022832293976107823,0.15110358690682305,0.37333138988311254,-0.08284696903583605,392.4277199197842,0.2718436297555884,281.80766053515225,164.02155817619504,0.934074240061594,1.9745326468220692,-0.31087743958511116,0.28584049121376454,1.0125971582757523,0.7513824584926152,1.3646219623028453,PPE13_c.-170A>G
Indel_Sample1,-0.32870459354399234,0.15938708474353122,0.0901044264236036,0.2524949920479216,0.5024887979327715,0.5841621826147944,-0.6541530774343155,213.27031205909262,0.3687515009672716,244.30283109248782,113.8671309796577,0.5143322056014745,1.9810170931950695,-1.3241434913878558,0.6667343042998712,1.389167425942713,0.5133823938881904,3.7589643904317263,PPE13_c.-170A>G
Lineage_2,-0.27861288868424156,0.02001589890932813,0.008876873102445986,0.02918866778185565,0.1708469132933213,0.45827414067587435,-1.6307750799448186,293.64705093599747,0.3142578805268229,265.39269628896864,139.4029368968063,0.10519507455925191,1.977127542517747,-0.6163990265106085,0.059173249142125406,1.3212957563165286,0.9425434601650475,1.8522461291645473,PPE13_c.-170A>G
TTP_baseline,1.3547492173825013,0.07325744518547554,0.021821631508371176,0.09580646441079242,0.3095261934163124,0.30780515438705996,4.37684837728859,523.518834886138,0.2353601018886652,295.92734424099643,189.0588331658566,1.9894195815887163e-05,1.9725911236120979,0.7441805957240422,1.9653178390409605,0.25801199126158353,0.14011134668186834,0.4751234586726176,PPE13_c.-170A>G
bl_prevtb,-0.02583751529567522,0.024441360005341115,0.006593863070384249,0.03125501851140484,0.17679088922058409,0.27877575161835316,-0.14614732359560365,610.2064474539959,0.21800206272722078,302.6451710807483,202.3067395999378,0.883950610031949,1.971759367403699,-0.37442660718799153,0.32275157659664105,1.026174197315516,0.7241537287583394,1.4541573721393577,PPE13_c.-170A>G
diabetes,0.3527178919977208,0.09583413189290337,0.033110991859777915,0.13004882348134053,0.36062282717728855,0.35701989377514065,0.9780797703754855,418.97257297878934,0.26309112741297747,285.1950129086153,169.68814065540883,0.32942722961050064,1.9740427160059362,-0.3591669732170732,1.0646027572125147,0.7027754239856178,0.34486482262411716,1.432135909948926,PPE13_c.-170A>G
fstrom1_baseline,0.32425909947894593,0.026553355401905197,0.006582142244081926,0.033354902387456524,0.18263324557006735,0.2561464222733717,1.7754658987021272,697.4321137386597,0.2039144623043214,308.09728807094746,213.6953354817522,0.07724424834595266,1.9711272390220773,-0.03573426561522197,0.6842524645731138,0.7230628728936106,0.5044671957600145,1.0363804079856915,PPE13_c.-170A>G
peth_value_baseline,-0.0003568764625010525,4.253755841519849e-08,6.565289158143164e-09,4.932169054527976e-08,0.00022208487239179476,0.15948569647235156,-1.6069372877926726,1532.799359736139,0.13754865364667698,333.78187182464956,274.0950304083731,0.1092194616157213,1.9686566005361341,-0.0007940853124143842,8.03323874122793e-05,1.0003569401504817,0.9999196708391475,1.0007944006816272,PPE13_c.-170A>G
screen_sex,0.050043349292431476,0.023565581328593578,0.007517309275867149,0.03133346758032297,0.17701261983351066,0.3296284587006615,0.28271063012060826,471.8556963350685,0.24791020118716528,291.0702637191203,180.02161305385698,0.7777234647653518,1.9732292197128847,-0.2992431244209802,0.3993298230058432,0.9511881902719657,0.6707694296756834,1.348837518952388,PPE13_c.-170A>G
screen_years,-0.02315645963559338,3.819704118818156e-05,1.3553973052050273e-05,5.220281334196685e-05,0.007225151440763498,0.3666716509476333,-3.2049791378693078,402.87628312541676,0.268295351479185,283.1808985385021,166.29352611484737,0.0016195770664351298,1.9743321746152227,-0.03742130859156029,-0.008891610679626474,1.0234266519823498,1.0089312584736583,1.038130301931911,PPE13_c.-170A>G
smoked_substance_use,-0.10334531502111458,0.024298274239143554,0.00849092351729318,0.033072228540346506,0.1818577150971234,0.361093722741365,-0.5682756707127972,412.0350703763999,0.2652967365201639,284.34140842481105,168.2403639378033,0.5706054922566448,1.9741647291747544,-0.4623624018941668,0.2556717718519377,1.1088742539075689,0.7743961056821612,1.5878206281731209,PPE13_c.-170A>G
F2,-0.0012987715192782092,0.01612847686389411,0.005765239883261414,0.022085891409930905,0.14861322757389703,0.36937242098621936,-0.008739272677678728,398.5769871477232,0.26973846948093055,282.62238978328577,165.365360619994,0.993037692093494,1.9744134030585774,-0.29472271991297505,0.29212517687441864,1.0012996152882558,0.7466750636725171,1.342753988120512,PPE13_p.Thr382Pro
Indel_Sample1,0.7529990234856166,0.18594719176655752,0.06573621180522381,0.25387461063195543,0.5038597132456171,0.36530489231951196,1.4944616600425669,405.08514167722916,0.2675628677334458,283.4643809595891,166.76681218473502,0.13694476201519137,1.974291105529281,-0.2417667268097392,1.7477647737809725,0.4709520364994358,0.17416280195649103,1.2734970854360415,PPE13_p.Thr382Pro
Lineage_2,-0.21816254323427303,0.019765922733049165,0.008631219297130918,0.028684849340084445,0.1693660217991922,0.4512274345848065,-1.2881128157626336,299.97009729169594,0.31092813147782167,266.68136013647876,141.17396593153774,0.19981397989045196,1.9769104029072544,-0.5529839936281129,0.11665890715956684,1.2437892207119965,0.8898886760587338,1.7384327581411445,PPE13_p.Thr382Pro
TTP_baseline,1.3532150005297647,0.07266312771238462,0.020347017999985104,0.09368837964570256,0.30608557569036565,0.2893524211693742,4.421034860847768,575.8203865862981,0.22441685951692472,300.16254653746773,197.30945324423595,1.6205237475730705e-05,1.972059918020449,0.7495959052265803,1.9568340958329493,0.25840814141920365,0.1413050718367375,0.4725574721682891,PPE13_p.Thr382Pro
bl_prevtb,-0.01906695234905132,0.024430936153359138,0.006650428392615243,0.03130304549239489,0.17692666699057802,0.2812871883376794,-0.10776754388340286,601.7153091411595,0.21953484815735702,302.0519596582841,201.10187053345228,0.9142875303638427,1.9718304569192626,-0.367936342962285,0.3298024382641824,1.0192498875072444,0.7190657792835741,1.4447500675370577,PPE13_p.Thr382Pro
diabetes,0.3861610077040309,0.09566574452769777,0.031057666969827327,0.127758667063186,0.35743344424268136,0.3354693228378784,1.0803717836819007,459.5790322959427,0.2511995723907791,289.7972267158033,177.72744654566003,0.2814405290684643,1.9734016022248801,-0.31919872385323383,1.0915207392612956,0.6796610861992496,0.3357055846626423,1.3760247466772302,PPE13_p.Thr382Pro
fstrom1_baseline,0.31562699787253706,0.026429287911253034,0.006642569744368981,0.03329327664710098,0.18246445310553225,0.2597114518899091,1.729799928153608,682.2726349394092,0.2061674135773485,307.2253614443379,211.83616100173415,0.08512258515127345,1.9712257649248381,-0.044051633272008006,0.6753056290170821,0.7293314416171244,0.5090008314086759,1.0450363121396,PPE13_p.Thr382Pro
peth_value_baseline,-0.00033492999783582707,4.2228800727564194e-08,7.134246222744553e-09,4.960085515773357e-08,0.00022271249439071345,0.17457408932187313,-1.5038671213849635,1312.8020916208409,0.1486275671402401,329.4941627274341,263.3876956487912,0.1338136960035854,1.9690115761158928,-0.0007734534774367877,0.00010359348176513356,1.00033498609315,0.9998964118838544,1.0007737526697098,PPE13_p.Thr382Pro
screen_sex,0.0819617044550983,0.023349673541672274,0.007017544559445933,0.030601136253099737,0.17493180457852636,0.31055949019954154,0.4685351794807898,516.4423717517018,0.2369671064319688,295.3054088857296,187.87636922923767,0.6399450724022616,1.9726711017705383,-0.2631212112175318,0.4270446201277284,0.9213072399835635,0.6524344398703653,1.300984403298489,PPE13_p.Thr382Pro
screen_years,-0.023595121959585956,3.8495024946059924e-05,1.4593371739965991e-05,5.357484241069145e-05,0.007319483753017794,0.39173419125618697,-3.223604663355907,366.03923008312535,0.2814719892040631,278.08133805574386,158.02736928044294,0.0015379285231815313,1.975089432817159,-0.03805175697384828,-0.009138486945323631,1.0238756891765934,1.0091803704037419,1.0387849958550457,PPE13_p.Thr382Pro
smoked_substance_use,-0.10793580484164728,0.02448379822539208,0.008987114490285416,0.03377048319868701,0.183767470458422,0.3792991956478278,-0.5873498969779208,383.487418676807,0.27499413966501945,280.58836497811194,162.0328740252881,0.5577863058481085,1.9747127709385015,-0.470823775638957,0.25495216595566245,1.1139762312104966,0.7749535662377581,1.6013127724883798,PPE13_p.Thr382Pro
F2,-0.02114551018802518,0.016687235689602387,0.005921064554219566,0.02280566906229594,0.15101545967978225,0.36665350010642406,-0.1400221555651505,402.9054699131252,0.26828563354052215,283.1846595295086,166.2997956443637,0.8888119294237282,1.9743316290421884,-0.3193001087081646,0.27700908833211424,1.0213706606620792,0.7580476076907846,1.376164261818795,Rv0302_p.Glu13Ala
Indel_Sample1,-0.02382713444332101,0.09166219367153497,0.04821223485608329,0.14148150302282103,0.37614027040828935,0.5435098960189635,-0.06334640642826504,233.88475919490688,0.3521259548907265,250.7371718967548,121.00897484805033,0.9495951825369648,1.9797622794783463,-0.7684954535904375,0.7208411847037955,1.0241132686779146,0.4863429795703728,2.1565192284849304,Rv0302_p.Glu13Ala
Lineage_2,-0.2552626793711626,0.020345761503725454,0.010153726814109164,0.030837945878304924,0.17560736282486827,0.5156938644276488,-1.4535989565866545,250.51691469325158,0.3402361628100826,255.33870341857747,126.45241426982865,0.14853486253811218,1.9789019582200118,-0.6027724335431466,0.09224707480082134,1.2908006430450865,0.9118798191848115,1.8271775129041703,Rv0302_p.Glu13Ala
TTP_baseline,1.3624964407277718,0.07392941725099172,0.02266756586721133,0.0973525686471101,0.312013731504096,0.31683127322100146,4.366783584041991,500.9589922797409,0.24060126734841616,293.89893298615254,185.22972297418147,2.0945900481610217e-05,1.9728538370031572,0.7469389533322431,1.9780539281233005,0.2560208376543657,0.13833819158795638,0.47381470410192583,Rv0302_p.Glu13Ala
bl_prevtb,-0.019456030963122276,0.02444124485465456,0.006349240456293184,0.03100212665949085,0.17607420782014283,0.268434846254848,-0.11049904017172306,647.5250028747176,0.21162683053640682,305.11248351867783,207.39049700376543,0.9121204681428309,1.9714685638311553,-0.3665807965820076,0.32766873465576307,1.019646532999003,0.7206016905385049,1.4427929685814864,Rv0302_p.Glu13Ala
diabetes,0.36776590932945546,0.0956904505874734,0.03188111779743094,0.1286342723114854,0.35865620350341826,0.34427491480873607,1.0253995490306649,442.1436863154715,0.2561045445512309,287.898927413604,174.36337367034923,0.3065951498201274,1.9736626357991898,-0.3401004386228316,1.0756322572817425,0.6922792188288387,0.341082035512352,1.4050887086514752,Rv0302_p.Glu13Ala
fstrom1_baseline,0.31249023554195515,0.026315076935629126,0.006968233107734491,0.033515584480288095,0.1830726207828142,0.2736266955355124,1.706919550316996,628.2975602648972,0.21484057808670742,303.868714026698,204.8132151196918,0.08935253939954291,1.9716141760794155,-0.04845833884545231,0.6734388099293627,0.7316227728116336,0.5099519313659756,1.0496516412101518,Rv0302_p.Glu13Ala
peth_value_baseline,-0.0003438471281662909,4.230663712050645e-08,7.162062411810657e-09,4.9707434946044126e-08,0.00022295164261795455,0.1749323115533198,-1.5422498086524548,1308.2285504245745,0.14888713999366524,329.3937040601047,263.13897896870793,0.12421460230000014,1.9690201665789002,-0.0007828434086529351,9.514915232035343e-05,1.000343906250366,0.9999048553742167,1.0007831499105297,Rv0302_p.Glu13Ala
screen_sex,0.06371682196389562,0.023067138175359356,0.006871385189843546,0.03016756953819769,0.1736881387377897,0.30781587680534694,0.36684613253923143,523.4909470250179,0.23536637095831933,295.9249180150851,189.05420579382616,0.7141440613082883,1.9725914346308417,-0.27889891280724166,0.4063325567350329,0.9382706595571197,0.6660886183319517,1.3216737328290762,Rv0302_p.Glu13Ala
screen_years,-0.023303959976198087,3.818725516618455e-05,1.3733464196721638e-05,5.237850150279691e-05,0.007237299323835992,0.37162258127363257,-3.2199801242773898,395.06000005306987,0.27093647067880655,282.1587449829547,164.59915592267106,0.0015447386529660989,1.9744811527482542,-0.03759387108790994,-0.009014048864486236,1.0235776188956631,1.0090547977484021,1.0383094597458637,Rv0302_p.Glu13Ala
smoked_substance_use,-0.1036488714245513,0.024641432882578154,0.00872560025938682,0.033657886483944535,0.18346085817946164,0.365906221619975,-0.5649644968037915,404.1105385978733,0.2678853173287456,283.33958803075507,166.5582841430808,0.5728580627833348,1.9743091714431136,-0.4658573263290868,0.25855958347998415,1.1092109108825539,0.7721630215185574,1.5933796498066772,Rv0302_p.Glu13Ala
F2,0.11266899836127407,0.027828332929989867,0.01158788468194747,0.03980248043466892,0.19950558998351128,0.4302861955404748,0.5647410599902786,320.42697179792145,0.3008392284579652,270.58592002714823,146.70242927816938,0.5731124225234852,1.9762665783031903,-0.28160723130779897,0.5069452280303471,0.893446343381266,0.6023327605312729,1.3252580978615232,Rv0302_p.His84Asp
Indel_Sample1,2.1294439874952404,3.912644036565174,0.9852499184131854,4.930735618925466,2.220525977989329,0.2602055215976285,0.9589817946752586,680.2174014883733,0.20647863950615952,307.10491224622587,211.58045603393128,0.33866247351996737,1.9712394520784071,-2.2477444246823133,6.506632399672794,0.11890338724649743,0.0014935007775690459,9.466359650446794,Rv0302_p.His84Asp
Lineage_2,-2.3644205402585867,3.871394689434616,0.9556702322389028,4.858920596081482,2.204295941129839,0.255082724926475,-1.072642060506029,702.0703082942932,0.2032397704632722,308.3584041403494,214.25487735628306,0.2846384084719273,1.9710979230251555,-6.7093036915523925,1.9804626110352195,10.63787281217768,0.13800537972983815,819.9994680613294,Rv0302_p.His84Asp
TTP_baseline,1.3386096101240375,0.07325102439878618,0.02220068335251358,0.09619173052971688,0.3101479171777829,0.31317932164387374,4.31603611046248,509.8705294859421,0.23848937954020422,294.71626589274393,186.76311791585948,2.5733057349609466e-05,1.972747330068816,0.7267661345851619,1.950453085662913,0.26220998936225653,0.14220962384574967,0.4834699414993888,Rv0302_p.His84Asp
bl_prevtb,-0.033538641830442854,0.024551009984256838,0.0062563399308802605,0.031015894579499773,0.17611330040488077,0.26332458825068694,-0.1904378701287082,667.4904680939882,0.20843779239293514,306.34669009200974,209.97709303828415,0.8491500131345942,1.971326039665912,-0.38071537685008955,0.3136380931892038,1.0341074027571455,0.7307834558173311,1.4633310482393223,Rv0302_p.His84Asp
diabetes,0.3518710342584465,0.09596776320065707,0.03146007379586792,0.12847650612305392,0.35843619533056914,0.3387464898439383,0.9816838780300413,452.94459423062796,0.2530325886295522,289.08782137502715,176.46232589832698,0.3275996171411856,1.9734985930973103,-0.35550229294158436,1.0592443614584774,0.7033708268675775,0.3467177046295289,1.4268971946990818,Rv0302_p.His84Asp
fstrom1_baseline,0.32247152059355183,0.02641189123811044,0.006498790153464992,0.03312730773002427,0.1820090869435487,0.2542573127903831,1.7717330821706088,705.7069201662629,0.2027154318317103,308.56133121635514,214.69060718233175,0.07785737302252876,1.971075200314727,-0.036282076912803995,0.6812251180999076,0.7243565607580714,0.5059967067576674,1.0369483044176173,Rv0302_p.His84Asp
peth_value_baseline,-0.0003475776157055478,4.205214083545518e-08,7.240508284275917e-09,4.953399939587363e-08,0.00022256234945712094,0.1779186127454018,-1.56170896179595,1271.1177964272254,0.15104491160957445,328.55861341763125,261.0757388896597,0.11956788867479584,1.9690920630852744,-0.0007858233715631759,9.066814015208028e-05,1.000347638027804,0.9999093359700795,1.0007861322116414,Rv0302_p.His84Asp
screen_sex,0.05122670650000475,0.02312589695174737,0.007175653665084486,0.03054073907233467,0.17475908866875756,0.32062938514594763,0.29312756715675625,491.9865911359899,0.24278528764564306,293.0536837022436,183.65743451088676,0.7697555881352878,1.972964904135206,-0.29356684212210643,0.39602025512211597,0.9500632605993401,0.6729930642426316,1.341202825257098,Rv0302_p.His84Asp
screen_years,-0.022873336589680913,3.837773496819491e-05,1.3336657313922716e-05,5.215894752591505e-05,0.007222115169804137,0.3590939530209679,-3.1671243191073666,415.41366118787164,0.2642156947448561,284.75978813841294,168.9482888325512,0.0018271660319039084,1.9741048048212084,-0.0371305488473634,-0.008616124331998428,1.023136937325756,1.0086533499680108,1.0378284993090312,Rv0302_p.His84Asp
smoked_substance_use,-0.11411622210120627,0.024152155519988578,0.00859934056672208,0.03303814077226806,0.18176396995078,0.36791686128906165,-0.6278264175903941,400.88335125597354,0.26896141987924166,282.92311987275576,165.8644268972328,0.5309810882317978,1.9743696134482314,-0.4729854811917437,0.2447530369893312,1.1208823886206545,0.7828978611819216,1.604778083341832,Rv0302_p.His84Asp
F2,-0.02030871944587853,0.01680961974561308,0.0061450885335072305,0.023159544563570552,0.15218260269679498,0.37775541113085886,-0.13344967878057087,385.7632576490121,0.27418176555793594,280.90276619185084,162.54310598353487,0.8940028360250007,1.974666133488184,-0.32081855109732715,0.2802011122055701,1.0205163446406564,0.7556317594037824,1.3782554752601548,Rv0759c_c.-96delG
Indel_Sample1,0.01746307162676566,0.05512908728006609,0.022095902733033485,0.07796152010420068,0.2792159023125307,0.4141630843286334,0.06254325588955523,338.107043127048,0.2928679788903238,273.6709156187474,151.24778973636484,0.9502127922755921,1.9757727764650406,-0.5342041069184547,0.5691302501719859,0.9826885240836234,0.5660175183146439,1.70608983665562,Rv0759c_c.-96delG
Lineage_2,-0.25547050912850316,0.02036945279573134,0.00811732564623218,0.028757355963504594,0.16957993974378158,0.4117883407025562,-1.5064901515739049,340.8702412082536,0.2916785249109195,274.1312525147051,151.93977107558345,0.13401763128530525,1.9757002121818625,-0.59050963206208,0.07956861380507357,1.2910689377083473,0.9235146519403598,1.8049080200440668,Rv0759c_c.-96delG
TTP_baseline,1.3642253591929554,0.073556816139886,0.022207464591326907,0.0965045295509238,0.3106517818248011,0.3119726303460063,4.391493752842339,512.8785769772502,0.23778897755186387,294.98733218267023,187.27449870175707,1.880149341773272e-05,1.9727122007454387,0.7513987990038602,1.9770519193820506,0.25557858092375185,0.13847687713563814,0.4717062687875133,Rv0759c_c.-96delG
bl_prevtb,-0.020070777280858102,0.024364484408028686,0.006219082020440982,0.030790869162484368,0.17547327193189385,0.2637603425885767,-0.11438082312985044,665.7458182594135,0.20871072916270894,306.2410593845036,209.7545855338759,0.909045326692432,1.9713381610949516,-0.36598793449239214,0.32584637993067594,1.0202735496589013,0.7219160797120694,1.4419378448375226,Rv0759c_c.-96delG
diabetes,0.3692184685281624,0.09548966699923164,0.03105680213480129,0.12758169587185966,0.35718580021028223,0.33607855049789026,1.0336874206947653,458.33222237471574,0.2515410118459356,289.6650844205437,177.49106939387292,0.30268868949894284,1.973419618412943,-0.3356589970253345,1.0740959340816594,0.6912743722576998,0.3416064504889411,1.3988619273913472,Rv0759c_c.-96delG
fstrom1_baseline,0.3134497490707631,0.02652791194699914,0.006827196157008294,0.033582681309241046,0.18325578110728472,0.26593760475143413,1.7104494449059593,657.1478537645095,0.21007165262592126,305.7143611737793,208.64827095039044,0.08866918373790357,1.9713988152593651,-0.047820480693567535,0.6747199788350937,0.7309211075456279,0.5092990151453797,1.0489823258409923,Rv0759c_c.-96delG
peth_value_baseline,-0.0003448063608644402,4.335020713445495e-08,7.4055588367298e-09,5.100261793240908e-08,0.00022583759193812062,0.17652535717348292,-1.526789042981458,1288.2091621517136,0.1500395687157753,328.947696505433,262.0360753742071,0.1280195929776556,1.9690584573172547,-0.0007894937812503596,9.988105952147929e-05,1.0003448658134106,0.9999001239284255,1.000789805513497,Rv0759c_c.-96delG
screen_sex,0.06498835200065373,0.02320745984045254,0.007053815679025445,0.030496402708778833,0.1746321926472288,0.31407758188257456,0.37214416778202786,507.652037204234,0.23900992316802222,294.51480754127385,186.38397113330433,0.7102082905221867,1.9727735008112168,-0.27952141004235864,0.4094981140436661,0.9370783784021733,0.6639834104740343,1.3224967272027741,Rv0759c_c.-96delG
screen_years,-0.02324441803955419,3.815963261669088e-05,1.4115967255302576e-05,5.274613211383688e-05,0.007262653242020913,0.38224947403623366,-3.2005408030586593,379.20763387928525,0.2765415948541092,279.98947613439566,161.06585593771985,0.0016525263140959193,1.9748019773410408,-0.03758672002263941,-0.00890211605646897,1.023516674916308,1.0089418577324112,1.0383020347536944,Rv0759c_c.-96delG
smoked_substance_use,-0.10635239877064563,0.024292530241646657,0.008646472194127484,0.03322721817557839,0.18228334585358694,0.36779569048819266,-0.5834455049781107,401.07647334482965,0.2688966583575938,282.94818357288125,165.90609484474905,0.5603857426386977,1.9743659693761326,-0.4662464336079876,0.2535416360666964,1.1122137502128395,0.7760474326897973,1.5939997660645204,Rv0759c_c.-96delG
F2,-0.021185911360491607,0.016664725215150642,0.005936351721505958,0.022798955327373464,0.15099322940904822,0.3680966852454262,-0.14031034002920695,400.59706770303256,0.2690575082998556,282.885932183237,165.80262412657007,0.888585103266044,1.974375021809406,-0.3193031719680538,0.27693134924707064,1.0214119260678725,0.7581065399088647,1.3761684773740357,Rv0759c_c.-97_-96delGG
Indel_Sample1,-0.023606152225166984,0.1878889507831287,0.09023154477252046,0.2811282137147332,0.5302152522464185,0.4962466528392409,-0.04452182792771865,263.6387238100347,0.3316609944607565,258.65742482234344,130.5621601130169,0.9645564743346622,1.9783003840092592,-1.072531189351823,1.0253188849014891,1.023886982859653,0.35868206887105925,2.922768224709632,Rv0759c_c.-97_-96delGG
Lineage_2,-0.25328676775907566,0.0194443840859088,0.008374380164920422,0.028097910256326568,0.16762431284371182,0.44503987023630726,-1.5110383658678028,305.7453193366664,0.3079775716939422,267.82327193446946,142.76533452070848,0.13298894539786002,1.9767199244756288,-0.5846330867837768,0.07805955126562553,1.2882526531959637,0.9249093453813728,1.7943325005350983,Rv0759c_c.-97_-96delGG
TTP_baseline,1.3645394222445495,0.07438076507496744,0.02131411656247438,0.0964053521895243,0.3104921129264386,0.2961059501385682,4.394763555774554,555.6287862013918,0.22845813654887637,298.59851046982135,194.22222701196134,1.8228832207384685e-05,1.9722533684768804,0.752170306639877,1.976908537849222,0.2554983257379588,0.13849673358603332,0.4713424841485446,Rv0759c_c.-97_-96delGG
bl_prevtb,-0.021081824730177827,0.02433872732582542,0.006457790873689463,0.031011777895304533,0.17610161241540218,0.2741741784665318,-0.1197139789978094,626.3289639734156,0.21517794278055477,303.73814872643374,204.5443790166835,0.9048272257294059,1.971629577458293,-0.36828897240648134,0.3261253229461257,1.0213056162751357,0.72171473434714,1.4452596187864826,Rv0759c_c.-97_-96delGG
diabetes,0.3686761290832992,0.09795668974902956,0.032677821930531606,0.1317237724105789,0.36293769769835,0.3447144115227092,1.0158110646023844,441.30539392912135,0.25634767395135316,287.8048326143883,174.19838648226414,0.3111281563876554,1.9736756990293738,-0.3476451851256032,1.0849974432922016,0.6916493792983616,0.3379026498119485,1.4157298386089574,Rv0759c_c.-97_-96delGG
fstrom1_baseline,0.3125047697987117,0.026601019988803185,0.006549123874177455,0.03336844799211989,0.18267032597584065,0.25440483132470965,1.7107582642625958,705.0545583053137,0.20280919283134963,308.5250442743774,214.61263453148055,0.08857072235673931,1.9710792596652047,-0.04755292108854986,0.6725624606859733,0.7316121392956798,0.5103990232308885,1.0487016980882193,Rv0759c_c.-97_-96delGG
peth_value_baseline,-0.00034336345281265457,4.2453500581332605e-08,6.608085338615298e-09,4.9281855431235076e-08,0.000221995169837623,0.16084315206989075,-1.546715872529144,1510.5667972819806,0.13855717870505807,333.39155719044805,273.1136609265312,0.12308970717209626,1.9686879717809416,-0.0007804026734654502,9.367576784014112e-05,1.0003434224087906,0.9999063286195977,1.0007807072668617,Rv0759c_c.-97_-96delGG
screen_sex,0.06593064700413408,0.023330733623815256,0.0072621278598530405,0.030834932412330065,0.1755987824910243,0.3216443558746377,0.3754618686351319,489.6382525335464,0.24336679867389882,292.8286300336296,183.2411082128442,0.7077512625122819,1.9729946348445406,-0.28052480873589036,0.41238610274415854,0.9361957900229511,0.6620686001933673,1.3238243846645392,Rv0759c_c.-97_-96delGG
screen_years,-0.02323203258242847,3.8387015773345903e-05,1.4537758858806143e-05,5.3409366594112254e-05,0.0073081712209082965,0.3913393765606845,-3.1789119165630435,366.57011266436416,0.2812680954434382,278.16024806192854,158.15174789650695,0.0017786651618076144,1.9750774475506139,-0.037666236743682885,-0.008797828421174058,1.0235039982729164,1.0088366430583084,1.0383846004095825,Rv0759c_c.-97_-96delGG
smoked_substance_use,-0.10626632763839865,0.02429996765605173,0.008551815240907399,0.033136843404989375,0.18203528066006702,0.36365792226628285,-0.5837677578383311,407.777042295279,0.2666782602354661,283.806737601218,167.34035037637415,0.5601626061438858,1.9742416506838274,-0.46564796061142316,0.25311530533462584,1.1121180248357128,0.7763783560962941,1.5930460856524526,Rv0759c_c.-97_-96delGG
F2,-0.027392321340845245,0.01674604709569789,0.005886387806947611,0.022828647829543754,0.15109152136881723,0.36322606159447046,-0.18129621763474124,408.488424944748,0.2664459489350066,283.896645630281,167.49132606845262,0.8563542794615497,1.974228689119727,-0.32568153750991047,0.27089689482822,1.0277709401519404,0.7626951301636334,1.3849742362904236,Rv0760c_p.Trp28*
Indel_Sample1,-0.17513453979036894,0.07637910545471988,0.02111783203916678,0.09820086522852556,0.3133701728443943,0.28570326457596906,-0.5588743121296773,587.2852392224155,0.22221555505670687,301.0144850570077,199.010940828018,0.5768758225869954,1.9719558809923428,-0.7930866950584592,0.44281761547772125,1.1914064974104497,0.6422243281842247,2.2102081465600616,Rv0760c_p.Trp28*
Lineage_2,-0.22263664699482597,0.02108356606655171,0.009073876342638513,0.03045990495394484,0.1745276624319046,0.4447226269880569,-1.275652489081449,306.0472591115788,0.3078256121143545,267.8820826176818,142.8478580712076,0.20414889557705374,1.976710163554091,-0.5676272511453093,0.12235395715565736,1.2493665301686314,0.8848351193454379,1.7640763714942769,Rv0760c_p.Trp28*
TTP_baseline,1.3533415569149452,0.07327862783228893,0.021570480670513904,0.0955681245251533,0.30914094605075093,0.3041745915859371,4.37774928945443,533.1183121693233,0.2332314964180115,296.7511471388354,190.63657412920907,1.9742436193849956e-05,1.9724859649046382,0.743565379652497,1.9631177341773933,0.25837544028823656,0.1404199456877508,0.47541585219373556,Rv0760c_p.Trp28*
bl_prevtb,-0.020849615695165972,0.024281966039715736,0.0062969399546496906,0.03078880399285375,0.1754673872628579,0.2679699799635412,-0.11882330967823854,649.2973841963607,0.21133779521439958,305.2243446123047,207.6237371748125,0.9055302257285138,1.97145556554475,-0.3667757728861232,0.32507654149579124,1.0210684874163256,0.7224720524341199,1.4430743064483218,Rv0760c_p.Trp28*
diabetes,0.3868276097173259,0.0960120430812927,0.031415519823134244,0.12847474689853142,0.3584337412947216,0.3381107491875034,1.079216505455209,454.21781178049974,0.2526777020458158,289.22516791487067,176.7065215088455,0.28196210923318565,1.9734797628715217,-0.3205341250581337,1.0941893444927855,0.6792081737237862,0.3348109132764886,1.3778635192582187,Rv0760c_p.Trp28*
fstrom1_baseline,0.30998691311405374,0.026467230119877398,0.007040489246236347,0.033742402340988284,0.18369105133617228,0.2748747106576558,1.6875449884967335,623.8259547091932,0.21560919544467172,303.5712473446144,204.2012017910176,0.09302540942085637,1.971649297041317,-0.052187419125690804,0.6721612453537983,0.7334565548237607,0.510603844230451,1.053573183775607,Rv0760c_p.Trp28*
peth_value_baseline,-0.0003380312398335319,4.206844583622601e-08,6.832464882814752e-09,4.912865954846791e-08,0.00022164985799334028,0.16782682535332016,-1.525068605474534,1404.2102305863443,0.1437086575764733,331.39785601804397,268.12058747971787,0.1284206525834991,1.9688511567735087,-0.0007744268191424038,9.836433947534002e-05,1.000338088378831,0.9999016404981376,1.000774726765015,Rv0760c_p.Trp28*
screen_sex,0.0663251970761879,0.022971350943657775,0.006621693380527583,0.02981376743686961,0.1726666367219493,0.2978673962186355,0.3841228296060086,550.5702048289817,0.2295052615440364,298.193257069271,193.43000729092495,0.7013093409656229,1.9723040119649022,-0.274225903262999,0.4068762974153748,0.9358264867656451,0.6657265373014656,1.3155119471158296,Rv0760c_p.Trp28*
screen_years,-0.022827577041747007,3.839770461649693e-05,1.4494953381813317e-05,5.3375823111037354e-05,0.007305875930443751,0.3900784863089272,-3.1245503289515186,368.27534457418216,0.2806161595556391,278.41255722911734,158.55017568972445,0.002118000936341287,1.9750391821397406,-0.037256968264225046,-0.008398185819268964,1.0230901201132048,1.0084335495094217,1.0379597092762851,Rv0760c_p.Trp28*
smoked_substance_use,-0.11020385025839731,0.024290156134896098,0.00884433144951223,0.0334292986327254,0.1828368087468314,0.376248816478363,-0.6027443325757957,388.0088486513604,0.27338720438730946,281.21027352653385,163.0438683593981,0.5475162230334467,1.9746206474948285,-0.4712371879319536,0.25082948741515904,1.116505647226981,0.7781550454755608,1.6019749117322801,Rv0760c_p.Trp28*
F2,-0.013062473746376828,0.01661112913435405,0.006003739427575059,0.022814993209514946,0.15104632802393755,0.3734763618404765,-0.08647991591233327,392.2059136446813,0.2719204874702126,281.7779154231991,163.97272456268234,0.9311904326388774,1.9745370171963412,-0.3113090397412226,0.28518409224846897,1.0131481605439312,0.7518758270665074,1.3652110604730947,Rv1373_p.Gln177Pro
Indel_Sample1,-0.3301350171470894,0.159943626451896,0.0902407760323348,0.2531924283519753,0.5031823013103455,0.5830104266650752,-0.6560942550788835,213.80256198615157,0.36829222148163737,244.48057928321634,114.05737959687832,0.5130848753891755,1.9809816081325549,-1.3269299015806975,0.6666598672865185,1.3911559456911655,0.513420609962627,3.7694530131401565,Rv1373_p.Gln177Pro
Lineage_2,-0.2788014162596511,0.02002215996642426,0.008874620537260737,0.029192601188260357,0.17085842439944351,0.45801458170418546,-1.631768625045094,293.8753255320571,0.31413580320221474,265.43994208212246,139.46740578232078,0.10498421079144646,1.9771195406693232,-0.6166089458277632,0.05900611330846095,1.3215448804845158,0.9427010061174473,1.8526349922206895,Rv1373_p.Gln177Pro
TTP_baseline,1.3548425217697573,0.07325516416242477,0.021799964909104113,0.09578179456849902,0.30948633987382873,0.30750911097717504,4.377713479445002,524.289874144735,0.23518697376216074,295.99434747587395,189.18666859040798,1.981636159099253e-05,1.9725825374860377,0.7443551721441739,1.9653298713953407,0.2579879187338879,0.14010966082263482,0.4750405205598121,Rv1373_p.Gln177Pro
bl_prevtb,-0.025810020544121313,0.024442355888725873,0.006595287719572158,0.03125748653228377,0.17679786913954526,0.2788246220856886,-0.1459860385746485,610.0391851783463,0.2180319468911553,302.63360545189494,202.28318404230274,0.8840777844023169,1.971760749061168,-0.3744131194311294,0.32279307834288684,1.0261459832987803,0.7241236757376762,1.4541377589505522,Rv1373_p.Gln177Pro
diabetes,0.3527247321039327,0.09583069693232481,0.03310686005566975,0.1300411189898502,0.360612144817462,0.35698813796256385,0.9781277119284991,419.0275034157447,0.2630738825016997,285.20168695323247,169.6995132953187,0.32940349721884254,1.9740417658616778,-0.35913870304269707,1.0645881672505624,0.702770616943515,0.3448698542254633,1.4320954237892993,Rv1373_p.Gln177Pro
fstrom1_baseline,0.32413990605228665,0.026549674835381832,0.006589516071667928,0.03335884144277203,0.18264402931049245,0.2564689266294084,1.7747084713141816,696.0364683996064,0.20411879768281213,308.0182071518892,213.52612594629932,0.07737079860473549,1.9711361348187408,-0.03587633993051825,0.6841561520350916,0.7231490623716285,0.5045157846158076,1.0365276614827648,Rv1373_p.Gln177Pro
peth_value_baseline,-0.0003568197671539048,4.253235592915794e-08,6.56912631515575e-09,4.9320453121485545e-08,0.0002220820864488749,0.15959842910263167,-1.6067021562139707,1530.9323841740354,0.13763249854187773,333.74942256686666,274.01339861841484,0.10927142198907301,1.9686592014377675,-0.0007940237101159802,8.038417580817056e-05,1.0003568834348993,0.9999196190549131,1.0007943390303937,Rv1373_p.Gln177Pro
screen_sex,0.04995842455330265,0.023568383131237783,0.007522093648569956,0.03134121323476007,0.1770344973014019,0.3297990388326681,0.28219598617691016,471.4886647170639,0.24800667559676848,291.0329266459547,179.95388921082207,0.778117524293347,1.9732342450718605,-0.2993721080809055,0.39928895718751073,0.9512689731110694,0.6707968417774447,1.3490115081728689,Rv1373_p.Gln177Pro
screen_years,-0.023158607101289606,3.819459887356424e-05,1.356276962572033e-05,5.2209460820141914e-05,0.0072256114495689505,0.3669330837318423,-3.2050722991299443,402.4563332375161,0.26843529365028174,283.12673877631573,166.203271026962,0.0016192373633926852,1.9743400331864789,-0.03742442105042417,-0.008892793152155043,1.0234288497583375,1.0089324515078602,1.0381335330747996,Rv1373_p.Gln177Pro
smoked_substance_use,-0.10335421373309799,0.024298814660794445,0.00849210261132426,0.033073987359162844,0.18186255073313704,0.3611358340259673,-0.5683094915168034,411.964473505952,0.26531946702027515,284.33261137335217,168.2255133457863,0.5705826503890395,1.9741659916853784,-0.4623810765516139,0.2556726490854179,1.1088841215040848,0.7743954263562682,1.587850280456312,Rv1373_p.Gln177Pro
F2,-0.01567351751956502,0.016951485024869713,0.006367604339585839,0.023531342842441745,0.15339929218363996,0.38815819427729503,-0.10217464042012446,370.9013399909374,0.2796210085258896,278.79769590953384,159.1605240046455,0.9187466694322796,1.974980937979348,-0.31863419548177835,0.2872871604426483,1.015796991341539,0.7502962424978594,1.375248160890885,Rv1373_p.Pro231Leu
Indel_Sample1,0.12467183150680486,0.07492935655479889,0.021106366626593934,0.09673926873561262,0.31102936957080535,0.29107299439924134,0.40083620295678707,570.5526995068659,0.2254504552894646,299.7625291531513,196.51537119793167,0.6889761878256239,1.972109092297662,-0.4887120161953902,0.7380556792089998,0.8827865577886224,0.47804248044817665,1.6302151764455335,Rv1373_p.Pro231Leu
Lineage_2,-0.3577680513125866,0.07229451312401913,0.022292848530217818,0.09533045660524421,0.30875630617890903,0.3186402741478816,-1.1587392521313482,496.6487372649166,0.24164306247493472,293.49574232634603,184.47802089867432,0.24806024904182444,1.9729066998349878,-0.966915436389259,0.25137933376408583,1.4301338643335264,0.77772729737355,2.62982008837884,Rv1373_p.Pro231Leu
TTP_baseline,1.3650459448656749,0.07324641556098362,0.02151613241460278,0.09547975238940648,0.30899798120603716,0.3035416362444632,4.417653278956131,534.8244720115989,0.23285917979495796,296.89523937068094,190.91388296579538,1.6697533291289722e-05,1.9724676625862647,0.7555574191323282,1.9745344705990215,0.25536894282676476,0.1388259247518671,0.46974869482785414,Rv1373_p.Pro231Leu
bl_prevtb,-0.020474878465037042,0.024392752308990913,0.00647519718869261,0.03108378940397328,0.17630595396631754,0.2743043101583956,-0.11613265465185978,625.8626555299973,0.21525808864626667,303.7071310496808,204.48056110078562,0.9076613822945474,1.9716332395118255,-0.36808555762887046,0.3271358006987964,1.0206859267239232,0.7209858259991642,1.4449656615211766,Rv1373_p.Pro231Leu
diabetes,0.3777160267643574,0.09599409292011182,0.03167852729758355,0.12872857112761482,0.3587876407119047,0.3410051307505482,1.0527565164031154,448.4737726856674,0.25429069802267706,288.60091378311137,175.59949212870632,0.2938990835186983,1.9735655495752358,-0.33037490055803503,1.0858069540867499,0.6854251154196882,0.3376292246546589,1.39148970095415,Rv1373_p.Pro231Leu
fstrom1_baseline,0.31194834934177285,0.026281197511593045,0.006890823261948658,0.03340171488227332,0.18276136047390684,0.27093580372581233,1.706861606484431,638.1347962813497,0.21317819746013164,304.51208077378425,206.14268116694058,0.08935356017796102,1.9715386061050886,-0.04837272853682306,0.6722694272203688,0.7320193365324592,0.5105486091412754,1.0495617840555989,Rv1373_p.Pro231Leu
peth_value_baseline,-0.0003475331081689365,4.217479604229038e-08,7.004397724703544e-09,4.941267369115071e-08,0.00022228961669666604,0.1716161861601563,-1.5634248388811447,1351.6125978226423,0.14647816254793267,330.32601520370696,265.4513072474956,0.11914404461832605,1.9689409243843652,-0.0007852082315487163,9.014201521084336e-05,1.0003475935047959,0.9999098620474585,1.000785516588235,Rv1373_p.Pro231Leu
screen_sex,0.06520316675904046,0.02304786813284975,0.00687559169754961,0.03015264622031768,0.17364517332859464,0.3082618334379312,0.3754965687163346,522.3334359218028,0.23562701712994386,295.82404395718424,188.86191608404437,0.7077125888209941,1.9726043725259597,-0.2773300614169735,0.4077363949350544,0.9368771017560984,0.6651541937288747,1.3196018488198604,Rv1373_p.Pro231Leu
screen_years,-0.023094944516470938,3.84607597095167e-05,1.3644776201339055e-05,5.256036178423372e-05,0.007249852535343992,0.3665970766362223,-3.1855743829105516,402.996224793983,0.2682554228336079,283.1963515354932,166.3192877351025,0.0017253787284018905,1.9743299331094923,-0.037408545387630325,-0.00878134364531155,1.0233636977062799,1.0088200127494396,1.0381170521477165,Rv1373_p.Pro231Leu
smoked_substance_use,-0.1021149380831173,0.024345230762492134,0.008586755259400137,0.03321821119720561,0.1822586381963983,0.3644648317888929,-0.5602748878935454,406.45403009655973,0.2671119279132011,283.63890157216395,167.058912424146,0.5760425114602636,1.9742658756800193,-0.46194194802217736,0.2577120718559428,1.1075107595764202,0.7728177160463728,1.5871531631709361,Rv1373_p.Pro231Leu
F2,-0.023033278303073952,0.01683824460260108,0.005724076315875121,0.022753123462338706,0.15084138511144315,0.35127645424653875,-0.15269866612572358,429.12946557007723,0.25995898407214363,286.4072003224874,171.76725480097892,0.8788151375747598,1.973871118848532,-0.32077473190166056,0.27470817529551267,1.023300592687858,0.7597938174817226,1.3781950825369957,"Rv1894c_c.-381G>A,Rv1895_c.-271C>T"
Indel_Sample1,0.06893963140546303,0.08552293341411313,0.019931484766131526,0.10611880100578236,0.32575880802486734,0.24082274507518803,0.21162783540207578,769.8790193643866,0.19408311624767588,311.9021694746558,221.9736660705616,0.832591569465922,1.9707086767183433,-0.5730360780865681,0.7109153408974941,0.9333830253988489,0.4911943813189755,1.7736438062734259,"Rv1894c_c.-381G>A,Rv1895_c.-271C>T"
Lineage_2,-0.24252568705668143,0.020724619911249194,0.009691155823910195,0.030738814262623065,0.1753248820408075,0.48320279909877756,-1.383293028540197,273.2374275302143,0.3257833651557162,260.93215732710786,133.47152935899848,0.16888447820421698,1.9778971138062957,-0.5893002652236239,0.10424889111026098,1.274463985971606,0.9010010183680234,1.8027265435067337,"Rv1894c_c.-381G>A,Rv1895_c.-271C>T"
TTP_baseline,1.3639546246436303,0.07327819805882249,0.02159212372268228,0.09559005923892751,0.30917642089740205,0.3044815753001276,4.411573886147834,532.2943556823013,0.23341194008821034,296.68131267657554,190.50232015469754,1.7146393048521584e-05,1.9724948448981283,0.7541057282594508,1.9738035210278098,0.2556477842431174,0.13892743659753787,0.47043111993598674,"Rv1894c_c.-381G>A,Rv1895_c.-271C>T"
bl_prevtb,-0.020386013536242403,0.024357412307023648,0.006472943039193561,0.031046120114190327,0.17619909226267405,0.27460666686821816,-0.1156987432480716,624.7815782232386,0.2154442417463126,303.6350869506809,204.33240369878465,0.9080049262509449,1.9716417500760914,-0.3677875001668398,0.32701547309435497,1.0205952275717698,0.7210725857161325,1.4445350429011166,"Rv1894c_c.-381G>A,Rv1895_c.-271C>T"
diabetes,0.3737404828757667,0.0960252208944869,0.0322551956098603,0.12935558969134253,0.35966038104209164,0.34710015229727265,1.039148325964842,436.8055621590992,0.2576646967972994,287.29512461449417,173.30753955221778,0.3001833403504655,1.9737466665024983,-0.33613799527908,1.0836189610306135,0.6881554767880063,0.3383687638119887,1.399532140314394,"Rv1894c_c.-381G>A,Rv1895_c.-271C>T"
fstrom1_baseline,0.31181492874577754,0.02629594298736448,0.006852807722382683,0.03337717763382658,0.18269421893926086,0.269290006061571,1.7067585967208114,644.2868195253895,0.21215798184462206,304.90691983253157,206.96250036696506,0.0893667865348615,1.9714924923828228,-0.048365352294718944,0.671995209786274,0.7321170095042676,0.5106886296680122,1.0495540422623293,"Rv1894c_c.-381G>A,Rv1895_c.-271C>T"
peth_value_baseline,-0.00034515067874024143,4.2241414383074515e-08,7.0489219485411825e-09,4.9525300396567066e-08,0.0002225428057623231,0.1724347093929482,-1.5509406271657427,1340.6825387186138,0.14707404003949162,330.0954014938998,264.8784917748503,0.12210987709815356,1.9689604249551076,-0.0007833286561447271,9.302729866424424e-05,1.0003452102500892,0.9999069770282407,1.000783635538161,"Rv1894c_c.-381G>A,Rv1895_c.-271C>T"
screen_sex,0.06646463541869548,0.02304542773591142,0.006831004853890828,0.03010413275159861,0.1735054257122774,0.30629524852288564,0.3830694927599165,527.472925412287,0.23447627852067432,296.2693974123176,189.71234260168671,0.7020971219984099,1.9725473527332613,-0.27578303275491484,0.40871230359230576,0.9356960057686942,0.6645053806354592,1.3175619652232633,"Rv1894c_c.-381G>A,Rv1895_c.-271C>T"
screen_years,-0.02320323199748342,3.8282316194851434e-05,1.3958722028277352e-05,5.27063289574047e-05,0.0072599124621034305,0.3767800435359536,-3.196076002101091,387.2142561786208,0.27366756607560766,281.1017692619122,162.866979620154,0.0016734432697309738,1.9746366827308315,-0.03753892145856756,-0.008867542536399278,1.0234745211835534,1.0089069756638451,1.038252406593447,"Rv1894c_c.-381G>A,Rv1895_c.-271C>T"
smoked_substance_use,-0.10359265763973398,0.02444915769533845,0.00851143192036832,0.03324430401305238,0.18233020598094102,0.35973207859798134,-0.5681596040678116,414.32997194696895,0.264561000111802,284.6261496761187,168.72181380546428,0.5706819545060846,1.974123920365794,-0.463535078671932,0.25634976339246407,1.1091485596916069,0.7738712496175831,1.5896837207402243,"Rv1894c_c.-381G>A,Rv1895_c.-271C>T"
F2,0.031018285637249947,0.02795950837130484,0.011773970981153858,0.040125945051830494,0.20031461517280882,0.43514487161055404,0.15484784078531103,315.44361830920525,0.3032062338920697,269.66985269447474,145.38314070420796,0.8771560437419653,1.976415733120318,-0.36488667136423136,0.42692324263873127,0.969457845759452,0.6525136355305999,1.4403507659120527,"Rv1894c_c.-397G>T,Rv1895_c.-255C>A"
Indel_Sample1,0.6075891012314696,1.9156424248670627,0.5958200332275423,2.531323125868856,1.5910132387472005,0.32139646366650043,0.38188814928397385,490.20991439320085,0.24322485529794474,292.88356429272653,183.3426415707593,0.7029865856615447,1.9729873716104052,-2.5314599268817277,3.7466381293446664,0.5446624133806358,0.023596942525570517,12.571846722436609,"Rv1894c_c.-397G>T,Rv1895_c.-255C>A"
Lineage_2,-0.8533811273376989,1.9009079399582096,0.5818528871763312,2.502155923373752,1.5818204459968748,0.3162951612631806,-0.5394930439149128,502.2494518416113,0.2402919729338277,294.0186346586964,185.45349310378543,0.5901938320126123,1.9728381838569495,-3.974056903205963,2.2672946485305654,2.347570884390019,0.10359205424959411,53.19992056492429,"Rv1894c_c.-397G>T,Rv1895_c.-255C>A"
TTP_baseline,1.353896686313838,0.07321965924031151,0.02209203371499202,0.0960480940791366,0.309916269465055,0.3117801294854533,4.368588614759698,513.3614202677574,0.2376771247539397,295.03062092749946,187.35629603413784,2.067735321091167e-05,1.972706599577842,0.7425228162235792,1.9652705564040969,0.2582320482896201,0.14011797167241624,0.4759117618384717,"Rv1894c_c.-397G>T,Rv1895_c.-255C>A"
bl_prevtb,-0.024466479815989404,0.024402985654779222,0.006293926321110964,0.03090670951992722,0.17580304183923331,0.26651344868836857,-0.13916983210315143,654.906576008687,0.21043080826688118,305.5753624434476,208.3571864484622,0.8894503708299485,1.97141488173418,-0.37104721275199065,0.3221142531200118,1.0247682401114993,0.7246153960304343,1.4492514949228492,"Rv1894c_c.-397G>T,Rv1895_c.-255C>A"
diabetes,0.359875862601226,0.09589669248376961,0.030999038995979437,0.12792903277961504,0.3576716829434713,0.3340296674076309,1.0061625780369734,462.5502196586436,0.25039148346433554,290.10996949904506,178.28819970818418,0.3157009724276726,1.9733590551205011,-0.345938791695462,1.065690516897914,0.6977629391711869,0.34448989652487055,1.413316106487505,"Rv1894c_c.-397G>T,Rv1895_c.-255C>A"
fstrom1_baseline,0.31654382827595534,0.02640420877498124,0.006435356347271568,0.03305407700049519,0.18180780236418675,0.25184879737108046,1.741090449142954,716.5095579619149,0.2011814828595677,309.15499294738515,215.9697409275465,0.08309176222524675,1.9710090278315666,-0.041800991514074015,0.6748886480659847,0.7286630748136018,0.5092131193163969,1.0426869545497899,"Rv1894c_c.-397G>T,Rv1895_c.-255C>A"
peth_value_baseline,-0.00034575964479833496,4.2291390052397164e-08,6.88389174401869e-09,4.940474485454981e-08,0.00022227178150757197,0.1681986520977323,-1.555571483042962,1398.8990563308844,0.14398120713090898,331.2923751688005,267.8574073110226,0.12099073650089154,1.9688599276371153,-0.0007833816484531058,9.18623588564359e-05,1.0003458194265542,0.9999081418603609,1.0007836885719974,"Rv1894c_c.-397G>T,Rv1895_c.-255C>A"
screen_sex,0.06053589456474421,0.023137555064273903,0.007080193405085816,0.030453754916195914,0.17451004245084553,0.31620453550940497,0.3468906070651804,502.4681912319362,0.2402396641089112,294.0388789745844,185.4913649817544,0.7290667294518913,1.9728355384078624,-0.28374371899134854,0.404815508120837,0.9412599822946539,0.6670998740153953,1.3280925222433568,"Rv1894c_c.-397G>T,Rv1895_c.-255C>A"
screen_years,-0.02303423511711671,3.8376063773519905e-05,1.3390740989303914e-05,5.221316279580062e-05,0.007225867615435576,0.36056587522737366,-3.1877466268427064,412.9218863327775,0.2650116997584677,284.45172201439505,168.426708752531,0.0017095476650902009,1.9741489062846966,-0.03729917376708686,-0.008769296467146557,1.0233015717967036,1.0088078593882166,1.0380035178122395,"Rv1894c_c.-397G>T,Rv1895_c.-255C>A"
smoked_substance_use,-0.10827629642307292,0.024277752475061955,0.008723721788326222,0.03329226498966572,0.1824616808803035,0.37130753861435273,-0.5934193738689886,395.5489093890762,0.2707689764394812,282.22356781726097,164.70604547730343,0.5537145547860478,1.974471663205142,-0.46854171494201163,0.2519891220958658,1.1143555953206097,0.7772531929086811,1.5976626460359198,"Rv1894c_c.-397G>T,Rv1895_c.-255C>A"
F2,-0.01942021177649537,0.01673270366190061,0.006224165792371001,0.023164341647350643,0.15219836282743202,0.38437529973679624,-0.12759803335410846,376.1791650739485,0.27765252660161976,279.5595285440517,160.37557499608445,0.8986269400018733,1.9748663179611698,-0.31999163217322424,0.28115120862023346,1.0196100107436468,0.7549141773184295,1.3771162408175903,Rv1894c_p.Ala155fs
Indel_Sample1,0.4318419445299899,0.3820539083564674,0.3947849197696514,0.7899983254517738,0.8888184997240853,1.0677666375674986,0.4858606618382111,108.75477929172989,0.516386432669989,187.16585280519382,68.78594732830345,0.6286101299820026,1.9950561720444078,-1.3414008891717972,2.205084778231777,0.6493119958878638,0.1102411788560907,3.82439731122839,Rv1894c_p.Ala155fs
Lineage_2,-0.26491357863377046,0.019487876619904778,0.00875056256246761,0.02853012460112131,0.1689086279653035,0.46399349490856506,-1.5683839352965905,288.70380524544015,0.3169368556091461,264.3558919273889,137.9969510138426,0.1190817576245912,1.9773039284413059,-0.5988972722571961,0.0690701149896552,1.3033183363599523,0.933261242181799,1.8201106068874764,Rv1894c_p.Ala155fs
TTP_baseline,1.3467795923075723,0.07362720811151464,0.022430392743226977,0.09680528061284918,0.311135469872609,0.3148030883668628,4.328595492050445,505.87295327884385,0.23942983641594925,294.35229468708246,186.07868846460008,2.4476635918346174e-05,1.9727946510605363,0.7329732015876826,1.960585983027462,0.2600764657133865,0.14077590445609534,0.4804783054266332,Rv1894c_p.Ala155fs
bl_prevtb,-0.018074553938755324,0.024465489487988143,0.006356167179607725,0.031033528906916123,0.17616335858207324,0.26846139424893595,-0.10260109755079697,647.4240424159992,0.21164333062567792,305.10609773157756,207.37718927040441,0.9183787160295479,1.97146930634717,-0.36537520828634307,0.3292261004088324,1.018238887279671,0.7194803235599667,1.4410546023530384,Rv1894c_p.Ala155fs
diabetes,0.3727348668363651,0.09544296594391605,0.03084664907557447,0.127317836655343,0.3568162505482941,0.33396773032134386,1.0446129240571582,462.67883709597464,0.2503566785988843,290.1234395147022,178.31239327981984,0.2976159764168366,1.973357225497207,-0.3313910593579327,1.0768607930306628,0.6888478450430303,0.3406632613306083,1.3929043941134613,Rv1894c_p.Ala155fs
fstrom1_baseline,0.3047646419480708,0.026543301840895026,0.008004156525495102,0.034814263583906636,0.18658580756291898,0.3116025953586758,1.6333752600411502,513.807453544432,0.23757393928719978,295.07055528249725,187.43178695822402,0.10406876516352376,1.97270143461446,-0.06331344830999702,0.6728427322061385,0.7372968827305474,0.510255992965348,1.0653607224189907,Rv1894c_p.Ala155fs
peth_value_baseline,-0.00033966904841991084,4.2371311492460455e-08,7.386534543767625e-09,5.000406385435367e-08,0.0002236158846199296,0.18013962969381736,-1.518984436178279,1244.6471685906474,0.15264264088864962,327.9402677315892,259.5530882871328,0.1299835497933276,1.9691458583970947,-0.0007800013414910478,0.00010066324465122611,1.0003397267424832,0.9998993418217232,1.000780305621645,Rv1894c_p.Ala155fs
screen_sex,0.06722701837016458,0.023155149428652076,0.006579342043856871,0.029953802873970842,0.17307166976131835,0.2936130240172903,0.3884345627616396,562.9322432979966,0.22697129556216175,299.1739406894501,195.3525687400315,0.6981174607998545,1.9721818256481551,-0.27410178326768686,0.40855582000801605,0.9349829189432965,0.664609372955534,1.3153486759119408,Rv1894c_p.Ala155fs
screen_years,-0.023596601258349136,3.844617313502754e-05,1.4506284139213886e-05,5.343600007888189e-05,0.007309993165447002,0.38989126151017145,-3.227992246269934,368.52982723397764,0.2805192552160802,278.4500606917563,158.60949416684625,0.0015149392983361996,1.9750335016979372,-0.038034082657289914,-0.009159119859408354,1.0238772037957544,1.0092011929504345,1.0387666362024406,Rv1894c_p.Ala155fs
smoked_substance_use,-0.10337073958374006,0.024338391474109933,0.008691079461036325,0.03331917358384747,0.18253540364501203,0.36899653451999415,-0.5663051524227682,399.1702081873373,0.26953796099226346,282.69998963740744,165.49398122709232,0.5719535061285924,1.974402092046995,-0.4637690224130945,0.2570275432456144,1.1089024469088768,0.7733469129881346,1.5900556608019478,Rv1894c_p.Ala155fs
F2,0.0953779181820428,0.02853101466140988,0.012428213577218376,0.04137350202453553,0.20340477384893288,0.45012375183753933,0.46890697979821866,300.98459608430346,0.3104036819389796,266.8843301352995,141.45530526165646,0.63985798595463,1.9768764135777084,-0.3067281816490205,0.49748401801310604,0.9090293308331583,0.6080586012576613,1.3589715244646712,Rv2264c_c.1752G>A
Indel_Sample1,1.675995047845133,3.2113830391978038,1.0193823641814632,4.2647448155186485,2.0651258594862076,0.32800876241283655,0.8115704135640971,475.36695423733164,0.24699292030037742,291.42526546232074,180.66685768524377,0.41810611028020894,1.9731815303753795,-2.3988731559936327,5.750863251683899,0.1871218915796462,0.0031800344411960714,11.010761976268153,Rv2264c_c.1752G>A
Lineage_2,-1.9114256980457327,3.1679659649071232,0.9874483703661288,4.188329280952123,2.046540808523525,0.3220878403833844,-0.9339787851211866,488.6185615750325,0.2436206056399278,292.7304028529759,183.05970172496419,0.35154515244402984,1.9730076320267642,-5.9492663325168715,2.126414936425406,6.762723530511315,0.11926409770825074,383.4718949705139,Rv2264c_c.1752G>A
TTP_baseline,1.342227227263216,0.07324600252335527,0.022287402103628028,0.09627631803043755,0.3102842535973064,0.31442419672990124,4.325798720695597,506.80065587582897,0.23921059693829702,294.43714372064017,186.2380152646055,2.4750718022612472e-05,1.9727836040548428,0.7301035391700552,1.954350915356377,0.26126312773474525,0.1416563938498187,0.481859096216356,Rv2264c_c.1752G>A
bl_prevtb,-0.03181136983384027,0.024516270041796358,0.006233649488610216,0.03095770784669358,0.17594802598123566,0.26274134662065607,-0.18079981094663067,669.8382707958991,0.20807218146756937,306.48818711621186,210.27548276866858,0.8566988499809125,1.971309824935008,-0.37865944212857017,0.31503670246088966,1.0323227597245528,0.7297620897129737,1.4603256256631099,Rv2264c_c.1752G>A
diabetes,0.3492837507612735,0.09627747358145296,0.03163335460719388,0.12896527334222,0.359117353162194,0.3395165924572417,0.9726173009621197,451.4110501730418,0.25346202829367276,288.92162165195634,176.16730641659086,0.3320771005550627,1.973521412517278,-0.35944203531084584,1.0580095368333928,0.7051930028267431,0.34714610463416073,1.432529890432948,Rv2264c_c.1752G>A
fstrom1_baseline,0.3237699653555211,0.026469519319388117,0.006355105108489624,0.0330364612648274,0.1817593498690711,0.2480944918644289,1.7813111985091616,733.9368379143385,0.19877861290279414,310.0849403992783,217.98660274032923,0.07625396391195177,1.9709062772206567,-0.03446067824497667,0.6820006089560189,0.7234166341294174,0.5056044630487168,1.0350613271479574,Rv2264c_c.1752G>A
peth_value_baseline,-0.0003471110989748015,4.2108766319887136e-08,7.133289311336424e-09,4.947983194160144e-08,0.000222440625654581,0.17504824448473802,-1.5604662950095105,1306.7541093904683,0.14897111272354366,329.36120532834485,263.058541573875,0.11985194052475605,1.9690229483102757,-0.0007851017955251669,9.087959757556394e-05,1.0003471713490033,0.99990912453185,1.0007854100686098,Rv2264c_c.1752G>A
screen_sex,0.05284484999436753,0.02316250525876928,0.0071718380786830885,0.030573404606741805,0.17485252244889635,0.3199524086526337,0.30222526535076066,493.56434145635717,0.24239692776441168,293.20398492056404,183.9360163316596,0.7628218142810261,1.972945085686396,-0.29212957489105273,0.39781927487978785,0.9485271650616431,0.6717834248321296,1.3392765430089353,Rv2264c_c.1752G>A
screen_years,-0.022906479224493594,3.838911405616728e-05,1.337774162424991e-05,5.221278040122552e-05,0.007225841155272202,0.36009339326853895,-3.1700778819058737,413.7187018154343,0.2647563726511254,284.5505375130045,168.59382076458837,0.0018103674260219124,1.9741347464474803,-0.03717126332142665,-0.008641695127560536,1.0231708473415635,1.0086791423663806,1.0378707548107478,Rv2264c_c.1752G>A
smoked_substance_use,-0.11304271234285797,0.024175563528312786,0.00861097670441423,0.033073572789540824,0.1818614109412462,0.36805798759591646,-0.6215871292199453,400.65864292674405,0.26903683245379345,282.8939340521301,165.81592042339307,0.5350670308479561,1.9743738579074919,-0.472105127867426,0.24601970318171007,1.1196797560728924,0.7819068187215725,1.603365933308062,Rv2264c_c.1752G>A
F2,-0.025769547212808837,0.01706690380474673,0.006007803162894987,0.02327496707307155,0.15256135511023605,0.3637486529102135,-0.16891267906075277,407.62787960567726,0.2667270483706663,283.7878558461383,167.3086625094095,0.8660693646822926,1.9742443741416724,-0.3269629442506222,0.27542384982500456,1.026104452592872,0.7592502469318853,1.3867500891644435,Rv2264c_p.Gly576fs
Indel_Sample1,0.4091028394759543,0.09054619306253472,0.01717008787640096,0.10828861720148238,0.3290723586105074,0.19594886917768095,1.2432002529880417,1080.2833932150745,0.16384385171283525,323.60522769552495,249.01217107259419,0.21496328654836866,1.969536397500547,-0.23901714821879255,1.0572228271707012,0.6642459181074549,0.3474193152836801,1.2700003146403707,Rv2264c_p.Gly576fs
Lineage_2,-0.20909263282757365,0.020420736527952423,0.00934278690233775,0.030074949660368097,0.173421306823493,0.47276517765168474,-1.2056917149193593,281.4323722072252,0.3210051302309483,262.78140737924195,135.89364625586987,0.23003150910280099,1.977574669355315,-0.5520462163282094,0.1338609506730621,1.2325591686831683,0.8747116842185306,1.7368032595359706,Rv2264c_p.Gly576fs
TTP_baseline,1.377518216901854,0.07344082507142945,0.021527881098628153,0.09568630220667854,0.3093320258341812,0.30290342072836013,4.453202713773577,536.5548077839092,0.23248340276751173,297.0406708319918,191.1941752693938,1.436760381154889e-05,1.972449217647466,0.7673765045519176,1.9876599292517905,0.2522036918691965,0.13701567697149739,0.46422937577927215,Rv2264c_p.Gly576fs
bl_prevtb,-0.030148700639447315,0.024565073707845424,0.00635996658325012,0.031137039177203882,0.17645690458920524,0.2675329025070073,-0.1708558852351741,650.9716545204597,0.21106584450617705,305.32959369889767,207.84340829244545,0.8645032972007284,1.9714433502804198,-0.37802349180290246,0.31772609052400785,1.0306077745948454,0.7278021130103022,1.4593972263451025,Rv2264c_p.Gly576fs
diabetes,0.3899674458390088,0.09591118538551921,0.032079274535638545,0.1290597690723457,0.3592488957148591,0.34561749553594107,1.0855077092527279,439.592030643061,0.256846761195154,287.6116782119469,173.86022667694718,0.2791996806269952,1.973702551605591,-0.31908301629489944,1.099017907972917,0.6770789158754247,0.3331981543158605,1.3758655394245034,Rv2264c_p.Gly576fs
fstrom1_baseline,0.3110113530911986,0.026179937121189115,0.006857082843933323,0.03326558939325355,0.18238856705740508,0.27065199733919754,1.70521298625758,639.1882339869445,0.21300245693231107,304.5800950479569,206.28368962154448,0.08966006176272613,1.9715306483192316,-0.04857329676550293,0.6705960029479001,0.7327055573490979,0.511403688832099,1.0497723139156119,Rv2264c_p.Gly576fs
peth_value_baseline,-0.00037181423139823894,4.2092238308503674e-08,7.005219159622225e-09,4.933096477344664e-08,0.0002221057513290609,0.17197295168502752,-1.6740414382488338,1346.83031856384,0.14673798694566284,330.22545918488134,265.2014717059122,0.09530137290772571,1.9689494192240928,-0.0008091292214839242,6.550075868744633e-05,1.0003718833628772,0.9999345013864405,1.0008094566548384,Rv2264c_p.Gly576fs
screen_sex,0.06448455243723915,0.023012285599674363,0.0069541244513915065,0.030198214199445586,0.17377633383014382,0.3122648799332175,0.3710778735858763,512.1471085037225,0.2379587267085201,294.92163666084286,187.150430934155,0.7109992459344623,1.9727207058350693,-0.2783276194935928,0.40729672436807113,0.9375505970218768,0.6654467067503337,1.3209188851029454,Rv2264c_p.Gly576fs
screen_years,-0.023201214333317382,3.844182594704725e-05,1.3919057206166089e-05,5.2824851726752204e-05,0.007268070701826737,0.37415043186338903,-3.192210874817997,391.17766823528143,0.2722776365583423,281.6396932595252,163.74601013117788,0.001693050210319808,1.9745573414428559,-0.037552436695735096,-0.008849991970899668,1.0234724561577704,1.0088892689312678,1.038266438915787,Rv2264c_p.Gly576fs
smoked_substance_use,-0.0947595081302178,0.024267910176016053,0.00846001820446215,0.03300992898729361,0.1816863478285961,0.360229568507192,-0.5215554677757871,413.4887563513141,0.26482997932660163,284.52205060296245,168.5456266382006,0.6026645439557271,1.974138827160089,-0.4534335817435625,0.26391456548312686,1.0993944279094834,0.768039153907859,1.5737063689638706,Rv2264c_p.Gly576fs
F2,-0.020111209924205526,0.016749014362943956,0.006209868584009068,0.02316587856641999,0.15220341180939403,0.38311891460747144,-0.13213376549923211,377.96349092663496,0.2769963670955945,279.8134723161412,160.78288343138252,0.8950436986998127,1.9748282857046442,-0.32068681274614913,0.2804643928977381,1.0203148028494335,0.7554328423378028,1.3780739181156239,Rv2264c_p.Leu250Arg
Indel_Sample1,-0.0322180550757286,0.07298057921569609,0.020993063402038856,0.0946734113978029,0.3076904473619597,0.29724116217265234,-0.10470931207632861,552.3591311468538,0.22913331062886202,298.33720776656975,193.71104979857176,0.9167148108249104,1.972285998322393,-0.6390716162252751,0.5746355060738179,1.0327426755367926,0.5629100086977199,1.894721034259722,Rv2264c_p.Leu250Arg
Lineage_2,-0.2567323416378153,0.02072919948697794,0.008970424647212063,0.029998638289097074,0.17320114979149842,0.44716819903933985,-1.4822785065045623,303.7345512638495,0.30899531881379044,267.4293882213262,142.21406431818082,0.14047872043250914,1.9767854219838854,-0.5991138496164966,0.08564916634086606,1.2926990787318844,0.9179162106391965,1.8205048443262617,Rv2264c_p.Leu250Arg
TTP_baseline,1.362682963233443,0.07332156818904498,0.022687878366741656,0.09676570916801136,0.3110718713866803,0.3197441292924935,4.380604897379324,494.0516076738759,0.24227736437358227,293.2502577828669,184.0218697111219,1.984022284918061e-05,1.9729389902083092,0.7489571394175969,1.976408787049289,0.2559730884595105,0.13856596473715171,0.4728594221516856,Rv2264c_p.Leu250Arg
bl_prevtb,-0.019101529143633812,0.024521534261708295,0.00640578928564456,0.031140849856874344,0.17646770202185538,0.2699388841057334,-0.10824376883010639,641.8488145796912,0.2125605314430695,304.751126976459,206.638666457241,0.9139073578936528,1.9715106636293824,-0.36700948546589407,0.3288064271786264,1.0192851305105244,0.7197823335597482,1.4434116104818457,Rv2264c_p.Leu250Arg
diabetes,0.3661183814310329,0.09582831896925444,0.03117031158029545,0.12803764093555972,0.3578234773398187,0.336114859498259,1.0231815535215336,458.25811056525635,0.2515613512632272,289.6572127547342,177.47699891929074,0.3076146374735872,1.9734206923595563,-0.340017872963416,1.0722546358254819,0.693420708214962,0.3422360292938273,1.404972701364883,Rv2264c_p.Leu250Arg
fstrom1_baseline,0.31355782979953073,0.02645970434107009,0.007175100787236841,0.03387397515454816,0.18404883904699904,0.28020988889017273,1.7036664367084655,605.3317272371461,0.2188780850092398,302.30613704910263,201.61730057199333,0.08998417946649315,1.9717999409809126,-0.04934966017094744,0.6764653197700089,0.7308421133286058,0.5084108899921788,1.0505876351760277,Rv2264c_p.Leu250Arg
peth_value_baseline,-0.00034213903717329427,4.227139006577393e-08,7.036708563869709e-09,4.954265558177263e-08,0.00022258179526136594,0.1720138728507549,-1.5371384563213655,1346.2835975910705,0.1467677788082456,330.213929278064,265.1728317866211,0.12545174147176769,1.968950394058045,-0.0007803915506633078,9.61134763167193e-05,1.0003421975734093,0.9999038911424354,1.000780696135376,Rv2264c_p.Leu250Arg
screen_sex,0.06580872335759085,0.023037907015880398,0.0067443609370466265,0.03000707998416191,0.1732255177049903,0.30250894595058275,0.3799020157622829,537.6293665149169,0.23225095450673391,297.1306318667944,191.36776282094246,0.7044394320784315,1.9724378217922307,-0.2758678394632717,0.4074852861784534,0.9363099413862829,0.6653212407440163,1.317673708054794,Rv2264c_p.Leu250Arg
screen_years,-0.023274270098557627,3.818875267174684e-05,1.3681421331959117e-05,5.232622138143793e-05,0.007233686569200931,0.3701998028375093,-3.217483903387954,397.2770094728141,0.2701794308179527,282.45173099645,165.08288134649413,0.001556616268533193,1.974438306847908,-0.037556737960519164,-0.008991802236596088,1.0235472294525343,1.0090323499314908,1.0382709047842615,Rv2264c_p.Leu250Arg
smoked_substance_use,-0.10560106591040583,0.024288974444234612,0.00863628964742821,0.03321314041324377,0.18224472670901556,0.36741633490941605,-0.5794464828549785,401.6822155742619,0.2686938319584688,283.0266804938283,166.03666863426324,0.5630733085043389,1.9743545619710439,-0.46541677348351684,0.25421464166270524,1.1113784213190128,0.775525324135525,1.5926778364721637,Rv2264c_p.Leu250Arg
F2,0.1015500957036957,0.028423054238620203,0.011225572391341802,0.04002281237634007,0.20005702281184748,0.40811089618787477,0.5076057529817537,345.2354114987877,0.2898286614305293,274.84717799585303,153.02312982535202,0.6124606887478634,1.975587934598698,-0.29368014479512666,0.4967803362025181,0.9034359199504256,0.6084866316160644,1.34135479573143,Rv2264c_p.Pro575fs
Indel_Sample1,1.7659779768652548,3.1822287557353217,0.864501851308106,4.075547335420364,2.0187984880666927,0.28072104435453216,0.8747668414178613,603.6110027865996,0.2191898427779893,302.185482020794,201.37247702932856,0.3827429006104597,1.9718144161191922,-2.214717985144279,5.746673938874789,0.1710194516062785,0.003193384544568617,9.158825822420077,Rv2264c_p.Pro575fs
Lineage_2,-1.9507796313471144,2.9660243133815403,0.7953064850433217,3.7878410145929724,1.9462376562467834,0.2770768592501812,-1.0023337206973428,616.0721216631352,0.21696177269460762,303.0477792461762,203.1283275890189,0.31737496623499467,1.9717113786221194,-5.788198563671742,1.8866393009775133,7.034169502417573,0.15158036979816294,326.4244615224651,Rv2264c_p.Pro575fs
TTP_baseline,1.3446413728263746,0.07313684032220658,0.02204279802769128,0.09591439828415424,0.3097004977137658,0.3114375444933146,4.341747535934318,514.2227542786156,0.23747798421741934,295.1076913632023,187.50201562137872,2.3101719944491286e-05,1.9726966334441616,0.7336962436104476,1.9555865020423018,0.26063316123548097,0.14148147318267937,0.48013102498508886,Rv2264c_p.Pro575fs
bl_prevtb,-0.029113406569728346,0.02443187962478766,0.00621737047219383,0.030856495779387948,0.17566017129499775,0.26296037199209676,-0.16573709541041193,668.9548931302729,0.20820951933537174,306.4350352592621,210.16335139085535,0.8685231760389526,1.9713159128107751,-0.37539509749062394,0.3171682843511673,1.029541344607175,0.7282081987695879,1.4555663916535089,Rv2264c_p.Pro575fs
diabetes,0.3526981267898653,0.09584949620461412,0.031363507875959026,0.12825845434310512,0.3581318951770494,0.3381234061919968,0.9848274659130881,454.19239902715435,0.2526847707972026,289.2224321998887,176.70165406374178,0.32605538004400025,1.9734801376944484,-0.3540680550169119,1.0594643085966424,0.7027893146252239,0.3466414534485664,1.4248521515176409,Rv2264c_p.Pro575fs
fstrom1_baseline,0.31582424906247153,0.026281579763762854,0.00668674895905445,0.033191220354785785,0.1821845777083938,0.26290811485198357,1.7335399792620347,669.1654710966418,0.20817675629774313,306.44771505629944,210.19009636467882,0.08446615304762763,1.971314460170138,-0.04331884339407538,0.6749673415190185,0.7291875943099015,0.5091730491543582,1.0442708006217933,Rv2264c_p.Pro575fs
peth_value_baseline,-0.0003469537238694836,4.2236781733135923e-08,7.157760153107424e-09,4.963313389134693e-08,0.00022278494987621342,0.17511637617049697,-1.5573481245580656,1305.8889051470717,0.14902045424740928,329.34210940338147,263.0112827121523,0.12059030501572071,1.969024583439987,-0.0007856227669961932,9.171531925722593e-05,1.000347013919274,0.9999082888864641,1.0007859314493928,Rv2264c_p.Pro575fs
screen_sex,0.05429734697772533,0.023089176562916373,0.007112023976080829,0.030438268004866563,0.17446566425766005,0.31829162126784544,0.3112208193443505,497.4742074500453,0.24144249734496046,293.5733641015205,184.62249539353684,0.7559838830244723,1.9728965061522736,-0.2899053524797478,0.39850004643519843,0.9471504323078906,0.6713262494187727,1.3363010044635057,Rv2264c_p.Pro575fs
screen_years,-0.02312967422597154,3.82417299019219e-05,1.3576864103875296e-05,5.227115614259304e-05,0.0072298794002799965,0.366861705175269,-3.199178429598118,402.57091032935125,0.26839709078558704,283.1415238696903,166.2279044850668,0.0016506819134217618,1.9743378874819064,-0.037403899047869296,-0.00885544940407378,1.023399239447388,1.0088947748920574,1.0381122287143862,Rv2264c_p.Pro575fs
smoked_substance_use,-0.11355255903098713,0.024194576674058645,0.008572004876766315,0.03305231504671717,0.18180295665009732,0.3661042923787035,-0.6245913769682707,403.79047313413764,0.2679914662600403,283.2985067696155,166.48969992608795,0.5330942854107701,1.9743151232259772,-0.47248888579247106,0.24538376773049678,1.1202507666398454,0.7824042191276559,1.6039813557707872,Rv2264c_p.Pro575fs
F2,0.11040497692731625,0.027190485908784,0.01217919907566723,0.03977565828697347,0.19943835711059563,0.46285205863583995,0.5535794544581651,289.6772660204728,0.3164038741330175,264.5621639165304,138.27533769026792,0.5807607139968252,1.9772687165863856,-0.2839382474748484,0.504748201329481,0.8954714165923413,0.6036575564620922,1.32835089919768,Rv2264c_p.Thr487Ala
Indel_Sample1,2.0879750001291617,3.661757319029085,1.1176178007004764,4.816629046419577,2.194681992093519,0.3153872927047789,0.9513792921485773,504.44857515677637,0.23976762924040448,294.22156369372,185.8334766331843,0.3426475962385157,1.9728116901976853,-2.241719290139277,6.4176692903976,0.12393785602002266,0.0016324565865515255,9.409495040409173,Rv2264c_p.Thr487Ala
Lineage_2,-2.3216867151359475,3.61805071335906,1.0840189500464947,4.7382036284071045,2.176741516213421,0.3096012200470445,-1.0665881538266737,518.8846377287325,0.23640877490624415,295.5214917320758,188.2863557031124,0.28752355881508446,1.9726432570809471,-6.61562118950251,1.9722477592306147,10.192852253022807,0.13914374281282282,746.6684088821113,Rv2264c_p.Thr487Ala
TTP_baseline,1.3418890659536202,0.07311540848266512,0.022077790380553,0.09592912520923655,0.30972427287708104,0.3120233778353344,4.332527940056445,512.7514258289605,0.23781845895926934,294.9759224267583,187.25294511341602,2.4013310538575244e-05,1.9727136774722875,0.7308917566038434,1.9528863753033971,0.26135149175597366,0.1418640073043735,0.4814794361230976,Rv2264c_p.Thr487Ala
bl_prevtb,-0.03341727848894629,0.02453574533834438,0.006241678338707055,0.030985479621675006,0.17602692868329836,0.2628709335864764,-0.1898418539646824,669.3153697337914,0.2081534435509882,306.4567374461214,210.2091287728753,0.8496162486390126,1.9713134266602583,-0.38042152645610006,0.3135869694782075,1.0339819076426877,0.7308208171345436,1.4629011110059664,Rv2264c_p.Thr487Ala
diabetes,0.3448713707404502,0.09638174039444797,0.03202236873578504,0.12947152142142584,0.35982151328321915,0.3433200198663771,0.9584512265363034,443.97520286240797,0.25557574873374395,288.10357948878493,174.72278699037307,0.3391596449374592,1.973634264437082,-0.36528469695691373,1.0550274384378142,0.708311457186641,0.34818287358100375,1.4409241764877974,Rv2264c_p.Thr487Ala
fstrom1_baseline,0.3251875594143911,0.026465999244762457,0.006388955271597828,0.033067919692080214,0.18184586795437563,0.2494491285313649,1.7882592718355266,727.5639511020603,0.19964728682037172,309.74875029714644,217.255630159673,0.07512767124644089,1.9709432955692288,-0.03322033485725284,0.683595453686035,0.7223918495426735,0.5047987451036408,1.0337782915417968,Rv2264c_p.Thr487Ala
peth_value_baseline,-0.0003489314247896384,4.2061210615258425e-08,7.15316209500038e-09,4.9452811446758815e-08,0.00022237988093970826,0.17573438147353188,-1.569078206693711,1298.0844878377593,0.1494677575502099,329.1689961787185,262.58304069631623,0.11783394311712153,1.9690394273230405,-0.0007868061782033274,8.894332862405068e-05,1.0003489923084403,0.9999110606267165,1.0007871157913808,Rv2264c_p.Thr487Ala
screen_sex,0.049426916585725816,0.023181726277141917,0.007276816070688511,0.030701102883520046,0.17521730189544651,0.3243665513293773,0.2820892460450009,483.43966257987813,0.2449220353713883,292.22672962705786,182.13241283507404,0.7781953619393597,1.973074476316736,-0.29628986959326375,0.39514370276471544,0.9517747145404801,0.6735832365202704,1.3448599343391632,Rv2264c_p.Thr487Ala
screen_years,-0.022868586544974423,3.838965605242012e-05,1.3427401542940874e-05,5.226463764679236e-05,0.0072294285836981866,0.36142500405386013,-3.1632633589522348,411.4803059135096,0.2654755149770714,284.27221842558293,168.123600430462,0.0018516758669035295,1.9741746617863238,-0.037140741274105174,-0.008596431815843674,1.0231320773911052,1.0086334872411964,1.0378390773538888,Rv2264c_p.Thr487Ala
smoked_substance_use,-0.11534707267467928,0.02415347068808276,0.008620349652054498,0.033061165328539074,0.1818272953341689,0.3687956383366197,-0.6343771019785022,399.48793807824046,0.26943075212073697,282.74148111164027,165.56279767677356,0.5267103260759225,1.97439604753551,-0.4743461659165342,0.24365202056717564,1.1222628767645098,0.7837603192870967,1.6069631666341095,Rv2264c_p.Thr487Ala
F2,-0.02322258142438077,0.01665733525522465,0.005986173432051056,0.022843047801677407,0.15113916700073945,0.3713506663385779,-0.15365032033203643,395.4819133284332,0.2707919100882208,282.2146921441735,164.69140544202406,0.8780735682828571,1.9744729621989026,-0.3216427801966054,0.27519761734784387,1.0234943250205781,0.759422033427143,1.3793919418191694,Rv3695-glpK_n.4138178A>G
Indel_Sample1,0.5351633645083809,0.28906691535004303,0.01330564099563917,0.30281607771220354,0.5502872683537241,0.04756394326729176,0.9725163478875517,14067.06118963075,0.045404334096248625,369.4431338629033,359.9887516869963,0.33144673453984075,1.966575667528547,-0.5470181875868048,1.6173449166035665,0.5855736203838701,0.19842483479173748,1.728092480204757,Rv3695-glpK_n.4138178A>G
Lineage_2,-0.2681863919630515,0.0195414020595062,0.008555554957975327,0.028382142182747372,0.1684700038070498,0.45241073779250474,-1.5918940220967037,298.88979803833513,0.3114895298007204,266.4640903926855,140.87353035276033,0.11364998635667939,1.9769468504684793,-0.6012426353878113,0.06486985146170832,1.3075908417260678,0.9371894292747123,1.8243844370812956,Rv3695-glpK_n.4138178A>G
TTP_baseline,1.3633245444829536,0.07376726879886615,0.021690860097283764,0.09618115756605937,0.3101308716752645,0.3038459893141352,4.395965281103907,534.0028470122928,0.23303825129988545,296.82593595738365,190.78045695741926,1.8290887839931073e-05,1.9724764619887538,0.7515986999674397,1.9750503889984676,0.25580891359696384,0.13875432037556334,0.4716119836740128,Rv3695-glpK_n.4138178A>G
bl_prevtb,-0.031950407446605156,0.02443810190219797,0.006441409094472775,0.03109422463315317,0.1763355455747739,0.27236660022096676,-0.18119096375300464,632.8704511381288,0.2140629911015158,304.16965209180876,205.4340943128596,0.8563963242833899,1.9715787614102898,-0.3796098239835256,0.3157090090903153,1.0324663013952822,0.7292716307100497,1.4617141523508386,Rv3695-glpK_n.4138178A>G
diabetes,0.383281139904828,0.09581995214247314,0.031413323522207826,0.12828038644875456,0.3581625140194805,0.3387648770479088,1.0701319230855668,452.9078672484201,0.2530428478187405,289.08385091178286,176.45527189583422,0.28602154422209736,1.9734991378199107,-0.3235522727120285,1.0901145525216844,0.6816212414149749,0.3361779814654266,1.3820283967523106,Rv3695-glpK_n.4138178A>G
fstrom1_baseline,0.30945439131240315,0.02634975356503028,0.006931359414210651,0.033512158293047954,0.18306326308969792,0.2718205584101994,1.6904232235867866,634.870399821289,0.2137255579120221,304.30024390093655,205.7040632631216,0.09246172859740723,1.9715634295779492,-0.05146644349445206,0.6703752261192584,0.733847240444841,0.5115166073811158,1.0528138569453402,Rv3695-glpK_n.4138178A>G
peth_value_baseline,-0.00032730355695283507,4.2279768864996734e-08,7.112647112839923e-09,4.9629504214931324e-08,0.0002227768035836122,0.17383575046029656,-1.4691994484515174,1322.313612809643,0.14809205665454495,329.70141348198723,263.9011511829015,0.1429697521668277,1.9689938932472357,-0.0007659497227661064,0.00011134260886043625,1.0003273571266063,0.9998886635894978,1.0007662431371638,Rv3695-glpK_n.4138178A>G
screen_sex,0.06033953552890176,0.02309054874277548,0.006788319563632414,0.03010514562519564,0.17350834454053107,0.30378649552946957,0.34776157705087557,534.1632760656288,0.23300325365473387,296.83948058173553,190.80652638610275,0.7284025784729259,1.972474741744904,-0.2819012915592681,0.4025803626170716,0.9414448253444618,0.6685926069155194,1.3256478608951412,Rv3695-glpK_n.4138178A>G
screen_years,-0.023592706381931384,3.853399102393859e-05,1.4172390732492827e-05,5.317879478084785e-05,0.007292379226346354,0.3800489741073386,-3.2352550038393795,382.39117948259667,0.2753880342204282,280.4359217561705,161.7861169062277,0.0014737969780523538,1.974735431936948,-0.03799322602331848,-0.00919218674054429,1.0238732159283448,1.0092345646380698,1.0387241965611798,Rv3695-glpK_n.4138178A>G
smoked_substance_use,-0.09650319718592096,0.024400209769624696,0.008742892449197508,0.03343453196712879,0.18285111967698964,0.3702559233220498,-0.5277692439422624,397.1891203958504,0.2702093214998852,282.4401628450317,165.06375256511419,0.5983682396257988,1.9744399963732062,-0.45753176125779305,0.2645253668859512,1.1013131022409104,0.7675701777554546,1.5801689334964253,Rv3695-glpK_n.4138178A>G
F2,-0.023060878999452195,0.016844287629599553,0.005713152409207907,0.02274787845244772,0.1508239982643602,0.3504802905688995,-0.15289926845084503,430.57350075768653,0.25952269945476747,286.5760491472378,172.05902552820626,0.8786568742781315,1.9738473720283427,-0.3207644316123669,0.2746426736134625,1.0233288368865985,0.759843586884751,1.3781808868020526,aroG_c.786C>G
Indel_Sample1,0.06770453675577989,0.08567894824310353,0.020230556334939528,0.10658385645587437,0.32647183102968375,0.2439911861832819,0.2073824762836093,753.8489388091373,0.19613578367213108,311.10775576301273,220.22327549334008,0.835902805040048,1.970794540962306,-0.5757043656154892,0.711113439127049,0.9345365539914823,0.4910970862189805,1.7783827174996583,aroG_c.786C>G
Lineage_2,-0.24271095308415128,0.020715043297833195,0.009686416334808668,0.030724340177135483,0.17528359928166548,0.4831897638538496,-1.3846757715999196,273.2473672711931,0.32577743969750195,260.9344505701326,133.4745011291698,0.1684619493213659,1.9778967109548222,-0.5894038075876805,0.10398190141937794,1.274700122724824,0.9012416084675118,1.802913211738664,aroG_c.786C>G
TTP_baseline,1.3639494893020958,0.07327970906030812,0.021591863250403104,0.09559130108572465,0.3091784292050864,0.3044716240215205,4.411528620573175,532.3210292685058,0.23340609210254273,296.6835759365389,190.50666970726525,1.7149456413483377e-05,1.9724945570072059,0.7540967205510251,1.9738022580531664,0.25564909708517297,0.13892761205947837,0.47043535746143467,aroG_c.786C>G
bl_prevtb,-0.02040590629247941,0.02435673882293087,0.006473620750246619,0.03104614693151904,0.17619916836216634,0.27464301182596623,-0.11581159254132431,624.6518498132423,0.21546661243804371,303.6264291505724,204.3146057805017,0.9079156089375002,1.971642773272201,-0.3678077232503165,0.3269959106653577,1.0206155302257858,0.7210866917853666,1.4445642561492642,aroG_c.786C>G
diabetes,0.3735302468806394,0.09600451275712102,0.032234995001806,0.12931400759232053,0.35960256894566334,0.3469575947900308,1.0387307520516644,437.07206275934146,0.2575861305003563,287.3255309739565,173.3605461870789,0.30037655764556404,1.973742423290673,-0.3362325989717255,1.0832930927330042,0.6883001670484886,0.33847904543268237,1.399664547485849,aroG_c.786C>G
fstrom1_baseline,0.3118038339596535,0.02629677500981581,0.006852592644066985,0.03337778740868503,0.1826958877716875,0.2692730342875157,1.706682278198349,644.3508067895274,0.21214744740769456,304.91099682086394,206.9709810858042,0.08938094488300714,1.9714920172739137,-0.04837965037099923,0.6719873182903062,0.7321251322309658,0.5106926597811758,1.0495690489733691,aroG_c.786C>G
peth_value_baseline,-0.0003451347752734723,4.2244467615946865e-08,7.051251852893836e-09,4.95307611972705e-08,0.00022255507452599346,0.17247923793394257,-1.5507836701030246,1340.0921730359069,0.1471064325521643,330.0828650956917,264.847368610445,0.12214763814270181,1.9689614869195589,-0.0007833371457336656,9.306759518672104e-05,1.0003451943411326,0.9999069367354676,1.0007836440344027,aroG_c.786C>G
screen_sex,0.0664525876735666,0.02304506231002908,0.006830464625796626,0.03010320909001893,0.17350276392616612,0.30627588179348,0.38300593125908594,527.523992703038,0.23446492893443902,296.2737898759088,189.72074928305904,0.702144151639521,1.9725467916457777,-0.27578973265066714,0.40869490799780034,0.9357072788635974,0.6645169402021498,1.3175707927806495,aroG_c.786C>G
screen_years,-0.023204258744246843,3.8283593985006654e-05,1.395743610635447e-05,5.2706277961572934e-05,0.007259908949950608,0.37673275874294276,-3.196218975226227,387.28485942552294,0.2736426197099626,281.1114238872489,162.88271045357783,0.0016726351869099099,1.9746352552853603,-0.03753993090698103,-0.008868586581512653,1.023475572033245,1.008908029008793,1.0382534546562208,aroG_c.786C>G
smoked_substance_use,-0.10364209011555899,0.024450656136816275,0.008508177515125856,0.03324243956911299,0.18232509308680742,0.3595724950324993,-0.56844665954024,414.6004895769943,0.26447467593399937,284.6595584542167,168.77840029639665,0.5704872627739125,1.9741191393614992,-0.46357354596409245,0.2562893657329745,1.1092033890061335,0.7739179910413283,1.5897448727445211,aroG_c.786C>G
F2,-0.017311531234418535,0.016958308689097028,0.005782249099743232,0.022933299425498366,0.15143744393477582,0.3523341180976868,-0.11431473474865714,427.2249504711586,0.2605377719770253,286.1832005442997,171.3810018909734,0.9091221154822211,1.973902680679969,-0.31623430777259504,0.281611245303758,1.0174622442260601,0.7545669689743612,1.3719516769103444,aroG_c.930C>T
Indel_Sample1,-0.35675517722777095,0.29015176268901965,0.06453827246821123,0.3568413109061712,0.5973619597079908,0.2298436776640522,-0.5972177696118515,830.2955293464487,0.18688853050057067,314.686584279996,228.19820586143211,0.5509541036334485,1.9704140626347537,-1.533805583119451,0.8202952286639092,1.4286860521540217,0.440301645649211,4.635785161806154,aroG_c.930C>T
Lineage_2,-0.2636021032015329,0.01936123802252956,0.008754261459084055,0.028407308196916416,0.16854467715391197,0.4672258129289287,-1.5639894872551576,285.9817103092392,0.3184416528197768,263.7735123742644,137.2145221919889,0.12012343762110275,1.9774036660399388,-0.5968829656971963,0.06967875929413059,1.3016101867244025,0.9326933908694208,1.8164480361606041,aroG_c.930C>T
TTP_baseline,1.3669039303758577,0.07310921631589241,0.021500109288974466,0.09532599591449936,0.30874908245126714,0.3038848002776018,4.427232364622847,533.8982374348374,0.23306108040595577,296.8171007439093,190.76345367008668,1.6045560878507714e-05,1.9724775842398945,0.7579032860860982,1.9759045746656172,0.2548949115392411,0.1386358490293098,0.46864801841305526,aroG_c.930C>T
bl_prevtb,-0.00780331767491768,0.024647668954434477,0.006788775447262854,0.03166273691660609,0.17794026221349146,0.28461385030528424,-0.04385358084701097,590.7872812729339,0.2215559564748945,301.2697598040657,199.52349920304093,0.9650649732624529,1.9719248905897038,-0.35868814977176,0.3430815144219247,1.0078338429059854,0.709580368169185,1.4314503338464217,aroG_c.930C>T
diabetes,0.3839380904671088,0.09637919451168613,0.03200383684100761,0.12944982591406065,0.35979136442396814,0.3431303983181211,1.0671131339736293,444.3405679438134,0.2554706518055074,288.14425360863896,174.7943131802363,0.2873923877303726,1.973628632318969,-0.3261564480211432,1.0940326289553608,0.6811735970133851,0.33486338746035094,1.385632131321292,aroG_c.930C>T
fstrom1_baseline,0.3104640783196758,0.026224924523434348,0.0069999528039144075,0.03345820908747924,0.18291585247725042,0.27581717375702236,1.697305477436893,620.486415238176,0.21618863535501465,303.3469952303335,203.7409423721612,0.09116588541245768,1.9716758492816362,-0.05018669046048141,0.671114847099833,0.733106658361811,0.511138418841714,1.0514673769823857,aroG_c.930C>T
peth_value_baseline,-0.00034013739741357976,4.220597218267699e-08,7.026569367580073e-09,4.9466760529176394e-08,0.00022241124191276033,0.17203224972695988,-1.5293174683454036,1346.038196874411,0.14678115706034287,330.2087516897331,265.1599712663638,0.12737781325945102,1.9689508318680349,-0.0007780541971945119,9.777940236735242e-05,1.0003401952506972,0.9999022253778828,1.000778356959878,aroG_c.930C>T
screen_sex,0.0702732038319423,0.023116917777114016,0.006911840511999547,0.03025915297284688,0.17395158226600552,0.30896139635032793,0.4039814005513386,520.5269702038267,0.23603552955173485,295.66594339720996,188.56093350528002,0.6866841955307741,1.972624676952462,-0.27286797994090645,0.41341438760479104,0.932139121135395,0.6613881549808004,1.3137267950864486,aroG_c.930C>T
screen_years,-0.023396480376303614,3.825106465491355e-05,1.425498775530364e-05,5.298121866872731e-05,0.0072788198678582034,0.3850913470436332,-3.21432331079077,375.16931456579516,0.278025956819079,279.4150053341263,160.144282170751,0.0015814526024820006,1.9748880015951773,-0.037771334399109374,-0.009021626353497854,1.0236723250875621,1.0090624438790132,1.038493737931465,aroG_c.930C>T
smoked_substance_use,-0.09854266866735682,0.024441787253609303,0.008789745515795654,0.03352452428659815,0.18309703516605108,0.3716069098689827,-0.5381991498550933,395.084293506087,0.2709281407050355,282.16196881030373,164.60447004966426,0.5911665635822151,1.9744806806723652,-0.46006422729111335,0.2629788899563997,1.1035614908879878,0.7687581256574199,1.5841757290427985,aroG_c.930C>T
F2,-0.016770873729639882,0.016917565169957814,0.0058267957750204515,0.02293858747081228,0.15145490243241477,0.3559035972591723,-0.11073179844491145,420.9115746115864,0.2624844406184901,285.4298099841043,170.08873241975436,0.9119595812875905,1.974009325088853,-0.315744263461649,0.2822025160023693,1.0169122943085618,0.7541209475081728,1.3712795245018645,aroG_p.Asp265Glu
Indel_Sample1,0.22951583760696231,0.11577074769878258,0.02430251462648492,0.14088334614615033,0.37534430346836267,0.21691661275874988,0.6114808070513529,912.7125232389645,0.17825100790349135,318.0294377320442,235.84915423511816,0.5414702652886683,1.9700733474350578,-0.5099399707676351,0.9689716459815598,0.7949183789332931,0.37947307018010973,1.6651912317941755,aroG_p.Asp265Glu
Lineage_2,-0.27251982119022117,0.01991160252930847,0.008267563200974732,0.028454751170315692,0.16868536145829516,0.42905379556629425,-1.6155510995991047,321.715256686972,0.3002362800458972,270.81927029142076,147.04069904901937,0.10833505455783178,1.9762287691454308,-0.6058806854377998,0.06084104305735755,1.3132694892188688,0.9409728020484374,1.8328656764134708,aroG_p.Asp265Glu
TTP_baseline,1.3553106639213297,0.07311247596446593,0.021946229913382284,0.09579024687496096,0.3094999949514716,0.31017648645241974,4.379032911240716,517.4160014643959,0.23674404911073332,295.3917354831904,188.04005386724901,1.9764584873993593e-05,1.9726599702918801,0.7447724130750226,1.9658489147676368,0.2578671719800599,0.14003695670171848,0.4748423555549733,aroG_p.Asp265Glu
bl_prevtb,-0.008465219119322452,0.024601544333301802,0.0064792360108555215,0.03129675487785251,0.17690888863438295,0.2721459455489449,-0.04785072804802643,633.6772813733561,0.21392666973561034,304.2224105469657,205.54312119832483,0.9618816694406984,1.971572564777755,-0.35725393041619513,0.3403234921775502,1.0085011504038601,0.7115401078693498,1.429398791603552,aroG_p.Asp265Glu
diabetes,0.3899132751215967,0.09654859772054432,0.030803730251272646,0.12837911898019272,0.35830031953682756,0.3296839313169566,1.088230330426819,471.7362803996601,0.24794157735698005,291.0581206611545,179.99958446189729,0.2779483652250883,1.9732308538979548,-0.3170959703499676,1.096922520593161,0.6771155947194929,0.3338970655124997,1.3731343457858836,aroG_p.Asp265Glu
fstrom1_baseline,0.3010947769050482,0.026464154231877243,0.006940428960360606,0.03363593082424987,0.18340101096845096,0.27099965219118566,1.64172910124712,637.8982259482749,0.21321772332823696,304.4967836578397,206.11097907179678,0.1021710795017719,1.9715403967147644,-0.060487725017580485,0.6626772788276769,0.7400076337897408,0.5154694300539915,1.0623545571067776,aroG_p.Asp265Glu
peth_value_baseline,-0.00034085413488047064,4.221975109706352e-08,6.946357966450512e-09,4.939765432906238e-08,0.0002222558308100428,0.17001292157068407,-1.5336116656115593,1373.4582205039449,0.14530858457738244,330.7786597800135,266.5771846026712,0.1263111361539785,1.9689028410524574,-0.0007784542716028382,9.674600184189695e-05,1.0003409122322517,0.9999032586779016,1.0007787573457674,aroG_p.Asp265Glu
screen_sex,0.06946027997619515,0.023059707436416846,0.006842057132860871,0.03012983314037308,0.17357947211687527,0.30660084146561195,0.4001641388183613,526.6683012262736,0.23465532221890986,296.20010476063567,189.57977346357126,0.689486165611901,1.9725562074217347,-0.2729349852289351,0.4118555451813254,0.9328971873471479,0.6624199588960806,1.3138148246779355,aroG_p.Asp265Glu
screen_years,-0.023362913614542836,3.822007416178244e-05,1.4257523553729866e-05,5.295284850063663e-05,0.007276870790431601,0.3854721546716935,-3.210571451297839,374.6343357168365,0.27822439691185014,279.33820598087556,160.02152470546804,0.0016011868513353426,1.974899535723671,-0.037734002360087344,-0.008991824868998325,1.0236379642991982,1.009032372768317,1.0384549695663718,aroG_p.Asp265Glu
smoked_substance_use,-0.09438430024583319,0.024601846587444895,0.008385647384255093,0.03326701555117516,0.1823924766846899,0.3522162018582936,-0.5174791305071184,427.4365041797283,0.2604732892375182,286.20815635146965,171.4239881337264,0.6054888441651713,1.9738991610684187,-0.45440865695893373,0.2656400564672673,1.098982003829305,0.7667150519638304,1.5752415994014561,aroG_p.Asp265Glu
F2,-0.013175487346927355,0.016612919111817438,0.006007092486785382,0.022820248014828997,0.15106372170322363,0.3736446834678223,-0.08721807723505991,391.9486770035245,0.272009703793663,281.7433873404678,163.91605863744007,0.9306046262452222,1.974542091812706,-0.311457164395823,0.28510618970196827,1.013262666535691,0.7519344023896418,1.365413296867612,aroG_p.Gln44Arg
Indel_Sample1,-0.32671177809719204,0.1595395248366384,0.08974683036279393,0.25227791621152545,0.5022727508152572,0.5812878750256225,-0.6504668580306103,214.60377208148103,0.36760408032358033,244.74690044415723,114.34316129717931,0.5166955784213225,1.9809285285232268,-1.3216781992869728,0.6682546430925889,1.3864018282162913,0.5126024717424387,3.7497088586948037,aroG_p.Gln44Arg
Lineage_2,-0.2785481105771838,0.020022920068056466,0.008875443366988828,0.029194211547278255,0.17086313688820726,0.458039658953301,-1.6302411137367385,293.8532556552477,0.3141475995804661,265.4353767031824,139.46117460209734,0.10530703690832713,1.977120313754816,-0.6163650893907282,0.05926886823636057,1.321210168050724,0.9424533393218145,1.8521832703322443,aroG_p.Gln44Arg
TTP_baseline,1.3548953719700096,0.07325614913124491,0.02180475301667504,0.09578772724847578,0.3094959244456634,0.3075725162247274,4.377748671155383,524.1245637430555,0.2352240601636094,295.9799944708643,189.15927722261097,1.9814811489090226e-05,1.972584376256993,0.7443885468932793,1.96540219704674,0.25797428438101244,0.14009952766659647,0.4750246664661882,aroG_p.Gln44Arg
bl_prevtb,-0.025769274785525677,0.024441992033884617,0.006592196422771885,0.03125392833741556,0.1767878059635776,0.27869808214025155,-0.14576387011010672,610.4724440769385,0.21795456334287602,302.6635540695211,202.34418527019668,0.884252903662367,1.9717571716840474,-0.3743518990604976,0.3228133494894463,1.0261041730540619,0.7241089970692954,1.45404873882295,aroG_p.Gln44Arg
diabetes,0.35277861340667765,0.09583387523077551,0.03309466674635487,0.13003169753534222,0.36059908143995906,0.35684482363063846,0.9783125680685253,419.2755715374206,0.262996045985417,285.23181087640916,169.75085501036233,0.3293119373941227,1.9740374780369443,-0.3590574879014978,1.064614714714853,0.7027327517672649,0.34486069892684884,1.4319791206800963,aroG_p.Gln44Arg
fstrom1_baseline,0.3239430775360303,0.026546434261511105,0.006594172657668209,0.03336041267443492,0.1826483306094937,0.2566814942375596,1.7735890410552286,695.1192566284947,0.2042534209460056,307.9661058884732,213.41470884871632,0.07755721484185432,1.9711420000580135,-0.03608271816882441,0.6839688732408851,0.7232914127374533,0.5046102785716895,1.0367416003108971,aroG_p.Gln44Arg
peth_value_baseline,-0.0003566854041522119,4.253276374768223e-08,6.57043066369893e-09,4.932220876683779e-08,0.000222086039108355,0.15962858796180496,-1.6060685560616725,1530.433560285356,0.1376549264298257,333.7407426309468,273.9915640709757,0.10941070210387832,1.96865989738047,-0.0007938972831129012,8.052647480847735e-05,1.0003567490239549,0.9999194767673611,1.0007942125029727,aroG_p.Gln44Arg
screen_sex,0.05009851336947458,0.023568571008934412,0.00752028261247027,0.031339529708487024,0.1770297424403228,0.3297170073063312,0.2829948949757012,471.6651040083448,0.2479602844023587,291.0508807482606,179.98645194732146,0.7775059605069177,1.9732318283215378,-0.2992222089733345,0.39941923571228366,0.9511357203005972,0.6707094570467761,1.348809307706904,aroG_p.Gln44Arg
screen_years,-0.023156388963985905,3.8194959210551056e-05,1.3557724620649038e-05,5.220460798522173e-05,0.007225275633857973,0.36679313355047694,-3.2049142672805457,402.681039089784,0.2683603864746303,283.15572899983124,166.2515754229418,0.0016199920403175369,1.9743358262213102,-0.037421509502235585,-0.008891268425736223,1.0234265796551458,1.0089309131630693,1.038130510503392,aroG_p.Gln44Arg
smoked_substance_use,-0.10335534936245844,0.024299343828488144,0.008493551856728877,0.03307601408044132,0.18186812277153278,0.36118959894149705,-0.5682983240130322,411.8743727825862,0.26534848578211967,284.32138066835364,168.2065564907375,0.5705903000232044,1.974167603612718,-0.4623935054678789,0.255682806742962,1.1088853807861654,0.7743875603526738,1.5878700158371333,aroG_p.Gln44Arg
F2,-0.022682841647207255,0.01667126137820609,0.005819518318988792,0.022684763641161176,0.15061461961297506,0.36071069408199563,-0.15060185860770972,412.6782285247975,0.2650899237073677,284.4214481488654,168.3755470044186,0.8804700622329805,1.974153247012788,-0.3200191820037579,0.2746534987093434,1.0229420534765206,0.7598353615495885,1.3771541806592658,bioF2_c.-251T>C
Indel_Sample1,-90.8589218852684,9483.900475207241,2540.393093117503,12108.97333809533,110.04078034117774,0.2767925359139457,-0.8256840927841784,617.0635864044926,0.2167874013422343,303.11526362849395,203.26634508262896,0.4099513459222859,1.9717033553305807,-307.82669770716393,126.10885393662714,2.8809014783939064e+39,1.7045926684277152e-55,4.868959888151735e+133,bioF2_c.-251T>C
Lineage_2,-0.24812516162309933,0.0191689381712356,0.00861699138709836,0.02807316260457057,0.16755047778078871,0.4645131803229673,-1.4808979652551566,288.26272270304594,0.31717924192428826,264.26208471343426,137.87056621560376,0.14091548643877205,1.9773199616137322,-0.579426065916971,0.08317574267077232,1.2816203318368018,0.9201894164633778,1.7850136565256238,bioF2_c.-251T>C
TTP_baseline,1.3445873935787935,0.0733713202532112,0.021294443135927633,0.09537557816033643,0.30882936738648487,0.29990271172968536,4.353819732098561,544.827364102584,0.23071165943690258,297.726362619458,192.52121760933377,2.1709902026022705e-05,1.9723626237872274,0.7354638922178367,1.9537108949397504,0.2606472303971371,0.1417470858532994,0.4792830717099143,bioF2_c.-251T>C
bl_prevtb,-0.024615592146861227,0.024342150194535568,0.006414854384759807,0.030970833058787367,0.17598532057756228,0.27231295556379553,-0.1398729852357905,633.0664368196328,0.21402985356156062,304.1824768269787,205.46059210524018,0.8888973655323407,1.971577254778062,-0.3715842473724086,0.32235306307868616,1.02492105708555,0.724442371318488,1.4500300021732775,bioF2_c.-251T>C
diabetes,0.34984215678027686,0.0965568993488155,0.03132900762486778,0.12893020722784557,0.3590685272031588,0.3352770034804062,0.9743047086450389,459.9739156058067,0.2510917229956817,289.83896608246204,177.8021788901663,0.3312289308736066,1.973395916310152,-0.3587422084779375,1.0584265220384912,0.7047993287346264,0.3470013800206291,1.4315277182910595,bioF2_c.-251T>C
fstrom1_baseline,0.3194871825751486,0.026447351335442553,0.006879247297183497,0.033555906875865495,0.18318271445708378,0.26878137815247494,1.7440902299217667,646.2093490158182,0.21184215246275023,305.02915063743916,207.21689559045228,0.08262621528848538,1.9714782576018504,-0.04165355614548022,0.6806279212957773,0.7265215144512234,0.5062989766221585,1.042533236946302,bioF2_c.-251T>C
peth_value_baseline,-0.00034798223621763355,4.254708420814267e-08,6.730528509513851e-09,4.950196366797365e-08,0.00022249036758469713,0.1634631277153407,-1.564032816320304,1469.1415360643962,0.14049704182403144,332.6408004716229,271.22944134423255,0.11897583052483683,1.9687488434191955,-0.0007860098900719177,9.00454176366506e-05,1.0003480427890596,0.9999099586363303,1.0007863188767956,bioF2_c.-251T>C
screen_sex,0.06458470210722435,0.02316114470298917,0.00666088953376254,0.03004406388787713,0.17333223557052835,0.29717525939033795,0.3726064104270151,552.5479994299817,0.22909414686956636,298.35236474086247,193.74066483495866,0.709848694821174,1.9722841031855705,-0.2772757106781452,0.4064451148925939,0.9374567063406294,0.6660136488435927,1.3195301294334363,bioF2_c.-251T>C
screen_years,-0.023226314690535356,3.822406299646175e-05,1.3967841983144412e-05,5.2657499712377645e-05,0.00725654874664104,0.3776007986710345,-3.200738464175068,385.9925844676248,0.2741003047002472,280.9342927906262,162.59436744494565,0.0016486830385178909,1.9746614642639715,-0.03755554186408044,-0.008897087516990273,1.0234981460044335,1.008936784241204,1.0382696629128727,bioF2_c.-251T>C
smoked_substance_use,-0.10858079142909081,0.02427777835954136,0.00879780635893091,0.03336884493043663,0.18267141246083535,0.374460398981376,-0.5944049480231094,390.7065296496278,0.2724417518750571,281.5761781199875,163.64194722522353,0.5530622058526451,1.9745666893544014,-0.46927767757157485,0.2521160947133932,1.1146949626995268,0.7771545093014864,1.5988388988240063,bioF2_c.-251T>C
F2,-0.02494172380636399,0.016783245272305028,0.0061428510024247925,0.02313085797481065,0.15208832294035807,0.3782112815201581,-0.16399499530378125,385.0885810885372,0.2744218441623794,280.8098520972587,162.39213386111624,0.8699390169122992,1.974679902252948,-0.3252674784840451,0.2753840308713171,1.0252553708029373,0.7592804800842272,1.3844008939142807,bioF2_c.-454C>G
Indel_Sample1,-0.15499424845900805,0.11953552749540855,0.035127968194852095,0.15583442796342237,0.3947586958680231,0.3036662089386614,-0.3926303589543375,534.4879027836106,0.23293248444774958,296.86686934804055,190.85925253899126,0.6950306573758139,1.9724712639486868,-0.9336444322525428,0.6236559353345268,1.1676512452918104,0.5359813381860492,2.543762876606443,bioF2_c.-454C>G
Lineage_2,-0.26725339399505094,0.020117555635875344,0.007839606780588277,0.02821848264248323,0.16798357849052756,0.402679488166128,-1.5909495225458667,351.88104615459827,0.28707876001850835,275.9114319326329,154.64983526129126,0.11366302760558183,1.9754223225384742,-0.599091904765133,0.06458511677503109,1.3063714310700498,0.9374563176075937,1.820464894056399,bioF2_c.-454C>G
TTP_baseline,1.3643383374780702,0.0731507526131785,0.02163400331417847,0.09550588937116292,0.30904027143911666,0.30560364670748486,4.414759057532265,529.3021306806561,0.23407076678911423,296.4263366592436,190.01293741155925,1.6940100862264382e-05,1.9725273211657428,0.7547479587239354,1.973928716232205,0.25554970772501995,0.13891004463743464,0.47012909173555917,bioF2_c.-454C>G
bl_prevtb,-0.02252722660168645,0.024432299283449088,0.006403478304267984,0.031049226864526006,0.17620790806466663,0.27082705169543136,-0.1278445834191458,638.5381004792706,0.2131108645618745,304.5381396360154,206.19669644407597,0.8983965631761297,1.971535556469479,-0.36992738268228176,0.3248729294789089,1.0227828806874653,0.722619171402944,1.4476294878758986,bioF2_c.-454C>G
diabetes,0.3737963713923213,0.0954073865087462,0.03144811443657886,0.12790377142654435,0.35763636759499773,0.3406065935452403,1.0451855718868721,449.2567367950611,0.25406901262845843,288.6867094238178,175.75120383057126,0.2973726078805,1.973553728687091,-0.3320182153888936,1.0796109581735363,0.6881170178739655,0.33972766821132094,1.393778236493899,bioF2_c.-454C>G
fstrom1_baseline,0.31386433971418093,0.02635640709562331,0.006982076580450474,0.0335712195620888,0.18322450589942602,0.2737403637866698,1.7130041539665255,627.8879387576087,0.2149106455046099,303.84159686350927,204.75735357715226,0.08822543537276117,1.9716173729889517,-0.04738427927444405,0.675112958702806,0.7306181373020166,0.5090989102069632,1.04852485804313,bioF2_c.-454C>G
peth_value_baseline,-0.00033629610437820983,4.239534189202695e-08,7.1525087587741795e-09,4.978626760942693e-08,0.00022312836576604718,0.17433343824006184,-1.5071866959793916,1315.8896209198226,0.14845309906301407,329.56168454375035,263.5549278815011,0.1329604895517202,1.9690058092136544,-0.0007756371527719058,0.00010304494401548617,1.0003363526582525,0.9998969603649324,1.0007759380370556,bioF2_c.-454C>G
screen_sex,0.06999907798639372,0.023170200707255766,0.006791807810073353,0.03018840211099823,0.17374809958960194,0.30289773888513233,0.402876797799421,536.5702577739428,0.23248005568289404,297.04196620496975,191.19667369502403,0.6874889750468416,1.9724490534805497,-0.2727101965931609,0.41270835256594834,0.9323946795861331,0.6618552830774896,1.3135195272268354,bioF2_c.-454C>G
screen_years,-0.023274193851954204,3.807225798809898e-05,1.3770906906121002e-05,5.230219512442401e-05,0.007232025658446188,0.37376131304776244,-3.2182122894949328,391.7706237873792,0.27207150870958297,281.7194678920132,163.8768157581785,0.0015549437507749078,1.9745456082108301,-0.03755415835430716,-0.008994229349601247,1.0235471514105374,1.009034798970002,1.0382682264576404,bioF2_c.-454C>G
smoked_substance_use,-0.11336442661283816,0.02459792014998288,0.009132516623177671,0.03403485399393314,0.18448537609776322,0.3836476330685556,-0.6144900425753185,377.2106627600411,0.27727264073565394,279.70655018876005,160.61124765085125,0.5397610654693394,1.9748442884336883,-0.4776943178990467,0.25096546467337044,1.1200400309779106,0.7780492412796589,1.6123525407334602,bioF2_c.-454C>G
F2,0.10467195493833609,0.025759331261741104,0.011509287020352333,0.037652261182771846,0.1940419057388683,0.46169404788449026,0.5394296378391494,290.67146765814783,0.31586230275254934,264.77176033012944,138.55888827438253,0.590456217797249,1.977232998278006,-0.27899410413730463,0.4883380140139768,0.9006199180486572,0.6136454172326694,1.3217995506979037,bioF2_c.1314C>T
Indel_Sample1,2.3573603093582283,4.556447897691879,1.4819063223355518,6.087751097438616,2.467336843124306,0.33607389662514,0.95542702891478,458.34172317891824,0.2515384047798904,289.6660933950072,177.49287300402403,0.34066124544595766,1.9734194807625318,-2.5117302824664036,7.22645090118286,0.09466979262399304,0.0007270968277608008,12.326239495598902,bioF2_c.1314C>T
Lineage_2,-2.592186999803,4.51188181983181,1.4449152336002222,6.004960894552039,2.4505021719133486,0.33092158313133463,-1.057818691006923,469.0862976864388,0.24864093221236722,290.7874596277086,179.50930866798473,0.2915595250778201,1.9732673293626057,-7.427682876171719,2.243308876565719,13.358955712254156,0.10610682847583365,1681.905870578476,bioF2_c.1314C>T
TTP_baseline,1.3438486162710133,0.0730792842605996,0.022063336531359376,0.09587806534300429,0.30964183396789957,0.31197323992808396,4.340009872213615,512.877049290533,0.23778933169794286,294.987195122717,187.2742397739276,2.3281323817096085e-05,1.9727122184836414,0.7330143870488547,1.954682845493172,0.26083986180338475,0.14160938162644876,0.4804585171135392,bioF2_c.1314C>T
bl_prevtb,-0.03281791736421484,0.024520186102078033,0.006243614162382131,0.03097192073653957,0.17598841080178992,0.26311931759419904,-0.1864777187014695,668.3151155559907,0.20830915490656052,306.3964747681778,210.08203603338805,0.8522500978894212,1.9713203317007233,-0.3797474497214825,0.3141116149930528,1.033362364767075,0.7304374958333717,1.4619153356834227,bioF2_c.1314C>T
diabetes,0.3421527000214188,0.0964198794383832,0.03203855989821624,0.12952639133320665,0.3598977512199912,0.3433577399977984,0.950694187061687,443.90258928730617,0.25559665141644333,288.09548983064127,174.70856488027752,0.34307295754580913,1.973635384868441,-0.3681542367209349,1.0524596367637724,0.7102397428043817,0.34907808702005116,1.445064903858772,bioF2_c.1314C>T
fstrom1_baseline,0.32608157658098746,0.02648580448591588,0.006355497728572915,0.03305315213877456,0.1818052588314611,0.24795726542310392,1.793576152179816,734.5878640964266,0.19869050991825202,310.1190376028112,218.06085618631528,0.0742664193767153,1.9709025307951784,-0.03223886816181165,0.6844020213237866,0.7217463074340332,0.5043917549268793,1.0327641703226857,bioF2_c.1314C>T
peth_value_baseline,-0.0003492007716731535,4.2086173443956883e-08,7.153961857118098e-09,4.947860069631225e-08,0.00022243785805548536,0.1756497834662809,-1.5698801216924512,1299.1482026214396,0.1494065545169377,329.19268268937594,262.6416163163523,0.11764693807717945,1.9690373940825514,-0.0007871892320440309,8.878768869772385e-05,1.0003492617493601,0.9999112162528124,1.0007874991468027,bioF2_c.1314C>T
screen_sex,0.04964092547972787,0.02316180174825823,0.007309941653916701,0.03071540812397215,0.17525811856793438,0.32612343624269025,0.2832446558559044,479.51464888627504,0.24592238348995388,291.8395795937222,181.4229421102224,0.7773122401542564,1.973126083457104,-0.29616543960428127,0.395447290563737,0.9515710480804763,0.6733787759054817,1.3446926038430325,bioF2_c.1314C>T
screen_years,-0.02287279530349904,3.837247909255997e-05,1.3413344673652658e-05,5.2232935255334384e-05,0.007227235657935501,0.3612082536898643,-3.16480551985111,411.8431192124071,0.26535855385149715,284.3174841714015,168.19997994517016,0.0018423066472658925,1.9741681629108838,-0.0371405738452496,-0.00860501676174848,1.0231363835160194,1.0086421463422908,1.0378389035896942,bioF2_c.1314C>T
smoked_substance_use,-0.11693838850107303,0.024174617044229726,0.008651240900610181,0.033114232641526915,0.18197316461920124,0.36979347308548155,-0.6426133696459003,397.9144402242522,0.26996293992591147,282.5355162853061,165.22149899580225,0.521365740808914,1.974426075393905,-0.4762309497471715,0.24235417274502546,1.1240501731410226,0.7847781812826836,1.6099948009171823,bioF2_c.1314C>T
F2,0.11290397480107381,0.027580729619427993,0.01138527957101838,0.03934551850948032,0.19835704804589205,0.42655829096577474,0.5691956797771676,324.3547533697861,0.2990121705275683,271.2930194113842,147.73022652508413,0.5700877510826529,1.976152239663777,-0.2790797499479112,0.5048876995500587,0.8932364292037551,0.603573353180368,1.321912762139856,bioF2_p.Asp572His
Indel_Sample1,2.0524359034667157,3.5406926572738042,0.9732682413460577,4.546403173331397,2.1322296249070822,0.2840434382214781,0.9625773319588673,592.6358338777522,0.22121014738793043,301.40359321371704,199.7927209754779,0.3369232371987204,1.9719086769253478,-2.15212619508484,6.256998002018271,0.1284216994123055,0.0019169919733467915,8.60313089947459,bioF2_p.Asp572His
Lineage_2,-2.287188215440154,3.5025352748740888,0.9459822650829515,4.480050282126472,2.11661292685424,0.2790878408176841,-1.0805887965729413,609.1397032572462,0.2181928651899867,302.571327607212,202.1563877954316,0.28116750926125234,1.9717681918925969,-6.460658259160036,1.8862818282797278,9.847210483592749,0.15163456532802003,639.4818628484611,bioF2_p.Asp572His
TTP_baseline,1.3417025499206523,0.07316999043447271,0.022168996845336058,0.09607795384131998,0.309964439639969,0.3130786716087172,4.328569275491961,510.1202070259416,0.23843100826940483,294.7388564679811,186.80568226112928,2.4435525590829996e-05,1.9727443987245006,0.7302219378171249,1.9531831620241797,0.2614002425456869,0.14182191019808865,0.48180204812856064,bioF2_p.Asp572His
bl_prevtb,-0.03238837008037321,0.024483614278075886,0.0062664881637914845,0.03095898538066042,0.17595165637373358,0.2644777453622513,-0.18407539177453408,662.8909813437739,0.20915966795958352,306.06731319860097,209.389054974027,0.8541324540474267,1.9713581301592897,-0.3792520983877265,0.3144753582269801,1.0329185820897109,0.7301718524523756,1.461191353299677,bioF2_p.Asp572His
diabetes,0.35449236197119816,0.09595951229453449,0.031673911035801236,0.12868922036486244,0.35873279800551056,0.3410783077957777,0.988179402446923,448.3302823559952,0.2543313882664917,288.58516603594524,175.57166056835527,0.32442467048629864,1.9735677203536128,-0.3534911084046104,1.0624758323470067,0.7015294758733454,0.34559910479528677,1.4240303249936033,bioF2_p.Asp572His
fstrom1_baseline,0.3236875274810241,0.02641121050601143,0.006436313769076536,0.033062068067390524,0.18182977772463596,0.25181949005575843,1.7801678665153422,716.6427894846266,0.20116278110076544,309.162230814293,215.9853764699676,0.07645431131056248,1.9710082238452196,-0.034700459754181734,0.6820755147162298,0.7234762735173491,0.5055665917804518,1.0353095454729937,bioF2_p.Asp572His
peth_value_baseline,-0.00034752640480078314,4.202992923237919e-08,7.210287788291674e-09,4.948055994694725e-08,0.00022244226205230707,0.17726964690742847,-1.562321842955646,1279.0311819252877,0.1505769280411657,328.73973022161925,261.5225605305256,0.11942143438572873,1.9690763962816784,-0.0007855322125434847,9.047940294191841e-05,1.0003475867990979,0.9999095246901959,1.0007858408237746,bioF2_p.Asp572His
screen_sex,0.05034782423147159,0.023153835003190498,0.007267451222986779,0.030663534600276838,0.1751100642461102,0.3243393414547324,0.2875210196982724,483.5009123884723,0.2449065215403621,292.2327337171216,182.1434381392973,0.7740402690290603,1.9730736775255107,-0.2951572342023295,0.3958528826652727,0.9508986213911877,0.6731057141722171,1.3433375606915667,bioF2_p.Asp572His
screen_years,-0.022875733006237162,3.836684483510477e-05,1.3400583412173024e-05,5.22141143610169e-05,0.007225933459492752,0.3609175991777723,-3.1657824050656282,412.33057439934055,0.2652016546746316,284.3782065543664,168.30249949585095,0.0018362965927706313,1.9741594492058347,-0.03714087782462738,-0.008610588187846938,1.0231393891909897,1.0086477659331237,1.0378392190713663,bioF2_p.Asp572His
smoked_substance_use,-0.11463278585140037,0.024152350951136787,0.008602670989413915,0.033041777640197834,0.18177397404523518,0.36805637294048366,-0.6306336561848702,400.6612125308512,0.26903596973082894,282.8942679391223,165.81647525170436,0.5291482892888688,1.9743738093442404,-0.47352255942673244,0.24425698772393173,1.1214615454036683,0.7832863134286041,1.6056402062153738,bioF2_p.Asp572His
F2,-0.022993761518963953,0.01683959228871185,0.005715402777124689,0.022745508491740694,0.15081614135012436,0.35071610415341126,-0.15246220539208213,430.1448594430034,0.2596519750338134,286.5260175194392,171.97251555000963,0.8790011253899337,1.9738544044950002,-0.3206828663918474,0.27469534335391954,1.0232601559382275,0.7598035671741649,1.37806847975842,bioF2_p.Asp93fs
Indel_Sample1,0.06674124850681816,0.08613224308449732,0.020338678760844272,0.10714887780403641,0.32733603193665745,0.2440042656142297,0.20389215361336455,753.7839738613167,0.19614423548117982,311.10448478354647,220.21609204464676,0.8386260715184151,1.9707948961692017,-0.5783709325662251,0.7118534295798614,0.9354372158009906,0.49073381348952716,1.7831312223692597,bioF2_p.Asp93fs
Lineage_2,-0.24286336310470372,0.02071611157193004,0.009688586755528637,0.030727651219309635,0.17529304384176125,0.4832731090783006,-1.3854706255425564,273.18382655541524,0.32581532431246213,260.9197886442764,133.45550237330573,0.1682197846806721,1.9778992867274168,-0.5895753494876012,0.10384862327819369,1.274894414602365,0.9013617322786075,1.8032225134247386,bioF2_p.Asp93fs
TTP_baseline,1.3638659720498585,0.07327654435181792,0.021594088405294323,0.0955904357039554,0.3091770297159144,0.3045161524676059,4.411278461737727,532.2016931669664,0.23343225907290377,296.67344891849433,190.4872082842931,1.7168283867079737e-05,1.9724958452349455,0.7540155654931361,1.9737163786065808,0.25567044908691633,0.13893954359824714,0.4704735372193217,bioF2_p.Asp93fs
bl_prevtb,-0.020400104548615145,0.024356490439780776,0.006475460629946412,0.031047799757392067,0.1762038585201586,0.274723870179694,-0.1157755835765723,624.3634082692654,0.21551637700246956,303.6071695024371,204.27501869801918,0.9079441341584659,1.9716450497628166,-0.36781156994899356,0.3270113608517633,1.0206096088930725,0.7210755509476281,1.444569812963365,bioF2_p.Asp93fs
diabetes,0.3734812893681229,0.09601189538018758,0.03225262676876487,0.12933960970791128,0.3596381649768435,0.3471206791174441,1.0384918113242259,436.76721352244357,0.2576760081694073,287.2907469403552,173.29990948751868,0.3004879148227448,1.9737472775087794,-0.3363535596431752,1.083316138379421,0.6883338653374175,0.33847124505416454,1.3998338620893147,bioF2_p.Asp93fs
fstrom1_baseline,0.31183178099560954,0.0262966450939814,0.006852727522060676,0.03337779686677743,0.1826959136564839,0.2692796646678218,1.7068350066216305,644.325807481489,0.21215156294046034,304.9094040466907,206.96766784999454,0.0893525141109083,1.9714922028841615,-0.04835178827694647,0.6720153502681656,0.7321046717894767,0.5106783442564911,1.0495398061891963,bioF2_p.Asp93fs
peth_value_baseline,-0.0003450396534820348,4.224298957863396e-08,7.0477376827439946e-09,4.9525651850802754e-08,0.00022254359539380762,0.17239931039000814,-1.5504362319277767,1341.1521741072231,0.14704828709994558,330.10536827568177,264.90323670650844,0.12223069586431082,1.9689595808034512,-0.0007832189977791191,9.313969081504948e-05,1.0003450991865102,0.9999068646465514,1.0007835257938693,bioF2_p.Asp93fs
screen_sex,0.06645750123281875,0.023045225099944347,0.006830167047219802,0.030103064382071477,0.17350234690652308,0.3062603750459427,0.38303517167190654,527.5648882129059,0.23445584119105747,296.2773069716956,189.72748087698938,0.7021224923519845,1.9725463423947984,-0.2757839185545568,0.4086989210201943,0.9357026812217355,0.6645142734861385,1.3175631323196975,bioF2_p.Asp93fs
screen_years,-0.023206335022495268,3.828058851216162e-05,1.3956654280557996e-05,5.270246460207155e-05,0.007259646313841436,0.37674123231747464,-3.196620609222993,387.2722053383945,0.2736470902983739,281.1096937011064,162.87989123893695,0.0016704521129716624,1.9746355110857823,-0.037541490431729566,-0.008871179613260968,1.023477697055519,1.0089106451427352,1.0382550738394412,bioF2_p.Asp93fs
smoked_substance_use,-0.10369486468447427,0.024451020324860684,0.008511975195906015,0.033246728027296904,0.18233685317921033,0.3597276344943831,-0.5686994311707104,414.3375009131822,0.26455859641931034,284.6270799419041,168.72338917527412,0.570316319002794,1.9741237872187698,-0.4636503838321697,0.2562606544632212,1.1092619282815066,0.7739402115285237,1.5898670300444229,bioF2_p.Asp93fs
F2,-0.004906894027297311,0.016162641787502433,0.005465852729857261,0.021810689608354937,0.1476844257474529,0.34945078255831835,-0.03322553480140366,432.4541430788939,0.25895778273278103,286.7946805653311,172.43760955362276,0.9735331630279425,1.973816680204674,-0.2964088769740685,0.28659508891947383,1.00491895254702,0.7508156808847622,1.3450199921213382,bioF2_p.Ile268Thr
Indel_Sample1,0.8115978277203825,0.13717257217920828,0.05952786991726083,0.19868470442704447,0.4457406246092502,0.44842880227888443,1.8207849653189092,302.5556753776532,0.30959671719683374,267.1966378420111,141.8894795952497,0.07074650411365796,1.9768242265918472,-0.06955303778336541,1.6927486932241305,0.4441478272439652,0.1840130328409604,1.0720289177344857,bioF2_p.Ile268Thr
Lineage_2,-0.20422409681361875,0.019983187801051,0.008832436586976963,0.029110038940927195,0.17061664321198913,0.45672648582105485,-1.1969764084496304,295.0133276683839,0.31352933461879773,265.67465470658726,139.78820025738062,0.23334174108585837,1.977079834480112,-0.5415468215347305,0.13309862790749305,1.2265729937592145,0.875378751076541,1.7186632725197306,bioF2_p.Ile268Thr
TTP_baseline,1.37255722279977,0.07272924193801104,0.020358320090441133,0.09376617269813355,0.3062126266144712,0.2892499660322709,4.482366511057859,576.13680770736,0.2243552248618254,300.18640009237873,197.3569029406675,1.2499754394718005e-05,1.9720569922582778,0.7686884713669289,1.9764259742326111,0.25345798158653743,0.1385635831989796,0.4636207215980443,bioF2_p.Ile268Thr
bl_prevtb,-0.02452577260378249,0.02439679379222469,0.0064902234137170145,0.031103357986398936,0.17636144132547493,0.27489531006781903,-0.13906538991434184,623.7526215119516,0.21562186941702358,303.5663423233249,204.19112431804368,0.8895355371726607,1.9716498771187592,-0.37224878672164236,0.3231972415140774,1.0248290032786882,0.7238310707506187,1.4509939244139471,bioF2_p.Ile268Thr
diabetes,0.4056724047153503,0.09589588511543304,0.03108125293049959,0.12801317981028262,0.35778929527066994,0.33491838212024355,1.1338304697139039,460.7119270507995,0.25089053129098016,289.9168303516464,177.94167926363477,0.2583908980086573,1.9733853154668477,-0.3003837366030218,1.1117285460337225,0.6665284832515141,0.32898979529648564,1.3503768972080015,bioF2_p.Ile268Thr
fstrom1_baseline,0.318597639345262,0.026512377993907186,0.0066398657934625,0.033373572647151774,0.18268435249673623,0.25879212550535285,1.743978808206652,686.1260648097552,0.20558765840822088,307.4497355685939,212.3132196981354,0.08261009599241713,1.9712003179674813,-0.04150981438398793,0.6787050930745119,0.7271680742745926,0.5072734391445873,1.0423833921521446,bioF2_p.Ile268Thr
peth_value_baseline,-0.0003273298085862464,4.199713813835974e-08,7.178379718502117e-09,4.941479718081193e-08,0.00022229439304852458,0.176622964593794,-1.4725059147793875,1286.999264195649,0.15011007766176787,328.92040846411527,261.968667647615,0.14208470046581287,1.9690608080891319,-0.0007650409857960573,0.0001103813686235645,1.0003273833868338,0.9998896247231756,1.0007653337042934,bioF2_p.Ile268Thr
screen_sex,0.08452741179270123,0.023391544762227115,0.007122449833020391,0.03075140958968152,0.1753607983264262,0.3146378275683264,0.4820199987648167,506.27720920067424,0.23933422648449812,294.3892971939714,186.14815358399562,0.6303579899708456,1.9727898323207549,-0.2614225881333228,0.4304774117187253,0.9189464650615737,0.6501986081792127,1.2987763969750064,bioF2_p.Ile268Thr
screen_years,-0.023882910788928256,3.8575535102428034e-05,1.4298847812611535e-05,5.3351011175459956e-05,0.007304177652238474,0.3830271189705912,-3.269760392753999,378.09448464391187,0.27694837918701426,279.83204437127057,160.8127168268758,0.0013166889401934076,1.9748255076522279,-0.03830738712899216,-0.009458434448864354,1.0241703915665676,1.0095033068024672,1.0390505745682148,bioF2_p.Ile268Thr
smoked_substance_use,-0.10048060270787268,0.024426149906176937,0.008792016248406398,0.033511233362863546,0.18306073681394255,0.37194087040254986,-0.548892157087722,394.56719990166516,0.2711056128048845,282.09328439125244,164.49129203935928,0.5838237525898857,1.9744907413839723,-0.4619323326579303,0.26097112724218496,1.1057021938676028,0.7703031600705909,1.5871379021885264,bioF2_p.Ile268Thr
F2,-0.02815892661782097,0.017028394397655442,0.006236319522139145,0.023472591237199227,0.1532076735584717,0.3784383124477698,-0.18379579797662104,384.75340715900415,0.2745413480098038,280.76360227916496,162.31704231622717,0.8544030558627214,1.9746867602631875,-0.33069609116445947,0.2743782379288175,1.0285591368574591,0.7600445432127131,1.3919367061581265,bioF2_p.Pro728fs
Indel_Sample1,0.12555675223470766,0.08473702232941728,0.02757975477742399,0.11323610226608873,0.3365057239722509,0.33632383051980014,0.373119216970768,457.8319985363576,0.25167839025139416,289.6119168749005,177.39605603696108,0.7095051834875434,1.9734268737577387,-0.538512686625436,0.7896261910948513,0.8820057072117077,0.4540144782209086,1.7134565192775801,bioF2_p.Pro728fs
Lineage_2,-0.23425066079024115,0.020973865792063062,0.011085302365183547,0.03242867823608606,0.18007964414693312,0.5461469314997588,-1.3008169907261038,232.42376274927898,0.3532309383882407,250.30952637020408,120.51765080686798,0.19580281934101487,1.9798437937210842,-0.590780226630048,0.12227890504956573,1.263961278036013,0.884901530576809,1.8053964844348975,bioF2_p.Pro728fs
TTP_baseline,1.3646168656498574,0.07316498382852067,0.02103946001118724,0.09490575917341415,0.3080677834071816,0.29714727192242807,4.4295993906191935,552.6282427663351,0.22907751367509951,298.3588020417108,193.75324394435546,1.5767405233358215e-05,1.9722832983947318,0.7570199216623874,1.9722138096373274,0.25547853984371655,0.13914846676648748,0.4690621883043051,bioF2_p.Pro728fs
bl_prevtb,-0.01850598626067794,0.024368323197120487,0.006429392674672785,0.031012028960949033,0.17610232525707611,0.2726369684974306,-0.10508655256915374,631.8843209232563,0.2142299612900024,304.1050320731983,205.30062768956074,0.9164097281040308,1.971586356107328,-0.3657069280163041,0.3286949554949482,1.0186782832250731,0.7198625733805029,1.4415327078907259,bioF2_p.Pro728fs
diabetes,0.3753248624058646,0.09571601244221872,0.03173361715748986,0.12850741683829156,0.35847931159035046,0.3425905818618194,1.046991695952497,445.38373329705666,0.2551712983020755,288.26010799640846,174.9982155288035,0.2965473388737045,1.9736126020741274,-0.33217442453170887,1.082824149343438,0.6870660406051495,0.3386378101664714,1.3939959744033796,bioF2_p.Pro728fs
fstrom1_baseline,0.30652516937586044,0.026495700919172045,0.00743104823635621,0.0341744507634068,0.1848633299586665,0.289811160975118,1.6581177535014449,574.4074260047039,0.22469270676493142,300.0557894303374,197.09722561485233,0.09888434413083076,1.9720730213833948,-0.05803881627872243,0.6710891550304433,0.7359999932857667,0.5111515512141367,1.059756130701276,bioF2_p.Pro728fs
peth_value_baseline,-0.00035151014260184394,4.246585798556491e-08,6.6269201778965865e-09,4.9313675502724715e-08,0.00022206682665973482,0.16125466061435828,-1.5829025338415383,1503.9326464068622,0.138862444288531,333.2734147372116,272.8168490205523,0.11460221549302468,1.9686975045558217,-0.0007886925500914941,8.56722648878062e-05,1.0003515719295313,0.9999143314048758,1.0007890036498426,bioF2_p.Pro728fs
screen_sex,0.0637389956483027,0.02300771043359117,0.0066826286422606365,0.02991309336392716,0.1729540209533365,0.300133424847618,0.3685314472422683,544.1831836345541,0.23084817228108345,297.6735300592776,192.41864635209916,0.7128821426652177,1.9723692740418515,-0.27739020110204876,0.4048681923986542,0.9382498548702854,0.667064729266097,1.319681211645877,bioF2_p.Pro728fs
screen_years,-0.023310414852273136,3.8125256387970965e-05,1.3852447691145907e-05,5.2439452335488406e-05,0.007241508981937978,0.37545179504769866,-3.218999646401707,389.206761703064,0.27296616020969205,281.37322406782556,163.30991633085364,0.0015519045684369,1.9745965957279896,-0.03760947383594153,-0.009011355868604744,1.0235842259836703,1.0090520803716465,1.0383256603531297,bioF2_p.Pro728fs
smoked_substance_use,-0.10169810963604199,0.02434530936368465,0.008474402843516438,0.033102192301984974,0.1819400788775936,0.35969487212032575,-0.5589648540521018,414.3930130541882,0.26454087567412304,284.63393814152755,168.73500376800624,0.5769267956184987,1.9741228056544968,-0.4608701686108775,0.25747394933879353,1.1070492137857768,0.7730017632582384,1.5854529963527157,bioF2_p.Pro728fs
F2,0.11942215578545463,0.027421992567357046,0.01061939113263327,0.03839536340441142,0.1959473485516235,0.40016679349979134,0.6094604324487308,355.038500440808,0.2857993743013667,276.4065737876012,155.4133201362715,0.5431092581173738,1.9753457980779268,-0.2676416158205058,0.5064859273914151,0.8874330866619143,0.6026094758959419,1.3068786914301425,"espA_c.-318C>A,ephA_c.-1040G>T"
Indel_Sample1,2.035708965709163,3.190264311638779,0.7335113492190337,3.948226039165114,1.9870143530345004,0.23758587172891144,1.0245064222109406,786.8781044251556,0.19197526180304822,312.717941407805,223.78299911792428,0.3067023183840991,1.9706213404467858,-1.8799439221546872,5.9513618535730135,0.13058786735743366,0.0026022941605459665,6.553137366063521,"espA_c.-318C>A,ephA_c.-1040G>T"
Lineage_2,-2.2682292999813116,3.1501538678323358,0.7140467677034664,3.888002194459251,1.9718017634790905,0.23422612278131003,-1.1503333357300574,805.2241790799627,0.18977569706066905,313.569206629913,225.68376808298655,0.25122403372906693,1.970531106849878,-6.153726011458305,1.617267411495682,9.662276664210934,0.19844021432595352,470.4670908206377,"espA_c.-318C>A,ephA_c.-1040G>T"
TTP_baseline,1.3422745313787194,0.07310317850322237,0.022026116739873376,0.09586349913442485,0.3096183120140423,0.31134515758708387,4.335255633451818,514.4554836048567,0.23742426300636876,295.1284822941423,187.5413452829453,2.3727605695365796e-05,1.9726939462594253,0.7314923616175564,1.9530567011398825,0.2612507692058811,0.14183984625634602,0.4811903439835468,"espA_c.-318C>A,ephA_c.-1040G>T"
bl_prevtb,-0.03237279742099497,0.024494089450559073,0.006269023879851848,0.030972080793072652,0.17598886553720566,0.2644716128594737,-0.18394798626706904,662.915293506155,0.20915583249939318,306.06879758040066,209.39217542113718,0.8542322725420302,1.9713579593914294,-0.3793098482620334,0.31456425342004346,1.0329024969257112,0.7301069465695357,1.461275739353287,"espA_c.-318C>A,ephA_c.-1040G>T"
diabetes,0.3515208023854711,0.0959929825600894,0.031560277864519926,0.12860526968675998,0.3586157688763281,0.33973615838278654,0.9802156873550539,450.9755659011061,0.2535843764886413,288.8742710278271,176.08335009142877,0.3283245082337153,1.9735279205143272,-0.35621743022867536,1.0592590349996176,0.7036172128932686,0.3467126170903522,1.4279179870476875,"espA_c.-318C>A,ephA_c.-1040G>T"
fstrom1_baseline,0.3252705088692723,0.02643439576633357,0.0064609000786944835,0.033110659180984534,0.18196334570727296,0.2525597132488177,1.787560607906933,713.2909676131167,0.20163486864330227,308.97952570950156,215.59098722457074,0.07525153523096181,1.971028539335196,-0.03338443863267926,0.6839254563712238,0.7223319300177238,0.5046321876459923,1.033947952383004,"espA_c.-318C>A,ephA_c.-1040G>T"
peth_value_baseline,-0.000349312348789764,4.2042488677147576e-08,7.179491503174845e-09,4.946129656376158e-08,0.00022239895809954142,0.176459770105059,-1.5706564085314583,1289.0232217340026,0.1499921838290322,328.9660351818814,262.0813807623787,0.11746896385514642,1.9690568780232172,-0.0007872285469008633,8.86038493213353e-05,1.0003493733654527,0.9999114000758837,1.0007875384926208,"espA_c.-318C>A,ephA_c.-1040G>T"
screen_sex,0.04903503596117596,0.023162540431201306,0.007221926761732587,0.030625198084991645,0.17500056595620384,0.32218649227861473,0.2801992993179669,488.3922600628863,0.2436770411436957,292.708561449209,183.01938997989103,0.7796410573536521,1.9730105237532987,-0.29624292233319743,0.3943129942555494,0.9521477697018155,0.6741430203228723,1.344796798332116,"espA_c.-318C>A,ephA_c.-1040G>T"
screen_years,-0.022894470054478318,3.836366823931877e-05,1.3404033935548677e-05,5.22145033060524e-05,0.007225960372576949,0.3610404245060687,-3.1683636325165185,412.124453740681,0.2652679655985184,284.35254321185914,168.2591629784241,0.0018210662226124826,1.9741631313119647,-0.037159694610341,-0.008629245498615636,1.0231585599826838,1.0086665847635026,1.0378587480532926,"espA_c.-318C>A,ephA_c.-1040G>T"
smoked_substance_use,-0.11422199625598932,0.024143887445191928,0.008592828157910256,0.033023143208365864,0.1817227096660345,0.3677641300859431,-0.6285510295653399,401.12680285895505,0.2688797885515792,282.9547124460202,165.91695085745226,0.5305073520294372,1.9743650202657992,-0.47300895760852546,0.2445649650965468,1.1210009552784554,0.7830451161113536,1.6048157582231928,"espA_c.-318C>A,ephA_c.-1040G>T"
F2,-0.015072120102569924,0.01698507889253473,0.006413394489092552,0.023612253197930366,0.15366279054452436,0.39017624512232374,-0.09808568521474768,368.14259923733414,0.2806667474655284,278.3929789336854,158.51921894847598,0.9219881696920806,1.9750421483127207,-0.31856260805535497,0.28841836785021513,1.015186277314081,0.7494479817003801,1.3751497139381774,"espA_c.-41G>T,ephA_c.-1317C>A"
Indel_Sample1,0.12490709367125352,0.07443936814911538,0.0209440037193029,0.09608150532572837,0.3099701684448495,0.2907351004546402,0.4029648862596184,571.5803686903004,0.22524769052320145,299.8410022212375,196.6709060839432,0.6874117577362275,1.9720994291922975,-0.4863848985854744,0.7361990859279814,0.8825788959407365,0.4789308353070738,1.626425884774232,"espA_c.-41G>T,ephA_c.-1317C>A"
Lineage_2,-0.3578540928845653,0.07183613286091511,0.022163612175097658,0.09473853210851603,0.30779625096566077,0.3188144786683213,-1.1626330462500962,496.2372234784773,0.2417432351745528,293.45697395833827,184.40590603318088,0.24648079398654416,1.9729117940563008,-0.9651089465810305,0.24940076081189982,1.430256920593255,0.7792676108771326,2.6250736336935168,"espA_c.-41G>T,ephA_c.-1317C>A"
TTP_baseline,1.364956033248135,0.07324050820465862,0.021507962523029344,0.09546540281178895,0.30897476080060154,0.30345085188413073,4.417694279336351,535.0699931393676,0.23280574902037485,296.9159178982626,190.95371213035696,1.6692979098294697e-05,1.9724650382637654,0.7555141198630387,1.974397946633231,0.2553919044937286,0.13884487911150148,0.4697690350434449,"espA_c.-41G>T,ephA_c.-1317C>A"
bl_prevtb,-0.020389940538444104,0.024393690659185903,0.006479965177740549,0.03108965467618447,0.1763225869711095,0.27449573377602365,-0.11563998060999979,625.1778347148856,0.21537595340767357,303.6615155829639,204.38674216108672,0.9080514108139278,1.9716386272858408,-0.36803436387365074,0.3272544827967625,1.020599235459345,0.7209002629662313,1.444891690196251,"espA_c.-41G>T,ephA_c.-1317C>A"
diabetes,0.37764175377925857,0.09598306357294636,0.03165849191189701,0.12869683854857328,0.35874341603515636,0.34082861869442943,1.0526792601602761,448.82023721527844,0.25419252985985313,288.6389063646982,175.66665699645387,0.2939338496024281,1.9735603137688174,-0.330360014933582,1.085643522492099,0.6854760258796847,0.33768440844650965,1.391468987915195,"espA_c.-41G>T,ephA_c.-1317C>A"
fstrom1_baseline,0.3120462837218546,0.026280421607583603,0.006892933280162959,0.03340311933041866,0.18276520273405072,0.27102676772809836,1.7073615713157728,637.7978048683011,0.21323450820201545,304.49028765477607,206.09751795752166,0.08926079665661417,1.9715411571980654,-0.04828283557197477,0.672375403015684,0.7319476501828645,0.5104945062132257,1.0494674400755322,"espA_c.-41G>T,ephA_c.-1317C>A"
peth_value_baseline,-0.0003475541621577979,4.217251927215163e-08,7.002958906488458e-09,4.940891014218971e-08,0.00022228115111765483,0.17159019652915497,-1.5635790997583743,1351.9620860708355,0.1464592286940367,330.3333428949686,265.4695172259856,0.11910770520229964,1.9689403058416435,-0.0007852124798222258,9.010415550662996e-05,1.0003476145661032,0.9999098999037509,1.0007855208398455,"espA_c.-41G>T,ephA_c.-1317C>A"
screen_sex,0.06511077987131628,0.02304865129841131,0.006877563279312765,0.0301554666870345,0.1736532944894352,0.3083397504093026,0.3749469888420546,522.1316718878235,0.23567253866042148,295.80642642813126,188.82835303072216,0.7081206757052181,1.972606633478562,-0.27743886076394975,0.40766042050658235,0.9369636609141138,0.6652047303583105,1.319745428449824,"espA_c.-41G>T,ephA_c.-1317C>A"
screen_years,-0.02309153368398129,3.8468060711932414e-05,1.3631110893650816e-05,5.2553541968704924e-05,0.007249382178413891,0.36616041973759633,-3.1853105707048734,403.6998621074564,0.2680215401116116,283.28686772874335,166.47027442031495,0.0017265933249307512,1.974316809881587,-0.03740411078007983,-0.008778956587882745,1.0233602071900838,1.008817604641008,1.0381124485162065,"espA_c.-41G>T,ephA_c.-1317C>A"
smoked_substance_use,-0.10212832094535745,0.024342623911511523,0.008582076360324983,0.03321076948384734,0.1822382217973149,0.36430524517704554,-0.5604110923500145,406.7150537249676,0.26702619993942023,283.67207961018,167.11450652560123,0.5759495881625636,1.974261083860249,-0.4619141502316888,0.2576575083409739,1.1075255813395235,0.7728598848478191,1.5871090444330374,"espA_c.-41G>T,ephA_c.-1317C>A"
F2,-0.02311794506206283,0.016846028332342475,0.005715626168491639,0.02275217537311717,0.15083824240926824,0.3505958154798753,-0.15326315590006073,430.3634109557608,0.25958603711155903,286.55153650460556,172.01663475088012,0.8783703962952708,1.9738508171192342,-0.32085013309442606,0.2746142429703004,1.0233872359003606,0.7598651900337229,1.3782990040079348,"espA_c.-661T>C,ephA_c.-697A>G"
Indel_Sample1,0.06928661424827194,0.08557321962621668,0.020141272044209055,0.1063858674052327,0.3261684647620501,0.24321449946520124,0.2124258526918556,757.7242850720713,0.19563357696505776,311.30211744548745,220.6504664686517,0.831970926934553,1.9707734590482564,-0.5735175392832927,0.7120907677798367,0.9330592136850697,0.490617357429849,1.7744979525456013,"espA_c.-661T>C,ephA_c.-697A>G"
Lineage_2,-0.242493933243267,0.02071752011892518,0.00968811899749179,0.03072857641633336,0.1752956828228618,0.4832169217136764,-1.3833423010668768,273.2266594482991,0.3257897847843983,260.9296728325483,133.46830983834624,0.16886946548853937,1.9778975502631104,-0.5892108348703046,0.10422296838377054,1.2744235175225092,0.9010243750737236,1.802565332243707,"espA_c.-661T>C,ephA_c.-697A>G"
TTP_baseline,1.364020021180684,0.07328161839946926,0.021589724917207613,0.09559100081391712,0.309177943608397,0.30443353874686596,4.411763676481217,532.4231360067137,0.23338371001969715,296.692238145183,190.52331772727348,1.7131854594139726e-05,1.972493455219783,0.7541685509148098,1.9738714914465585,0.2556310663099759,0.13891799396241022,0.47040156713217135,"espA_c.-661T>C,ephA_c.-697A>G"
bl_prevtb,-0.020393854650878993,0.02435744853434097,0.006473031201284981,0.03104624744233545,0.1761994535812624,0.2746099986032653,-0.11574300734975569,624.7696840551923,0.2154462925162886,303.63429327131087,204.33077206510487,0.9079698892364227,1.9716418438706775,-0.3677960701988451,0.32700836089708707,1.0206032302073216,0.7210777141448439,1.4445474226657145,"espA_c.-661T>C,ephA_c.-697A>G"
diabetes,0.37363860023168727,0.09600147878797811,0.03222538914619358,0.12930104757237815,0.3595845485729026,0.34686516504545767,1.039084136719894,437.24501378533364,0.2575351817297545,287.34524892800755,173.39492923655527,0.30021237561560304,1.9737396723043623,-0.3360876888343056,1.0833648892976802,0.6882255914591926,0.33845474467237147,1.3994617365989626,"espA_c.-661T>C,ephA_c.-697A>G"
fstrom1_baseline,0.31179885537875596,0.0262963683098955,0.006852340839585433,0.03337712051080045,0.18269406260412638,0.26926730404214844,1.7066720775397195,644.3724135947053,0.21214389056161087,304.91237337473984,206.97384458631922,0.08938282487917493,1.9714918568630297,-0.04838100134250378,0.6719787121000157,0.7321287771842371,0.5106970549182985,1.0495704669122041,"espA_c.-661T>C,ephA_c.-697A>G"
peth_value_baseline,-0.00034517754457331825,4.224205377109797e-08,7.0499216362907785e-09,4.952697279526511e-08,0.00022254656320704012,0.17245655392710765,-1.5510351613571842,1340.3928664603538,0.14708993126395145,330.08925134680084,264.8632230683766,0.12208729150458181,1.968960945912691,-0.0007833630361750705,9.300794702843396e-05,1.000345237125197,0.9999069963780766,1.0007836699451333,"espA_c.-661T>C,ephA_c.-697A>G"
screen_sex,0.06646458219076723,0.023045381018632016,0.006831405592611536,0.030104500130997268,0.17350648440619523,0.30631383818987457,0.3830668485862886,527.4239155225299,0.23448717240439385,296.265181312575,189.70427381067043,0.7020990974377095,1.9725478913159793,-0.275785267754322,0.40871443213585645,0.9356960555738554,0.6645039662083221,1.3175649099767652,"espA_c.-661T>C,ephA_c.-697A>G"
screen_years,-0.02320240275443312,3.828519279400374e-05,1.39579973352113e-05,5.270845670705542e-05,0.0072600590016235695,0.3767321739936663,-3.195897271529661,387.2857326946252,0.27364231119901133,281.11154328570916,162.882905006821,0.001674389453543293,1.974635237632971,-0.03753837108633347,-0.008866434422532774,1.0234736724747713,1.0089058576806549,1.0382518351683079,"espA_c.-661T>C,ephA_c.-697A>G"
smoked_substance_use,-0.10357552028162414,0.02444965152902488,0.008506849186822232,0.03324006235540785,0.18231857380806776,0.35953112934749304,-0.5681018566471522,414.67066411040497,0.2644522965208233,284.66821962965787,168.79307361498357,0.570720755344736,1.9741179001368698,-0.46349388036355577,0.2563428398003075,1.1091295519784141,0.7738766076050454,1.5896182298091437,"espA_c.-661T>C,ephA_c.-697A>G"
F2,-0.03576672965854245,0.01715477095422389,0.005854892359849615,0.02320482639273516,0.15233130470371203,0.3526748013514928,-0.23479566283574854,426.61481845521774,0.26072401215659974,286.11112274418946,171.25691325634105,0.8146478285024354,1.9739128507438841,-0.33645544958378193,0.26492199026669705,1.0364140536302868,0.7672658018418854,1.3999764983448586,"espA_c.-771G>A,ephA_c.-587C>T"
Indel_Sample1,-0.364072016488073,0.14423802583075612,0.034688302631908294,0.18008260521706138,0.42436140872735045,0.24850991394158445,-0.8579291354035141,731.9721384214447,0.19904520674331766,309.98176450247774,217.76204724394424,0.3918748630955753,1.9709176227027108,-1.200453395343756,0.47230936236760995,1.439177854960905,0.6235605768993013,3.32162258959542,"espA_c.-771G>A,ephA_c.-587C>T"
Lineage_2,-0.2804790836228404,0.019870525247773958,0.008606899570358213,0.028764321470477444,0.1696004760325791,0.44758737435487955,-1.6537635399617763,303.3415603513022,0.3091954118170917,267.3519491664006,142.1059746967077,0.10038291177134677,1.9767983244140748,-0.6157450204638723,0.054786853218191434,1.3237638540287877,0.9466869097184714,1.8510351450346654,"espA_c.-771G>A,ephA_c.-587C>T"
TTP_baseline,1.382951595746234,0.0742874897281744,0.02206599235203881,0.0970890151586145,0.31159110250232513,0.30693627572924115,4.438353934499507,525.787654379162,0.23485175324097388,296.1240829484996,189.4344367010805,1.536536538885465e-05,1.9725659292287099,0.7683176030993367,1.997585588393131,0.2508370896611056,0.1356624330935605,0.4637926956997806,"espA_c.-771G>A,ephA_c.-587C>T"
bl_prevtb,-0.019385043468053413,0.024340814883983895,0.006329437235440904,0.03088123336060616,0.1757305703644251,0.2687017056658125,-0.11031116229722157,646.5114173002197,0.2117926573802455,305.0483059919463,207.25678885352625,0.9122693470927175,1.9714760285470583,-0.3658336504244196,0.3270635634883128,1.0195741534148228,0.7210379098852073,1.441715393961812,"espA_c.-771G>A,ephA_c.-587C>T"
diabetes,0.4066754285538123,0.09744988668597748,0.03185984887780257,0.1303717305263735,0.3610702570503052,0.3378335774415351,1.1263055336545023,454.77497361790057,0.25252287215544844,289.28508945228805,176.8131706745105,0.26156256333250066,1.9734715554506854,-0.3058864532542323,1.119237310361857,0.6658602744644915,0.3265287397634059,1.3578281208299827,"espA_c.-771G>A,ephA_c.-587C>T"
fstrom1_baseline,0.300987087335319,0.026394165727515392,0.006380050228069484,0.032986884296520524,0.181622917872499,0.24977938825822998,1.6572087424925896,726.0249045475216,0.1998587835620637,309.6668978209166,217.0779757238807,0.09892178806501782,1.9709523303160466,-0.05698302588428289,0.6589572005549209,0.7400873291845244,0.5173905878942032,1.0586378408017794,"espA_c.-771G>A,ephA_c.-587C>T"
peth_value_baseline,-0.00034435896640144196,4.179660965044194e-08,7.02599967389616e-09,4.905680931346797e-08,0.00022148771820005724,0.1737030760089238,-1.554754228360428,1324.0349985281532,0.1479957576660582,329.7386826644957,263.9935325984322,0.12120259630285993,1.9689907190626241,-0.0007804662279237125,9.17482951208286e-05,1.0003444182647567,0.9999082559136252,1.0007807708709395,"espA_c.-771G>A,ephA_c.-587C>T"
screen_sex,0.07638901882817178,0.023223799253837694,0.006879467289286447,0.03033258211943369,0.17416251640187588,0.30609904899265267,0.4386076889926529,527.9906888032615,0.2343612831115189,296.31390239579457,189.797537340366,0.6614446719981423,1.9725416688922284,-0.26715380193365457,0.41993183958999813,0.9264557277258487,0.6570916059219881,1.3062413333247391,"espA_c.-771G>A,ephA_c.-587C>T"
screen_years,-0.023284371257810254,3.855697296607383e-05,1.3950097789608244e-05,5.297207401533569e-05,0.00727819167206633,0.37386495723991764,-3.1991973153407836,391.6125219306726,0.27212642353947863,281.6982150123104,163.84195639773603,0.0016547564738249015,1.9745487332423124,-0.037655515404183576,-0.008913227111436934,1.0235575685183196,1.008953068203132,1.0383734675954301,"espA_c.-771G>A,ephA_c.-587C>T"
smoked_substance_use,-0.11891722065119933,0.024430104073621006,0.00829522725231348,0.0330018389010116,0.18166408258379418,0.3508677163862815,-0.6545995166454971,429.86968885265696,0.2597350666761739,286.4938597820348,171.91693602699306,0.5136004414072788,1.9738589263598503,-0.4774964916581945,0.23966205035579582,1.1262766819790822,0.7868937465977518,1.6120336066392051,"espA_c.-771G>A,ephA_c.-587C>T"
F2,-0.02492765946171489,0.016782574986744958,0.00614184394276559,0.023129147060936068,0.1520826980985545,0.3781643805675646,-0.163908582457953,385.1578910120709,0.27439715167491585,280.81940846785335,162.4076544428766,0.8700069142732063,1.9746784855756563,-0.3252420914252282,0.27538677250179844,1.0252409513594491,0.7592783984205728,1.3843657484934822,espA_p.Ala128Val
Indel_Sample1,-0.15500862778863084,0.11935399320768961,0.03505442132398927,0.1555768952424785,0.39443237093636024,0.30349132912341625,-0.3929916487854409,534.9604996468387,0.2328295726581556,296.9066977857939,190.9359521401781,0.6947640660851251,1.9724662083239854,-0.933013150929713,0.6229958953524515,1.1676680354546662,0.5363352240754687,2.5421575533713336,espA_p.Ala128Val
Lineage_2,-0.26725857776766543,0.02011642169213996,0.007840378962498604,0.028218146620055184,0.16798257832303679,0.40274185200048734,-1.5909898540413945,351.80335894940396,0.28711045544561636,275.89916531720803,154.63097460590137,0.113654194758271,1.9754242225893153,-0.5990954319599991,0.06457827642466829,1.3063782030200506,0.937462730159188,1.8204713152021517,espA_p.Ala128Val
TTP_baseline,1.364332341661314,0.0731502916050293,0.02163473916680558,0.09550618874406173,0.3090407557977778,0.30561596746246467,4.41473273691471,529.2694435455401,0.23407799466212548,296.42353936175755,190.0075754300204,1.694220098160434e-05,1.9725276779282463,0.7547408972423332,1.9739237860802947,0.25555123995883305,0.1389107294867448,0.4701324115552125,espA_p.Ala128Val
bl_prevtb,-0.02251486716563685,0.024432094188539075,0.006403535493466314,0.031049080865120933,0.17620749378253167,0.27083174391517534,-0.1277747426191976,638.5206901823924,0.21311376994785913,304.53701520716913,206.19436544006814,0.8984517670498884,1.9715356880418982,-0.3699142296583189,0.3248844953270452,1.0227702397459764,0.7226108137476789,1.4476104472957763,espA_p.Ala128Val
diabetes,0.37381327249134133,0.0954076729494642,0.031449495844365655,0.12790548532197538,0.3576387637295143,0.3406205325825808,1.0452258267340953,449.22930977828565,0.2540767684099295,288.68370781767754,175.7458937771164,0.2973541028267738,1.9735541420823899,-0.33200619103626683,1.0796327360189495,0.6881053880383878,0.33972026975524156,1.3937614773136593,espA_p.Ala128Val
fstrom1_baseline,0.3138625986585651,0.02635633233979355,0.006982355157730003,0.03357143266944789,0.18322508744560034,0.2737520621851004,1.7129892147097547,627.8458086130883,0.2149178559251816,303.83880632038444,204.75160583807522,0.08822823198467779,1.9716177020268228,-0.04738722720459315,0.6751124245217233,0.730619409349935,0.509099182158043,1.048527949025727,espA_p.Ala128Val
peth_value_baseline,-0.0003362750888603183,4.239666075234381e-08,7.152841466734018e-09,4.9787930267968964e-08,0.0002231320915242112,0.17433612422451317,-1.5070673454599441,1315.8550929305138,0.1484550467521708,329.56093075823514,263.5530607006993,0.13299107307725835,1.9690058735616704,-0.0007756234876515904,0.00010307330993095375,1.0003363316356662,0.9998969320019401,1.000775924361332,espA_p.Ala128Val
screen_sex,0.06999696303945427,0.023169763066434323,0.006791378205255595,0.030187520545198437,0.17374556266333377,0.30288430048430803,0.4028705076922578,536.606802480868,0.23247213921583054,297.04502999889377,191.2025830572495,0.6874935808739646,1.9724486652044944,-0.2727072401210423,0.4127011661999508,0.9323966515534923,0.6618600394288816,1.3135156438487163,espA_p.Ala128Val
screen_years,-0.02327394489889752,3.8072182936633314e-05,1.3770534731604884e-05,5.230173549262503e-05,0.007231993880848146,0.3737519484941312,-3.21819200656846,391.78491464058004,0.2720665465871242,281.7213883093556,163.87996606382336,0.0015550417405263916,1.974545325861865,-0.03755384461298784,-0.008994045184807203,1.0235468965953771,1.0090346131413332,1.0382679007100484,espA_p.Ala128Val
smoked_substance_use,-0.11336524312283407,0.02459732523332322,0.009131666008263576,0.03403338010852892,0.18448138146850732,0.38362117773774046,-0.6145077742828295,377.2482646692733,0.2772588219305604,279.7118982778436,160.6198277827066,0.5397493347294602,1.974843487633603,-0.4776870979055662,0.250956611659898,1.1200409455021652,0.7780561293905642,1.6123408996006523,espA_p.Ala128Val
F2,-0.035347555568243066,0.01668675541267205,0.005977233644463888,0.022863230178618067,0.1512059197869517,0.3701423442244234,-0.23377097681127548,397.3670318540091,0.27014882489012076,282.46357595897905,165.1024703738627,0.8154523923121705,1.9744365770806374,-0.33389405426672136,0.2631989431302353,1.0359797067520213,0.7685889766035326,1.3963951936245753,espA_p.Thr192Ile
Indel_Sample1,36.40525819163786,487.5893714932714,30.280469572975736,518.8791900520131,22.778919861398457,0.0641724787046007,1.5981994937929795,7974.8847430086325,0.06030270467313415,363.6772364133643,347.8158525666462,0.11090660209309215,1.9668078569505267,-8.396500364607029,81.20701674788276,1.546668551585554e-16,5.398097625370355e-36,4431.530836383521,espA_p.Thr192Ile
Lineage_2,-0.24007723507996007,0.019266282025039393,0.0085103207045052,0.028060280086361435,0.16751202967656215,0.4564449980485563,-1.433193995341763,295.2631645875284,0.31339666012800493,265.72600176525606,139.85849442422347,0.15403405656305302,1.9770711583889862,-0.571260437636691,0.09110596747677088,1.2713473391429408,0.9129209658422,1.770497246993033,espA_p.Thr192Ile
TTP_baseline,1.364651058046053,0.07256933154760106,0.022029178442681388,0.09533281593837183,0.3087601268596252,0.31367912457398495,4.41977748851774,508.63396863160165,0.23877910420149853,294.6041380142619,186.55199579512848,1.6737497608829314e-05,1.97276188963943,0.7555408467371486,1.973761269354957,0.2554698045696036,0.1389333066381479,0.4697564797533672,espA_p.Thr192Ile
bl_prevtb,-0.03381564673663022,0.02461473051568542,0.006756952448361787,0.03159691471232593,0.17775521008489717,0.28365877059637956,-0.19023716222145964,593.8882737306892,0.2209767713148515,301.4939133260813,199.97460560848057,0.8493162666102572,1.971897747927024,-0.384330745185334,0.31669945171207353,1.0343938952593164,0.7285496865852886,1.46863110402901,espA_p.Thr192Ile
diabetes,0.34340276541909664,0.09535712901442614,0.03123548108174656,0.12763379279889758,0.35725871969610146,0.3384819165391238,0.9612159101706707,453.47366534160705,0.2528849380455787,289.1449644109828,176.56388026543397,0.33775811759564334,1.9734907557452066,-0.3616440153105276,1.0484495461487209,0.7093524513795451,0.3504807322683629,1.4356877681164069,espA_p.Thr192Ile
fstrom1_baseline,0.28547124715628963,0.026424280133616952,0.007206560609639382,0.033871059430244314,0.18404091781515414,0.28181578680561953,1.5511292300933288,599.9548856498219,0.21985669836999389,301.92739869971484,200.849735164807,0.12244498324914674,1.9718454419320477,-0.07742899776651263,0.648371492079092,0.7516599532287928,0.5228966250621067,1.0805055114303028,espA_p.Thr192Ile
peth_value_baseline,-0.0003400378952626052,4.224283350620384e-08,6.9945076977779515e-09,4.947049146057439e-08,0.00022241962921598082,0.17109784913715806,-1.5288124364797455,1358.6114313581206,0.1461003871394859,330.4722200690525,265.81474253968867,0.1275000401523497,1.9689285955950404,-0.0007779662634475959,9.78904729223855e-05,1.000340095714701,0.9999021143181935,1.0007782689576912,espA_p.Thr192Ile
screen_sex,0.04896003735351603,0.023288694521160502,0.007206368485854545,0.030735275289876865,0.1753147891362188,0.31975088865330237,0.2792692937928602,494.03578051489916,0.24228124519740382,293.24875584464763,184.01908241288018,0.7803517901495728,1.9729391880129448,-0.2969253803715562,0.3948454550785882,0.9522191821367129,0.6737841611231362,1.3457148789572153,espA_p.Thr192Ile
screen_years,-0.023478270222457905,3.759804871505401e-05,1.3809416323776427e-05,5.186777891628965e-05,0.007201928833048106,0.37953379733566167,-3.2599975321501597,383.1437768773803,0.2751174332000184,280.5406484929215,161.95559142620382,0.001358078932995146,1.9747198607228502,-0.03770006212459054,-0.00925647832032527,1.0237560545136053,1.0092994520084333,1.0384197247582638,espA_p.Thr192Ile
smoked_substance_use,-0.11804541216470485,0.024289900437244362,0.008992985705986067,0.03358265233342996,0.18325570204888567,0.38257678001581163,-0.644156830291779,378.7383652269294,0.2767128636511864,279.9231924884656,160.95922263918482,0.5203906089363146,1.9748118802515986,-0.4799409496946915,0.2438501253652818,1.125295212298554,0.7836050679858023,1.6159789753235632,espA_p.Thr192Ile
F2,0.11604985279334015,0.028354462146733737,0.011290912163728557,0.04002173804925324,0.20005433774165768,0.41147935877399494,0.5800916596130117,341.23294324906885,0.2915234687749201,274.19126161264506,152.03024267510241,0.5627115572356048,1.9756907741329963,-0.2791956566081394,0.5112953621948197,0.8904308317267221,0.5997182231285962,1.3220659895130937,espK_c.-46C>T
Indel_Sample1,1.9287904851330526,3.1658238956728826,0.7595123258827704,3.950653299085079,1.9876250398616633,0.24790684171817587,0.9703995705685488,734.8273366037903,0.19865813170544544,310.13156846675224,218.0881500194451,0.3329223533400417,1.9709011543413564,-1.9886220003280841,5.84620297059419,0.1453238636009704,0.0028908550065537353,7.305459901667634,espK_c.-46C>T
Lineage_2,-2.1626801253301644,3.1268342895741603,0.7363605805031369,3.887740222760735,1.9717353328377354,0.24334706054736327,-1.0968409853555852,757.060404570097,0.19571933554918583,311.2689275607985,220.577469083668,0.273906903471605,1.9707770556600719,-6.048530879121048,1.7231706284607196,8.694408564686142,0.1784992948017507,423.49041419824334,espK_c.-46C>T
TTP_baseline,1.3427120516161524,0.0730921771867245,0.021966395082731002,0.09579078543887988,0.3095008650050592,0.31054771010813514,4.338314374643844,516.4722683473193,0.23696024777496377,295.30806329097004,187.88140013362596,2.3410137908797207e-05,1.9726707593499233,0.7321687452271641,1.9532553580051406,0.26113649170849046,0.14181167159575755,0.4808649847679994,espK_c.-46C>T
bl_prevtb,-0.03244221909362147,0.024501356332905067,0.0062752870210576565,0.030985819587997978,0.17602789434631655,0.2646573180270982,-0.18430158023588458,662.1797666821427,0.20927196186234165,306.02385373944935,209.2977136153658,0.8539553208763659,1.9713631311247797,-0.379457120057478,0.314572681870235,1.0329742052337343,0.7301007929254348,1.4614909599026304,espK_c.-46C>T
diabetes,0.35017901802530005,0.09600011961557885,0.03143655982168798,0.12848456476465642,0.3584474365435697,0.3383792153505402,0.9769326889376021,453.67934464197896,0.25282760780315466,289.1671520923046,176.6033287226373,0.32993878914074837,1.9734877137988638,-0.3572125940361326,1.0575706300867327,0.7045619491394951,0.3472985028434161,1.429339706653029,espK_c.-46C>T
fstrom1_baseline,0.32358930178342826,0.026418223765111708,0.006493034037657701,0.03312769227069133,0.18201014331814402,0.2539712194595099,1.7778641117699217,706.9751148880305,0.20253353148645406,308.63172943415833,214.84194754558578,0.07684063861907889,1.971067329808744,-0.03516494540477266,0.6823435489716292,0.7235473409692772,0.5054311007743957,1.0357905436005022,espK_c.-46C>T
peth_value_baseline,-0.0003485420288470478,4.20788260695891e-08,7.16315907680967e-09,4.948075711562576e-08,0.000222442705242554,0.17590631054667494,-1.5668845083815794,1295.927185136757,0.14959211373302064,329.1208684325598,262.46404200833007,0.1183465159769376,1.9690435607387964,-0.0007865414052382169,8.945734754412123e-05,1.0003486027766775,0.9999105466536451,1.0007868508100437,espK_c.-46C>T
screen_sex,0.05033111550889743,0.023159135528547436,0.0072214512948891325,0.030621301866599542,0.17498943358557265,0.32221264601408633,0.2876237409173892,488.33229699190576,0.24369200142308542,292.70277159210127,183.0087054178079,0.7739602092915364,1.9730112904156516,-0.2949250126588772,0.39558724367667203,0.9509145098251861,0.6732845410439943,1.3430256449880202,espK_c.-46C>T
screen_years,-0.022855234798299352,3.838846127109158e-05,1.3368886063954269e-05,5.220297687051099e-05,0.007225162757371698,0.35986114426061744,-3.163283038154481,414.1114266417912,0.26463080129867295,284.5991355484141,168.67607335652554,0.0018505567181535496,1.9741277873467955,-0.037118629365730016,-0.00859184023086869,1.0231184168819887,1.0086288560254633,1.037816129005019,espK_c.-46C>T
smoked_substance_use,-0.11340675023869122,0.02414601869955412,0.008567152753527683,0.03299874321153273,0.1816555620165062,0.3666328856169601,-0.6242955017715696,402.9386230664026,0.26827459625446176,283.1889311281521,166.30691666416902,0.5332890064700777,1.9743310094229145,-0.4720549593620268,0.24524145888464433,1.1200874361362942,0.7825155700919957,1.6032854968532853,espK_c.-46C>T
F2,-0.001997947920027368,0.016128935244608164,0.0057515696288556635,0.02207222386109235,0.1485672368360277,0.36848611060491443,-0.013448105804326729,399.9784016249548,0.2692655100767021,282.80543231189677,165.66892648109848,0.9892864685604572,1.974386735597905,-0.295327129673513,0.2913312338334582,1.0019999451478705,0.7472681165371237,1.343565807047861,espK_c.588C>T
Indel_Sample1,0.7487716501427398,0.1855415070554961,0.06512518346549945,0.25283752996984554,0.5028295237651083,0.3627006376218609,1.4891163202511573,409.35705354940876,0.26616310846880775,284.00610921989073,167.67533999923333,0.13833520968607868,1.974212922943287,-0.24392089371175552,1.7414641939972353,0.47294714063817755,0.1752635927541668,1.2762433676203992,espK_c.588C>T
Lineage_2,-0.21842093365335968,0.019761260842196406,0.008636107855947608,0.028685238960008935,0.1693671720257764,0.4515895108654745,-1.2896296905761506,299.63873069908215,0.3111000096688666,266.61484064575575,141.08190478498886,0.19928938005766245,1.9769215547373689,-0.553246546696029,0.1164046793893096,1.2441106454547404,0.8901149392325977,1.738889248919065,espK_c.588C>T
TTP_baseline,1.3532055285094822,0.07266817603217236,0.020355044949231158,0.09370172247971122,0.3061073708353185,0.2894464619316534,4.420689135373639,575.5302259023345,0.2244734236565732,300.1406553496461,197.26591676644935,1.623052480075531e-05,1.9720626037380693,0.7495426297565692,1.9568684272623953,0.2584105890779525,0.1413002207149068,0.47258264856036214,espK_c.588C>T
bl_prevtb,-0.019180735389716812,0.02443016150704443,0.006649400756315786,0.03130120895523741,0.17692147680606052,0.2812526411752012,-0.1084138327125911,601.8306839947679,0.2195138040201254,302.0601040614969,201.118366772807,0.9137755129580006,1.971829477825275,-0.36803971861628765,0.329678247836854,1.0193658674567934,0.71915508591538,1.444899427240105,espK_c.588C>T
diabetes,0.3860310576679442,0.0956635083151132,0.031057285401971627,0.12775603656381723,0.35742976451859354,0.3354730431063853,1.0800193380309906,459.57139971989443,0.2512016583472595,289.7964194187175,177.72600144367644,0.281597019994275,1.9734017122210563,-0.31932145163181724,1.0913835669677057,0.6797494139208988,0.3357516373261639,1.376193633501006,espK_c.588C>T
fstrom1_baseline,0.3155605564837739,0.026426909350078062,0.006643006076030284,0.033291348961976025,0.18245917067107376,0.259751888537722,1.7294858642794513,682.1040159559305,0.20619289472884483,307.2154998486912,211.81521526972983,0.08517900387852247,1.971226884840199,-0.04410786612869305,0.6752289790962409,0.7293799010208114,0.5090398477773932,1.0450950791690747,espK_c.588C>T
peth_value_baseline,-0.0003349129563596203,4.2228085044149796e-08,7.130971415528121e-09,4.959675550686219e-08,0.00022270329029195368,0.17449691254075078,-1.5038527536821074,1313.7909395575111,0.14857162303072155,329.51581395410517,263.4413142212901,0.1338171510926617,1.9690097263108803,-0.0007734179010259125,0.00010359198830667195,1.0003349690459653,0.9998964133771582,1.0007737170657722,espK_c.588C>T
screen_sex,0.08191311199560962,0.0233483964479652,0.0070190159975782665,0.030601379645462744,0.1749325002549919,0.31064159860664164,0.4682555378572206,516.2340765142974,0.2370149085279212,295.2869087429313,187.84130960378135,0.640144744657831,1.9726734885614745,-0.26317159354518627,0.42699781753640553,0.9213520096560244,0.6524649762074037,1.3010499515721927,espK_c.588C>T
screen_years,-0.02359502411863577,3.8492873923714526e-05,1.4587014214785225e-05,5.356612194565926e-05,0.007318888026582949,0.3915854153113382,-3.2238536828185143,366.23910892134023,0.2813951705750876,278.11106804095266,158.07421706728462,0.0015365900517339839,1.975084916279682,-0.03805044946387972,-0.00913959877339182,1.023875588999628,1.0091814924394271,1.0387836376341963,espK_c.588C>T
smoked_substance_use,-0.1080681833494852,0.02448232449824276,0.008987636493442896,0.03376954887480042,0.18376492830461535,0.37934406012894156,-0.5880783909449114,383.4216569249056,0.27501772117210577,280.57923857392814,162.01808955682782,0.557298504994338,1.9747141267153931,-0.47095138326745056,0.25481501656848016,1.1141237074828803,0.7750598579332162,1.601517125251962,espK_c.588C>T
F2,0.13479887360652157,0.027035748008999768,0.011054062516641533,0.03845827927619602,0.1961078256373162,0.42249732699808695,0.6873712110592668,328.74032832584544,0.2970109813068598,272.0675102702457,148.86550558666062,0.4929183353033071,1.9760277938957496,-0.25271564045327666,0.5223133876663199,0.8738916566911639,0.5931467811074774,1.2875171069942095,espK_p.Asp44Asn
Indel_Sample1,2.4801296501456407,3.8737363625450314,0.8870202756751687,4.790323980742706,2.1886808768622954,0.2366159006224883,1.1331618402501729,792.0996090091462,0.19134146706619287,312.96322967190787,224.32937130818385,0.2583559100557256,1.9705952455518727,-1.8328744798295022,6.793133780120783,0.08373236897459774,0.0011214488875498025,6.251831618841234,espK_p.Asp44Asn
Lineage_2,-2.7084099821210987,3.82188464424563,0.8665064416975125,4.717274633999726,2.1719287819815194,0.23427970048814226,-1.247006810071429,804.9258048625919,0.18981086733864905,313.5555951940142,225.65327399985154,0.21368775785501157,1.97053254240807,-6.988266326808405,1.5714463625662072,15.005397686217629,0.20774449109988832,1083.8408206611955,espK_p.Asp44Asn
TTP_baseline,1.3452947899018786,0.07289831811414409,0.021767183226643515,0.09539107411500905,0.3088544545817804,0.3085497249147208,4.355756473461072,521.5886492455921,0.23579518534141242,295.75896028534265,188.73795530648587,2.1733512084018002e-05,1.9726127270855158,0.7360445619768031,1.9545450178269541,0.2604629147045396,0.14162890066213354,0.47900484731025295,espK_p.Asp44Asn
bl_prevtb,-0.034481294622967264,0.024507374578797488,0.006296341373333982,0.031013593997909268,0.1761067687452963,0.2654800659365866,-0.19579766790700506,658.9383455673327,0.20978605122483993,305.82489328744776,208.88000402601406,0.8449588778649199,1.971386056896787,-0.38165572305259127,0.3126931338066567,1.0350826665834916,0.731474342879211,1.4647077332123355,espK_p.Asp44Asn
diabetes,0.34490257090901294,0.0961372398237738,0.03178466781289432,0.1289813965637646,0.3591398008627902,0.34163823301143664,0.9603574153586597,447.2351363272944,0.2546425888926828,288.4647266303344,175.35895796077304,0.3381976570924422,1.9735843334310352,-0.3638901135853316,1.0536952554033574,0.7082893580945313,0.34864702599741937,1.4389160881403205,espK_p.Asp44Asn
fstrom1_baseline,0.3222301865089498,0.02634580584420336,0.0065737739480292495,0.03313870559050025,0.1820403954909466,0.2578360968143047,1.770102650238283,690.1741184746671,0.2049838587613448,307.6834152737663,212.8110704422288,0.07814187235600727,1.9711738842712656,-0.0366030869652168,0.6810634599831165,0.7245313937813228,0.5060785118444343,1.0372812286803264,espK_p.Asp44Asn
peth_value_baseline,-0.0003500273764552834,4.202566759132943e-08,7.226710807221395e-09,4.9493268758791534e-08,0.00022247082675890684,0.1776914346746224,-1.5733630406948165,1273.8786034352008,0.1508811471688386,328.6219927627946,261.2320558207385,0.11684509434738519,1.9690865760580942,-0.0007880916949907927,8.803694208022595e-05,1.0003500886431855,0.9999119669330576,1.0007884023208458,espK_p.Asp44Asn
screen_sex,0.04652189755197717,0.023168010109161096,0.007289689844072955,0.03070068961470315,0.17521612258780056,0.32513277877772856,0.26551151152580216,481.7206682557289,0.24535864177899472,292.05775626456307,181.82240943750247,0.7909162419916795,1.9730969762016537,-0.2991965041077904,0.39224029921174475,0.9545436581717464,0.6755417623019376,1.3487746371906073,espK_p.Asp44Asn
screen_years,-0.022878695937889926,3.834645293035834e-05,1.339151407549441e-05,5.218435080836923e-05,0.007223873670571021,0.3608651340749075,-3.1670952429711368,412.4186777664945,0.2651733261725581,284.38917011826834,168.32101685898883,0.0018284625419184722,1.974157876452246,-0.0371397630431437,-0.008617628832636148,1.0231424206875621,1.0086548674887608,1.037838062108067,espK_p.Asp44Asn
smoked_substance_use,-0.11389241877308653,0.02409951524956031,0.00857482234778856,0.03296016500894182,0.1815493459336657,0.36766921108685674,-0.6273358804316509,401.27824172141976,0.2688290473357063,282.9743500732143,165.9496083921613,0.5313012865353994,1.9743621658643928,-0.47233657862194267,0.2445517410757696,1.1206315594808953,0.7830554711847062,1.6037370765121228,espK_p.Asp44Asn
F2,-0.02199593468562453,0.01677975732424801,0.005933364918877911,0.022910901073755183,0.15136347338032113,0.3653892980113134,-0.14531864388680338,404.94807691026074,0.2676081455622233,283.44685774682426,166.7375138488047,0.8846348147386748,1.9742936410548777,-0.32083187766837185,0.27684000829712274,1.0222396287365332,0.7581757892429835,1.3782738428020516,espK_p.Cys729Ser
Indel_Sample1,0.03156937013309978,0.0406164465846585,0.020979059367981022,0.06229480793157222,0.24958927847880852,0.533733577646401,0.12648528144120658,239.4687228733587,0.34799627877055717,252.3354197645887,122.86688026380291,0.8995545526847187,1.9794599902231083,-0.46248262060435513,0.5256213608705547,0.9689237397535606,0.5911879091835897,1.5880115253955294,espK_p.Cys729Ser
Lineage_2,-0.2679198906365365,0.028754343069155388,0.01078099776822204,0.039894707429651496,0.19973659511880015,0.38743240746982366,-1.341366065027703,371.903081116678,0.27924416741595404,278.94353918705514,159.39233368507604,0.1817097257132696,1.9749589346575371,-0.6623914637444859,0.1265516824714129,1.3072424134625682,0.8811286094625439,1.9394248571701647,espK_p.Cys729Ser
TTP_baseline,1.3647703212884597,0.07342802745467007,0.022071580354508,0.09623532715432834,0.310218192816489,0.31060754987239836,4.399388407551571,516.3204339706733,0.2369950866700251,295.2945801053329,187.85584680533645,1.8165118510364933e-05,1.9726724987883368,0.7528114236955542,1.9767292188813652,0.25543933822916703,0.13852157090418604,0.4710403952903987,espK_p.Cys729Ser
bl_prevtb,-0.017029289375344026,0.024737713999168666,0.006762465676705058,0.03172559519843056,0.17811680212273787,0.28247885796952493,-0.0956074282290863,597.759558073888,0.22026005045943403,301.771295267345,200.53417337311058,0.9239278373560282,1.9718642499384442,-0.36825144379453084,0.33419286504384277,1.017175114312658,0.7159156937997488,1.4452053812168184,espK_p.Cys729Ser
diabetes,0.37233651993000444,0.09613642903427151,0.033308280525322184,0.13055498557710443,0.3613239344094222,0.3580178386963293,1.0304784280027897,417.2531409369512,0.26363264788923496,284.9854361957249,169.33143841154583,0.30425509608516615,1.9740725824647165,-0.3409431523759155,1.0856161922359244,0.6891223001115909,0.3376936375740153,1.4062732952941819,espK_p.Cys729Ser
fstrom1_baseline,0.3102485569719056,0.02638484406384285,0.006837454423055594,0.03345021363433363,0.18289399562132602,0.2677813654458164,1.696329920060698,650.0189568273852,0.21122046178021464,305.2697544472542,207.71848865668056,0.09132147973704013,1.9714502935069014,-0.050317864376407506,0.6708149783202187,0.7332646755243046,0.511291716278995,1.0516053111221757,espK_p.Cys729Ser
peth_value_baseline,-0.00034197940379015557,4.227593881228999e-08,6.759271709488993e-09,4.926051957876195e-08,0.00022194710986800877,0.1652140901585722,-1.540814854464785,1442.4982237887693,0.14178861340072574,332.1409425024895,269.97754174931555,0.1245330973893608,1.9687897591926793,-0.0007789466007807037,9.498779320039257e-05,1.0003420378854129,0.9999050167179973,1.0007792500584713,espK_p.Cys729Ser
screen_sex,0.0675112337379071,0.023178578950016498,0.006918915440856543,0.03032812490556826,0.17414971979755886,0.3084548872029393,0.3876620290654837,521.8337859406942,0.23573979524989033,295.7803970985692,188.77877564603864,0.6987029003679206,1.9726099747060195,-0.27601824062701585,0.4110407081028301,0.9347172201887793,0.6629599432098675,1.3178719026178936,espK_p.Cys729Ser
screen_years,-0.023306621832272254,3.818033751565557e-05,1.3904337776264269e-05,5.2548153217795316e-05,0.007249010499219553,0.37631452828955025,-3.215145271865933,387.9103932455242,0.27342189634314523,281.19684720862614,163.02196865492485,0.0015721206772526285,1.9746226308354664,-0.037620682015195084,-0.008992561649349423,1.0235803435155915,1.0090331162038169,1.0383372981584738,espK_p.Cys729Ser
smoked_substance_use,-0.10622348165694565,0.024347448910766744,0.008587748582635512,0.03322145577949011,0.18226753901748416,0.3644737853746627,-0.5827888072091436,406.4393946534927,0.2671167370757394,283.637040352652,167.0557943066316,0.56082131058273,1.974266144534906,-0.4660681131868596,0.25362114987296835,1.1120703760682336,0.7759857286577703,1.5937155486965913,espK_p.Cys729Ser
F2,0.07875393872091935,0.028112683935870568,0.011624963159584323,0.04012514586744104,0.2003126203399103,0.42729687279139816,0.39315515211813346,323.5692167146962,0.2993749099693069,271.1526336952971,147.52551168992656,0.6947724524522204,1.9761748853437615,-0.3170988308122113,0.47460670825405,0.9242673228666433,0.6221296868270553,1.3731382735904527,espK_p.Glu660Ala
Indel_Sample1,1.511147552715422,3.359903745784156,1.0063595807234242,4.399808645865027,2.0975720835921297,0.30950437237545686,0.7204269948747386,519.1326287826438,0.23635230160706694,295.5433477632445,188.3278744686467,0.4721553713271095,1.9726404440906595,-2.6266079737739263,5.6489030792047705,0.22065661751434415,0.003521377329184134,13.826789435300977,espK_p.Glu660Ala
Lineage_2,-1.7500442516642813,3.322189306108419,0.9816895535236102,4.336601844749483,2.0824509225308248,0.305344592126611,-0.8403771885953663,529.9902510434746,0.23391876288326038,296.4851644973994,190.12573611739984,0.4017525218670739,1.9725198207330152,-5.857719972060086,2.3576314687315234,5.754857332385865,0.09464412550245273,349.9253941044347,espK_p.Glu660Ala
TTP_baseline,1.3464375493798513,0.07316773526899006,0.022192459303396247,0.09609994321583286,0.3099999084126201,0.31341967689085926,4.343348216695918,509.275187667356,0.23862873566260975,294.6623329403711,186.66153906247484,2.2997092982736274e-05,1.972754331092752,0.7348838874204985,1.9579912113392042,0.2601654382444955,0.14114166010835802,0.47956113882312357,espK_p.Glu660Ala
bl_prevtb,-0.029219824081967914,0.0244721514047512,0.0062555127693713995,0.03093618126643498,0.17588684222088638,0.2641381934417424,-0.1661285387412458,664.2394989055826,0.20894724549267812,306.14952394465763,209.5619401978396,0.8682159639101389,1.9713486766463593,-0.3759541177336193,0.31751446956968343,1.0296509116656394,0.7279561474859032,1.4563803102087451,espK_p.Glu660Ala
diabetes,0.34973506507127416,0.09629284344570845,0.03145908237057062,0.1288005618952981,0.3588879517276919,0.3375922580157066,0.9744965340509326,455.2610900209051,0.25238801734432764,289.33728032829606,176.90611592954255,0.33114068606845937,1.9734644107689334,-0.35851753511708473,1.057987665259633,0.7048748109409316,0.3471536973488257,1.431206128275145,espK_p.Glu660Ala
fstrom1_baseline,0.32162855209835783,0.02645272634156479,0.006361308504283423,0.033026078462657656,0.1817307856766642,0.24849431533884117,1.7698077455660157,732.0457443351611,0.19903519966881056,309.9856373934815,217.7704727879435,0.07815853036821507,1.9709171965842205,-0.036547778540540976,0.6798048827372567,0.7249674279528042,0.5067158517306699,1.037223859876126,espK_p.Glu660Ala
peth_value_baseline,-0.0003476205722431926,4.21583023983964e-08,7.02024218941568e-09,4.94125526607926e-08,0.00022228934446075592,0.17207168813021603,-1.563820223081198,1345.5117976322706,0.14680986655749595,330.1976406749038,265.1323737409078,0.1190525624578356,1.9689517715130964,-0.0007852975708076829,9.005642632129769e-05,1.000347680999276,0.9999099476286368,1.0007856059976752,espK_p.Glu660Ala
screen_sex,0.0542653260923864,0.023171511716212848,0.007192524279138458,0.030603786804655923,0.17493938037119008,0.3207505483227835,0.31019502857072595,491.7051786042489,0.2428547531023958,293.0267995072335,183.60765051818325,0.7567644603498517,1.9729684521681787,-0.29088455242182076,0.3994152046065935,0.9471807613888615,0.6707121607529344,1.33761015118326,espK_p.Glu660Ala
screen_years,-0.02294303542739535,3.838063576150989e-05,1.3419923004139704e-05,5.224788953245425e-05,0.007228270161833621,0.3613085999177525,-3.17406999375011,411.6750780481307,0.2654127065234011,284.2965262585072,168.16461176297898,0.0017878100679926251,1.9741711715311707,-0.037212878000926236,-0.008673192853864463,1.0232082512663307,1.0087109139662993,1.0379139463682665,espK_p.Glu660Ala
smoked_substance_use,-0.11254118501100771,0.02421174382855978,0.00864363655346911,0.03314350160047786,0.18205356794217975,0.3689018781613873,-0.6181762119968492,399.3198542836261,0.2694874512531682,282.71953767954557,165.52639909019555,0.5373088361108871,1.9743992439845657,-0.4719876119207401,0.24690524189872473,1.1191183468651011,0.7812147164474045,1.6031775233133319,espK_p.Glu660Ala
F2,-0.02677627147565172,0.017001703443184586,0.006459442153536625,0.02367646033517243,0.15387157091279868,0.39259341949429977,-0.1740170150782839,364.8888926704451,0.2819153200055077,277.90976224990925,157.7573080364344,0.8620751946726486,1.9751155217873215,-0.33069039954731894,0.27713785659601553,1.0271379769912632,0.7579500015008125,1.3919287838098564,espK_p.Leu39Trp
Indel_Sample1,0.1188892347192669,0.1277818056637156,0.04373804542693689,0.17297778593821705,0.41590598208996354,0.3536965222845894,0.28585603438988355,424.79465638747433,0.26128199080224224,285.8951764678363,170.8857192490837,0.7753346066965814,1.9739433618740525,-0.7020856177909252,0.939864087229459,0.8879061444886731,0.3906809302779322,2.0179570087024348,espK_p.Leu39Trp
Lineage_2,-0.2416512710075394,0.020258641240433233,0.01017843010105391,0.030776352344855606,0.17543190230073777,0.5191715959425053,-1.3774648045102065,248.30748625775178,0.34174651325047145,254.7541746805382,125.74476180635111,0.17081543341232708,1.9790095486643728,-0.5888326808010548,0.10553013878597603,1.2733500612960018,0.8998473521313357,1.8018838136958581,espK_p.Leu39Trp
TTP_baseline,1.360273833243154,0.0731777948737988,0.021808054695709424,0.09571278472603188,0.3093748288501052,0.3079484683994173,4.396847145900867,523.1463123165956,0.23544388470920774,295.8949190070564,188.9970001407536,1.8305494831656568e-05,1.9725952808502214,0.7500025058395916,1.9705451606467166,0.25659050432254255,0.1393808505446603,0.4723653690676881,espK_p.Leu39Trp
bl_prevtb,-0.018810370251720807,0.024340666959109927,0.006262951709341047,0.03081238372542901,0.1755345656143798,0.26588083133428386,-0.10716049107412871,657.3695587304362,0.2100362251745576,305.72807213971396,208.67700369318777,0.9147646120425807,1.9713972317935757,-0.36485872698799693,0.32723798648455527,1.0189883997813731,0.7209121552601288,1.4403105167707118,espK_p.Leu39Trp
diabetes,0.3730828357812975,0.09566867973921513,0.03124678758799698,0.12795702691347866,0.3577108146442859,0.33750175357576695,1.0429733195299051,455.4436494067683,0.2523374288470778,289.35685885104544,176.94099603162658,0.29838353576520615,1.9734617314930074,-0.33284576786038916,1.0790114394229842,0.6886081890840056,0.33993140238362096,1.3949321385096052,espK_p.Leu39Trp
fstrom1_baseline,0.31170905993217085,0.026377528321680957,0.006927569930089657,0.03353601724944027,0.18312841737272856,0.27138588727721724,1.702133750753369,636.4704593943037,0.21345674039092374,304.4042803961555,205.91936842568654,0.09023942038582039,1.9715512311441366,-0.04933799679650941,0.6727561166608511,0.732194521966489,0.5103001909805048,1.0505753818505164,espK_p.Leu39Trp
peth_value_baseline,-0.00034247217918251184,4.230736675871136e-08,7.060654976436244e-09,4.9603376901028814e-08,0.00022271815575078025,0.17245247580470505,-1.5376931352005956,1340.4469369805333,0.14708696460071305,330.0903994908822,264.8660734867716,0.12531739650708493,1.9689608486538293,-0.0007809955081401838,9.605114977516015e-05,1.0003425308294744,0.9999039534629889,1.0007813005645427,espK_p.Leu39Trp
screen_sex,0.06270587794199874,0.023079667879224393,0.0066571937299625605,0.029958768066852375,0.17308601349286537,0.29805888991237756,0.3622816002090399,550.0252540604291,0.22961892732963546,298.14926667046177,193.34420233118752,0.7175372821000432,1.9723095222012934,-0.2786733146298412,0.40408507051383863,0.9392196782929036,0.6675873268562703,1.3213755992742895,espK_p.Leu39Trp
screen_years,-0.023332532524622872,3.813910326510554e-05,1.3949375765090498e-05,5.255345822236572e-05,0.007249376402309768,0.3779416326877368,-3.218557187510467,385.48738649985796,0.27427985607093147,280.8648036619362,162.48140356100126,0.0015555854128009726,1.9746717576785209,-0.037647671367045096,-0.00901739368220065,1.023606865534569,1.009058172858409,1.0383653225873317,espK_p.Leu39Trp
smoked_substance_use,-0.10603718894645146,0.02426971116650912,0.008696883447865143,0.0332564907293031,0.18236362227512123,0.3702878662682747,-0.5814602036500427,397.13911147649884,0.27022633373868016,282.43357884822666,165.05286653193133,0.561723573339508,1.974440958044359,-0.4661033940237814,0.25402901613087847,1.111863224759604,0.7756692947981647,1.5937717773068552,espK_p.Leu39Trp
F2,-0.02060704976310748,0.016633635456737485,0.005995768627071138,0.02282926303804433,0.15109355723539086,0.37247585456715615,-0.1363860255868055,393.74148334787634,0.27138973216007906,281.9833258520265,164.31028058864476,0.8916830805954004,1.9745068610193455,-0.3189423151802059,0.277728215653991,1.0208208410234831,0.7575026709077598,1.3756719672276694,espK_p.Pro593Ser
Indel_Sample1,-0.18401275079365456,0.1357524682055775,0.027838924344601383,0.16451935669499893,0.4056098577389348,0.211906927878896,-0.45366932603519666,948.5194121457099,0.17485412699948813,319.3440826349685,238.90904878961695,0.6504786648203181,1.9699432224592117,-0.9830411410091142,0.6150156394218051,1.2020311498497451,0.5406324400644275,2.6725715627366227,espK_p.Pro593Ser
Lineage_2,-0.2346752986481552,0.02017193260798921,0.008912718247243167,0.029381741463473818,0.1714110307520313,0.4565655177648674,-1.369079327150445,295.1561456064331,0.31345347133129825,265.70401496002233,139.8283893948675,0.17316962900509894,1.977074873039543,-0.5735677405098046,0.10421714321349426,1.2644981178187853,0.9010296237094185,1.7745870367553114,espK_p.Pro593Ser
TTP_baseline,1.350487040066656,0.07340681767497147,0.021713043648287293,0.09584362944486834,0.30958622295714056,0.3056502444942093,4.36223236023529,529.1785252738393,0.23409810229278813,296.41575740092117,189.9926594224499,2.109216529886083e-05,1.9725286704799163,0.7398193392981086,1.9611547408352035,0.25911403099401087,0.14069585982645585,0.4772001190424545,espK_p.Pro593Ser
bl_prevtb,-0.018918263264662557,0.02428528084250566,0.006294089155965312,0.03078917297033648,0.17546843867298895,0.2678121027304446,-0.1078157611006017,649.9012701519032,0.211239585230072,305.2623533794535,207.70304302145888,0.9142459159418139,1.9714511525826819,-0.3648457189284103,0.32700919239908516,1.0190983474411635,0.7210771145675331,1.4402917812475429,espK_p.Pro593Ser
diabetes,0.39384739418134795,0.09753447317771947,0.031159514871308976,0.12973263854473877,0.3601841730902939,0.3301208723232694,1.0934611335146454,470.7976070884575,0.24818862645667708,290.962508878208,179.8262340874628,0.2756539838739033,1.9732437279128672,-0.316883766262557,1.104578554625253,0.6744569744460168,0.33135049895471014,1.3728429919794713,espK_p.Pro593Ser
fstrom1_baseline,0.3125766308609109,0.026314053964988256,0.0068909618353165695,0.03343471452814871,0.18285161888304055,0.2706029474833006,1.7094550913484001,639.3706102584225,0.21297207598903128,304.59185293802057,206.30807525256236,0.08887030165290463,1.9715292732303402,-0.04792068842456115,0.6730739501463829,0.731559566759214,0.5101380262641916,1.0490874472466178,espK_p.Pro593Ser
peth_value_baseline,-0.00033460832283360736,4.2151996591957304e-08,7.083289859523059e-09,4.9471396113464464e-08,0.00022242166286912,0.17364300895070103,-1.5043872908660951,1324.815572871942,0.14795215208238413,329.75555869281,264.03536908333007,0.1336769025421215,1.9689892823135087,-0.0007725541931772531,0.0001033375475100384,1.000334664310443,0.9998966677916304,1.0007728526900312,espK_p.Pro593Ser
screen_sex,0.06722480870744503,0.022999712851657746,0.006689941821787693,0.029912652734171697,0.1729527471136891,0.3005663560715145,0.38868887502119487,542.978078065203,0.23110420676989063,297.574440793214,192.22641574219458,0.6979364895690077,1.9723817566343738,-0.2739040344593937,0.40835365187428374,0.9349849849424785,0.6647437493749827,1.3150885929951803,espK_p.Pro593Ser
screen_years,-0.02315303457107105,3.800769741856538e-05,1.4078159121401058e-05,5.255512851067981e-05,0.00724949160360089,0.3827496028477783,-3.193745966899351,378.4910245853838,0.276803263627416,279.8882063139916,160.90297051508716,0.0016898180066812613,1.974817109648635,-0.037469454626116214,-0.008836614516025892,1.023423146686036,1.0088757726508732,1.0381802849925348,espK_p.Pro593Ser
smoked_substance_use,-0.11162364912847858,0.02438701319010766,0.009205768613530231,0.03389964075742224,0.1841185508237077,0.3900693985425518,-0.6062596551466315,368.28768932223596,0.2806114564866534,278.4143773888005,158.55305402700432,0.5452093516095435,1.9750389064062395,-0.4752649503964359,0.2520176521394787,1.118091986558266,0.7772310181575139,1.6084402979301295,espK_p.Pro593Ser
F2,-0.023292172057277686,0.016834886385267835,0.005907414471286083,0.022939214672263453,0.15145697300640684,0.3625999099309337,-0.15378738657540975,409.5239692790588,0.26610886092698544,284.0271038488955,167.71065817322412,0.8779622743417453,1.9742099008940441,-0.32230002772596805,0.2757156836114127,1.0235655531167982,0.7590287043858641,1.3802988417611795,espK_p.Ser361_Ala379del
Indel_Sample1,0.24237618305875244,0.156143244179325,0.04752715338500667,0.2052546360104986,0.4530503680723575,0.3145278048326629,0.5349872776619002,506.5466686508376,0.23927056063504237,294.41393685218804,186.19442441016602,0.5932969838512212,1.9727866245584682,-0.6513955233256853,1.1361478894431902,0.7847609082588005,0.32105337595445804,1.9182158770339075,espK_p.Ser361_Ala379del
Lineage_2,-0.2365776255981701,0.01985575938464563,0.009451497995893761,0.029622307313735847,0.1721113224449102,0.4918748127378421,-1.3745616629835287,266.7801994169512,0.3297024713723592,259.4154032349474,131.5231306724383,0.17160486563492838,1.9781651918936154,-0.5770422527894699,0.10388700159312961,1.2669058961312267,0.901327140197972,1.7807635852389008,espK_p.Ser361_Ala379del
TTP_baseline,1.369841105732856,0.07336192384077647,0.021684571127591864,0.09576931400595473,0.3094661758673389,0.30543623983758794,4.426464707794352,529.746624926995,0.23397254535816156,296.4643498564115,190.08581771596678,1.61253538048814e-05,1.9725224740415648,0.7594121188788306,1.9802700925868812,0.2541473388998531,0.13803195086904124,0.46794144010293537,espK_p.Ser361_Ala379del
bl_prevtb,-0.022515639835041647,0.024390426412942222,0.006390481798882206,0.030993924271787168,0.1760509138624028,0.27074138627363037,-0.12789277454497813,638.856106492329,0.21305781742700813,304.55866968915456,206.23926063955088,0.8983584472846287,1.9715331544796064,-0.36960585339120205,0.3245745737211188,1.022771030009554,0.7228348011590117,1.44716410741365,espK_p.Ser361_Ala379del
diabetes,0.3797409281174311,0.09582626695799926,0.03335084473927413,0.13028880652191585,0.36095540794108605,0.35963562661813353,1.0520438806652017,414.4934329914995,0.26450882837828177,284.646340935538,168.75601051865314,0.29428351060391367,1.974121030692395,-0.3328287338412196,1.0923105900760817,0.6840386014268259,0.3354405320228697,1.3949083774111917,espK_p.Ser361_Ala379del
fstrom1_baseline,0.30219992866359685,0.02665757227168097,0.00685260793397193,0.03373860047011863,0.1836807024978907,0.26562914755594685,1.6452459325010866,658.3539976157599,0.2098791325001503,305.78886940918926,208.80445366270993,0.10142361096136114,1.971390213290207,-0.05990641061101498,0.6643062679382087,0.7391902647935022,0.5146304195206662,1.0617371745619206,espK_p.Ser361_Ala379del
peth_value_baseline,-0.0003356799032324406,4.2443373673224164e-08,7.303492113522e-09,4.999031552386356e-08,0.0002235851415543161,0.17781201628183638,-1.5013515696922688,1272.411970519435,0.15096807794775297,328.58834922078165,261.14907271822733,0.13447276196539742,1.969089488104091,-0.0007759390551633096,0.00010457924869842843,1.0003357362500358,0.9998954262195205,1.00077624017375,espK_p.Ser361_Ala379del
screen_sex,0.06871773874528485,0.02304336308712188,0.006924141301947039,0.03019830909913382,0.17377660688117322,0.310499209033016,0.39543722241206714,516.5953918367887,0.23693200796521308,295.3189925295855,187.9021157898644,0.6929688207384654,1.9726693495657015,-0.2740860473207337,0.41152152481130344,0.9335901592212074,0.6626412576129432,1.3153279778178044,espK_p.Ser361_Ala379del
screen_years,-0.023166421104397268,3.8277452930271176e-05,1.3860571380981474e-05,5.260004335728537e-05,0.007252588734878421,0.3741782519621982,-3.1942278752120115,391.13533922171644,0.27229236922350253,281.63399149260823,163.73666540635284,0.0016819779143308995,1.9745581803850334,-0.03748707951981979,-0.008845762688974742,1.0234368468657946,1.0088850020631415,1.0381985829709524,espK_p.Ser361_Ala379del
smoked_substance_use,-0.09440276311087528,0.024725687508542097,0.009277356973117318,0.03431228971409666,0.18523576791240037,0.3877183274375135,-0.5096357154711026,371.5078413260997,0.27939266908253163,278.8860667691049,159.30093955638725,0.6110119932989051,1.9749676020634224,-0.46023740348120523,0.2714318772594547,1.0990022943730355,0.762287210793185,1.5844500943160706,espK_p.Ser361_Ala379del
F2,-0.00926562236888693,0.0165282357007348,0.005540004722453575,0.022252907247270158,0.14917408369844326,0.3463570855466962,-0.06211281570609456,438.1979740111362,0.25725499517541134,287.453685413108,173.58414458805277,0.9505444523738751,1.9737245528272396,-0.3036941740100101,0.2851629292722362,1.0093086811338314,0.7518917391651386,1.354854642961273,espK_p.Val269fs
Indel_Sample1,-0.770807067592664,0.4724837557655024,0.21871669835659463,0.6984910107339836,0.8357577464397106,0.47833867770186456,-0.9222852804850049,276.9968814077567,0.32356501586325315,261.790692457617,134.58960248859847,0.35803014855056126,1.9777468153256517,-2.423724288997545,0.882110153812217,2.161510034715961,0.4139085787521682,11.28782023378954,espK_p.Val269fs
Lineage_2,-0.27563408206837026,0.0194928483952256,0.008408269445748786,0.02818139348916601,0.167873147016329,0.4457298860472596,-1.6419188355452667,305.0905858095466,0.30830785912984104,267.6954456413567,142.58615930697619,0.10281058691540636,1.9767411566202815,-0.607475840866915,0.05620767673017446,1.3173657280791697,0.9453427898033651,1.8357917151708985,espK_p.Val269fs
TTP_baseline,1.3639020613776613,0.07327786580314796,0.022365373170955074,0.09638875141313488,0.31046537876731906,0.3153869911013987,4.393089067750287,504.4493086326616,0.23976745492770843,294.2216311554014,185.83360308627385,1.8746714872491193e-05,1.9728116813991234,0.7514123354754909,1.9763917872798318,0.2556612222787654,0.13856832034662922,0.4716998835922045,espK_p.Val269fs
bl_prevtb,-0.038594125578542804,0.024404277218413616,0.006582069447072339,0.031205748980388366,0.1766514901731326,0.2786999877563625,-0.2184760827135818,610.4659153973922,0.21795572880654837,302.6631030172412,202.34326641072434,0.8272783832120579,1.9717572255538653,-0.3869079777322747,0.3097197265751891,1.0393485530378719,0.733652550724619,1.47242098952014,espK_p.Val269fs
diabetes,0.3412152102845259,0.09579525000436814,0.03069634024965166,0.12751480159567485,0.3570921472052765,0.33111820878238063,0.9555382635966406,468.66780247975856,0.24875191894885562,290.744506061911,179.4316304943349,0.34059115369848014,1.9732731268657064,-0.3634251276104192,1.045855548179471,0.7109058974817913,0.351391058758209,1.4382471678715834,espK_p.Val269fs
fstrom1_baseline,0.31157103990991164,0.026262158087424915,0.00703408771305735,0.03353071539091751,0.18311394100646053,0.276769231199358,1.7015145771938738,617.1449780597799,0.2167731054572559,303.1207963547952,203.2776643626097,0.09037535558918142,1.9717026977996333,-0.04947521157724949,0.6726172913970727,0.7322955864450093,0.5103710384567198,1.0507195462117023,espK_p.Val269fs
peth_value_baseline,-0.0003653963428122299,4.2440506536049874e-08,6.281834046335352e-09,4.8931735050596404e-08,0.00022120518766655632,0.15294889350655472,-1.6518434611173165,1647.8794302137735,0.13265886664011542,335.6742942398676,278.86855692893613,0.09969197843356847,1.9685071686331734,-0.0008008403404726925,7.004765484823266e-05,1.0003654631081875,0.9999299547984315,1.0008011610987178,espK_p.Val269fs
screen_sex,0.059618122687792256,0.022910697296730422,0.00669111154778593,0.029824845896109217,0.17269871422830343,0.30178691245532324,0.3452146297335982,539.6062810431034,0.23182512404132072,297.29543477472254,191.6861692332828,0.7303115374246323,1.9724169727032959,-0.2810157524201496,0.4002519977957341,0.9421242407707019,0.670151148143444,1.32447446744922,espK_p.Val269fs
screen_years,-0.023531723376267164,3.807199577286918e-05,1.4263285296222616e-05,5.2810723912299216e-05,0.0072670987272982065,0.3871278045773774,-3.23811802471767,372.3250211423552,0.27908589482518903,279.00479310222084,159.489805654122,0.0014638943207581521,1.9749497018849946,-0.037883877841313585,-0.009179568911220747,1.0238107789660347,1.0092218303689253,1.0386106201684804,espK_p.Val269fs
smoked_substance_use,-0.1210749653657855,0.024325299749388286,0.008646726973564757,0.033260250955405204,0.18237393167721422,0.36731104233326484,-0.6638830684424654,401.8506462232449,0.26863751623512255,283.04847554073865,166.0729429986714,0.5076857604429883,1.9743513961162547,-0.48114519198790384,0.23899526125633286,1.1287095233181401,0.7874186137388162,1.6179261777670384,espK_p.Val269fs
F2,-0.018477761286883256,0.01684450255632523,0.0063346402815310345,0.0233902975139073,0.1529388685518083,0.3886012623818373,-0.12081795466287161,370.29231189657827,0.2798508635339118,278.7087385032404,159.0193160127628,0.903987752426369,1.974994373086291,-0.32053116610288857,0.283575643529122,1.0186495314629846,0.7530861538910387,1.3778594422277632,espR_c.-144G>C
Indel_Sample1,-0.037809226840912244,0.0448920060608063,0.023281642377999533,0.06894970318473914,0.2625827549264025,0.5359015832651065,-0.14398975611140014,238.207095555785,0.3489166162104323,251.9792350885595,122.44984810554432,0.8857452646411712,1.9795270369532756,-0.5575988896554019,0.4819804359735774,1.0385330897405554,0.6175591435898978,1.7464739850120294,espR_c.-144G>C
Lineage_2,-0.26590572916529503,0.024584623880486153,0.013825011613470285,0.03887046921440544,0.19715595150642914,0.5810886269144255,-1.3487075948433846,214.6968518570619,0.36752438606079246,244.7777433436663,114.37631470702419,0.18009528891190496,1.9809223881308258,-0.6564563674576159,0.12464490912702586,1.3046120660212783,0.8828103248235261,1.9279482749009997,espR_c.-144G>C
TTP_baseline,1.3615223923688597,0.07324320949798115,0.021704964418016295,0.09567167272993132,0.3093083780467825,0.3062190117784009,4.401828366132815,527.6740024119258,0.23443159915540315,296.2866890105454,189.74543892581164,1.7894451897562124e-05,1.9725451440731607,0.7513976532315335,1.9716471315061859,0.2562703358230447,0.13922734150577012,0.47170680925581204,espR_c.-144G>C
bl_prevtb,-0.024012782405100613,0.024667883135524916,0.006469434837940947,0.03135296580139722,0.1770676870617483,0.27100349994138473,-0.1356135769522234,637.8839742866578,0.2132201051797912,304.4958618448313,206.10906882808237,0.8922591262650974,1.9715405046275667,-0.3731088995080559,0.32508333469785466,1.024303410868085,0.7224671445521528,1.4522424797135602,espR_c.-144G>C
diabetes,0.3655182437532575,0.09553373901975364,0.032109567389534036,0.12871362532227215,0.3587668119019263,0.3473106636772362,1.0188184403555611,436.41257531150904,0.257780683431478,287.25023601176144,173.22931798512948,0.3097099449325381,1.9737529329603725,-0.34259880348701177,1.0736352909935267,0.6938369810065109,0.34176384538787336,1.4086035217267343,espR_c.-144G>C
fstrom1_baseline,0.3121836473541873,0.026420742326409296,0.006778933945078959,0.033425640736324216,0.18282680530032847,0.26512875086454557,1.7075376164964713,660.3190055533863,0.209566615795717,305.9098181572239,209.0582085295922,0.08920671319154878,1.9713762649669835,-0.04823677721462011,0.6726040719229947,0.7318471141001169,0.5103777853380279,1.0494191044422838,espR_c.-144G>C
peth_value_baseline,-0.0003456632823435985,4.251018517188694e-08,6.728492677540164e-09,4.9462960938678436e-08,0.00022240269993567622,0.16355552766186374,-1.554222509185239,1467.7151337043053,0.1405652964328437,332.6143848932992,271.16322948252383,0.12129767597550183,1.9687509979143802,-0.0007835188197808135,9.219225509361653e-05,1.00034572303078,0.9999078119944819,1.0007838258508341,espR_c.-144G>C
screen_sex,0.06306844026464545,0.023231877962382623,0.007061941215212148,0.030529217218101843,0.17472612059478068,0.31410888381624474,0.36095599244094584,507.5750444949373,0.23902804987061285,294.50779222992173,186.37078229425634,0.7185411622648025,1.9727744131042497,-0.2816267797457054,0.4077636602749962,0.9388792143482951,0.6651360583209042,1.325284004840379,espR_c.-144G>C
screen_years,-0.02321539284955077,3.831500960358549e-05,1.3532255962775135e-05,5.22983407651198e-05,0.0072317591749946845,0.36495700526265185,-3.210199937218987,405.65098319643874,0.26737619123206374,283.53662762291736,166.8876659443987,0.001591150949939704,1.9742806561258321,-0.037492915098503284,-0.00893787060059826,1.0234869675814793,1.0089779326335044,1.0382046414781498,espR_c.-144G>C
smoked_substance_use,-0.10311485699246173,0.024538801889153573,0.008601005611800794,0.0334265076880144,0.18282917624934591,0.36218988355699994,-0.5639956330155518,410.2047336458001,0.26588795580483715,284.11259751236776,167.85456326370746,0.5735098839534807,1.9741976006933326,-0.4640557780806589,0.2578260640957354,1.1086187343773841,0.7727296258448645,1.5905116836548696,espR_c.-144G>C
F2,-0.01513689757309882,0.016928310141948778,0.005996503506437871,0.023124697098601245,0.15206806732053,0.3660369466706346,-0.09954027719174714,403.89924496823636,0.26795537819292214,283.3124734039586,166.51301344073866,0.9208290476426287,1.9743130995100597,-0.3153668749011988,0.28509307975500114,1.015252040643209,0.7519442602743981,1.3707621169341275,espR_c.-145_-144insG
Indel_Sample1,0.758789787975084,0.10637151352930979,0.021377706829349866,0.12846181058630465,0.35841569522874506,0.20767117364470014,2.1170662950204107,980.7153287710081,0.17196003198284296,320.4641417037829,241.53785332600148,0.03527685693949494,1.9698340759260533,0.05277033816677501,1.464809237783393,0.4682327451569221,0.23112207663195078,0.9485978441874159,espR_c.-145_-144insG
Lineage_2,-0.3175645707266902,0.020322682603690988,0.008093031956478617,0.028685482292052228,0.16936789038082817,0.41150077730596424,-1.8749986789859512,341.20777706031356,0.2915342194082017,274.1871009530146,152.0239679550334,0.0627110044641759,1.975691428349996,-0.6521832599898141,0.017054118536433738,1.3737779478419152,0.9830904797772907,1.9197275213206064,espR_c.-145_-144insG
TTP_baseline,1.3955906828966005,0.07424359110063637,0.02200747921368842,0.09698465295478108,0.31142359087708993,0.3063033659473643,4.481326154406204,527.4515235826148,0.2344810355175234,296.2675563817258,189.7088191867601,1.2807098410589132e-05,1.9725475879115715,0.7812928298932367,2.0098885358999645,0.2476866888581745,0.1340036104282269,0.4578137532375281,espR_c.-145_-144insG
bl_prevtb,-0.02983440275464242,0.024391779035592906,0.00642472537287217,0.031030661920894147,0.17615522110029594,0.2721770673477187,-0.1693642832059793,633.5633732134135,0.21394589977569978,304.21496822711373,205.527738202946,0.8656766919670122,1.971573438682259,-0.3771373577611865,0.3174685522519016,1.0302839076492407,0.7279895740470818,1.458104577597068,espR_c.-145_-144insG
diabetes,0.3393719183059092,0.09659421279696362,0.03172994399465015,0.12938182159143544,0.3596968467910658,0.3394365753918384,0.9434942822922143,451.56994738599155,0.2534174306032667,288.9388816407612,176.19792022165342,0.3467200395596358,1.9735190409970043,-0.37049665782284136,1.0492404944346596,0.7122175130940636,0.3502036297352537,1.4484538219702792,espR_c.-145_-144insG
fstrom1_baseline,0.3248983605064854,0.02648133737004599,0.006891699946133014,0.03360276064771678,0.1833105579275694,0.2689223424843371,1.7723930589685997,645.6755115291669,0.21192970876202888,304.9952650094709,207.14634193971176,0.07779916875976153,1.9714822019342055,-0.036495141874346826,0.6862918628873176,0.722600794688539,0.5034394345748421,1.0371692653068958,espR_c.-145_-144insG
peth_value_baseline,-0.0003370798695511499,4.148785291807195e-08,7.323082808670536e-09,4.905503848703151e-08,0.00022148372059145003,0.18239520815653773,-1.5219171352685061,1218.6990455122861,0.154259089429928,327.31467740455514,258.0171695905118,0.12925442846460367,1.9692007686948116,-0.0007732257823932202,9.906604329092041e-05,1.0003371366873541,0.9999009388635877,1.0007735247985126,espR_c.-145_-144insG
screen_sex,0.04410987929819783,0.023021601836674645,0.007510365075075267,0.03078231241425242,0.1754488883243562,0.3371055859898745,0.25141156333034687,456.2443571568007,0.2521159058207893,289.4425916528777,177.09381848946688,0.8017874235651833,1.9734500051331358,-0.3021297302661059,0.39034948886250154,0.9568488138204531,0.6768202920051287,1.3527367062196034,espR_c.-145_-144insG
screen_years,-0.02348244878358976,3.864601293525449e-05,1.4068291640920958e-05,5.3183247630872814e-05,0.0072926845284074105,0.37616389354247876,-3.220000631059506,388.1361573794772,0.27334236518454874,281.2276269843166,163.07217844238338,0.0015472289015787018,1.9746180843952383,-0.03788271553717239,-0.009082182030007126,1.0237603323498008,1.0091235501880909,1.0386094129877572,espR_c.-145_-144insG
smoked_substance_use,-0.12196039921051112,0.024488444973294297,0.00915124479108159,0.033944731257411945,0.1842409597711973,0.38615299152029176,-0.6619613758089931,373.68143644310373,0.27857891147842956,279.20100341736594,159.80247843035033,0.5089494239887006,1.9749201613709906,-0.4858215852129903,0.24190078679196808,1.129709363511801,0.7851340693575737,1.625509955325858,espR_c.-145_-144insG
F2,-0.026864105830245965,0.01684267071144585,0.006254325116254731,0.023305473331575743,0.15266130266565833,0.38371602288335027,-0.17597194155404738,377.11349057402174,0.2773083613527674,279.69272576319304,160.58907098797516,0.8605376928619897,1.974846358623328,-0.32834672350221505,0.27461851184172315,1.0272281989547876,0.7598619462738517,1.3886703734833519,espR_c.-151C>T
Indel_Sample1,0.16793014624240718,0.16429187353313932,0.057569900119336,0.22378077032311985,0.47305472233465745,0.3620927530416228,0.35499095202691333,410.3663077036933,0.2658356064468085,284.1328575151905,167.88868507719545,0.7230419202166387,1.9741946872665512,-0.765971973377027,1.1018322658618414,0.845412887889027,0.3322617337910174,2.151084155415874,espR_c.-151C>T
Lineage_2,-0.24188280561554537,0.01985638298808095,0.009675249000458021,0.029854140288554237,0.1727835069922886,0.5035034480587212,-1.3999183708335121,258.58418310591793,0.3348867930491478,257.4089913941678,128.9976244904148,0.163938180454503,1.9785248364206163,-0.5837392655236435,0.09997365429255284,1.2736449200369826,0.9048612569318872,1.792729404545739,espR_c.-151C>T
TTP_baseline,1.3619587562400943,0.0730672952149584,0.021441066913383246,0.09522306435878776,0.30858234615542696,0.3032241590255774,4.413599070745616,535.6839593910732,0.2326722973370126,296.9675657423516,191.0532277018294,1.697785674925166e-05,1.9724584860478205,0.7532928889212764,1.9706246235589122,0.25615853310233044,0.1393697753764101,0.4708136603070409,espR_c.-151C>T
bl_prevtb,-0.017952354361698956,0.02437409439694948,0.006275494607178568,0.030858772157700665,0.1756666506702415,0.26604794644443375,-0.10219557493242593,656.7173376880222,0.21014049838444288,305.68771681146984,208.5924451558089,0.9186996135430678,1.9714018930816193,-0.36426192204432056,0.32835721332092266,1.0181144665205402,0.7201057423929399,1.439451188784975,espR_c.-151C>T
diabetes,0.3714770449598383,0.09549155900667007,0.03113164704437399,0.12766092761918985,0.35729669410615855,0.3368818034510544,1.0396878870910196,456.69779556879007,0.25199071644286036,289.49104185830015,177.18024449342715,0.29990162114026,1.9734433825153441,-0.33362775161856945,1.076581841538246,0.6897148380792207,0.34075830311117505,1.3960233793964005,espR_c.-151C>T
fstrom1_baseline,0.3102478058933356,0.026388087413562755,0.007064820398252269,0.0336884018250901,0.18354400514615044,0.2766518958768942,1.6903183824843249,617.555061313688,0.2167011201490209,303.1486557708981,203.33467023959,0.09249945429640853,1.971699387477834,-0.051645796628557616,0.6721414084152288,0.7332652262638953,0.5106139731480054,1.0530026993444452,espR_c.-151C>T
peth_value_baseline,-0.00034597470294451806,4.2489405349799836e-08,6.984475915154438e-09,4.970669712879276e-08,0.00022294998795423327,0.16986097403754133,-1.5518040889759503,1375.5591952092987,0.1451975728802202,330.82162300597395,266.6841543471463,0.12189499897359111,1.9688992395521312,-0.0007849407646857648,9.299135879672866e-05,1.0003460345590947,0.9999070129647656,1.000785248911308,espR_c.-151C>T
screen_sex,0.06361875673863013,0.023008115830865636,0.0066145645537727124,0.029843165869764106,0.17275174635807333,0.29707126342475976,0.3682669384236705,552.846273702973,0.22903233754510832,298.3762858954888,193.78741312550147,0.7130761657892769,1.9722811128370303,-0.2770962498130112,0.4043337632902714,0.9383626757924319,0.6674213233532348,1.3192933466620937,espR_c.-151C>T
screen_years,-0.023142019048074284,3.816876598519638e-05,1.3916637804499533e-05,5.254929171651256e-05,0.007249089026664837,0.3767616101839295,-3.1924037576238002,387.24177704876234,0.27365784126824666,281.10553291120993,162.8731117497813,0.001693571824398253,1.9746361262567995,-0.037456332122578415,-0.008827705973570157,1.02341187320692,1.0088667850782533,1.0381666615574592,espR_c.-151C>T
smoked_substance_use,-0.10220167337917183,0.024386324358956008,0.008672267292396773,0.033347667227766005,0.1826134366024746,0.3674741111822741,-0.5596613002889345,401.58985010487737,0.2687247299070019,283.01472251481823,166.01677017330738,0.5764647865485177,1.974356299206333,-0.4627456622549839,0.2583423154966402,1.1076068240160641,0.7723308060474985,1.5884292935111854,espR_c.-151C>T
F2,-0.023101411461802644,0.016846213790819985,0.0057111111562902555,0.022747695318986582,0.15082339115331742,0.3503150085500218,-0.15316862513931426,430.87440739341844,0.2594320631348033,286.6111267903546,172.11970628598485,0.8784447200979836,1.9738424434876345,-0.320803022390958,0.27460019946735265,1.0233703157647667,0.7598758612776897,1.3782340729017537,glpK_c.1134C>T
Indel_Sample1,0.06962633666355404,0.08557404060395554,0.02042253218409805,0.10667732386085686,0.32661494739349706,0.24660847037209846,0.21317559780774537,741.0408786981772,0.19782351574948676,310.45457761644224,218.7927029177037,0.8313885005028556,1.9708657425692206,-0.5740878741653375,0.7133405474924455,0.9327422863920962,0.490004576810034,1.7755102992869431,glpK_c.1134C>T
Lineage_2,-0.2424439114353218,0.02071527617028703,0.009694445352827048,0.030732869701541644,0.17530792823355607,0.4835848409119141,-1.3829603365817147,272.94642806658527,0.3259569844449673,260.86496400472964,133.38448970998542,0.16898775147076686,1.9779089208851148,-0.5891870265903598,0.10429920371971624,1.2743597701484675,0.9009556877960267,1.8025224167745322,glpK_c.1134C>T
TTP_baseline,1.3639933817556984,0.07327901042275203,0.021586924243103427,0.09558549880729225,0.309169045680987,0.3044048801403353,4.411804483050096,532.4999931237119,0.23336686697123182,296.69875666274083,190.5358467115535,1.7128383105992943e-05,1.9724926261632223,0.754159718912031,1.9738270445993658,0.2556378762652971,0.13892416856648002,0.47040572173846606,glpK_c.1134C>T
bl_prevtb,-0.020393108114486365,0.024357607842850394,0.006474091606595867,0.03104750250299946,0.17620301502244354,0.27465318857708454,-0.11573643113818927,624.6155338429095,0.21547287610340832,303.62400501620385,204.30962272282923,0.9079751064835873,1.9716430597785761,-0.3678025597955473,0.3270163435665746,1.0206024682901522,0.7210719580427516,1.4445567972263234,glpK_c.1134C>T
diabetes,0.37378089106683965,0.09602511298158424,0.032274877941924573,0.12937582018823962,0.35968850438711497,0.34731234539709854,1.0391794191580772,436.4094384730264,0.25778160987215915,287.24987746503757,173.22869334372223,0.3001695814762956,1.9737529830243525,-0.3361553674267964,1.0837171495604756,0.6881276702318224,0.3383355415115698,1.399556453404654,glpK_c.1134C>T
fstrom1_baseline,0.31179531787751186,0.026296277525470726,0.006851968706667636,0.03337664518902728,0.18269276173134852,0.2692536103902339,1.706664866865442,644.4240528881796,0.21213539058396014,304.91566299619234,206.98068778682105,0.08938411892390132,1.9714914735307894,-0.04838190415163385,0.6719725399066576,0.732131367095278,0.5107002070489967,1.049571414474432,glpK_c.1134C>T
peth_value_baseline,-0.00034517194020372864,4.2238698791194135e-08,7.04793385279084e-09,4.952156377241134e-08,0.00022253441031088055,0.1724216225793282,-1.55109468113953,1340.8561282491246,0.14706451950280525,330.0990860873199,264.88763954417885,0.12207291975872443,1.9689601128685164,-0.0007833333178465687,9.298943743911144e-05,1.0003452315188925,0.9999070148859446,1.000783640203516,glpK_c.1134C>T
screen_sex,0.0664642185404863,0.02304504962574267,0.006831315616997661,0.030104075763306922,0.17350526148594722,0.30631420856993535,0.38306745265975384,527.4229391342851,0.23448738945071068,296.2650973123283,189.70411305409417,0.702098650666961,1.9725479020467682,-0.27578322099769487,0.40871165807866744,0.9356963958400507,0.6645058095828835,1.317562213244814,glpK_c.1134C>T
screen_years,-0.023202657492505083,3.828532801996237e-05,1.3957655313647988e-05,5.2708238510731955e-05,0.007260043974435138,0.37672161208203137,-3.1959389742278175,387.30150657154576,0.2736367387392946,281.1136999129123,162.88641915674896,0.0016741555374207796,1.9746349187911023,-0.037538593836383645,-0.008866721148626522,1.0234739331925147,1.008906146960332,1.038252066438982,glpK_c.1134C>T
smoked_substance_use,-0.10356606882309866,0.024449214015498155,0.008504097941380585,0.03323678188825809,0.1823095770612671,0.3594212831213949,-0.5680780488470673,414.8571192305643,0.26439286156835823,284.69122186598054,168.8320495312993,0.570736709560522,1.9741146095070998,-0.46346606835280646,0.25633393070660915,1.1091190691359933,0.7738835021749656,1.5895740199446344,glpK_c.1134C>T
F2,-0.023061215880825985,0.016844108740616322,0.005713350560344081,0.02274790431963854,0.15082408401723693,0.3504961687160302,-0.1529014151227362,430.5446140327517,0.25953140544579306,286.57267979545594,172.05319809847362,0.878655190021697,1.9738478455211732,-0.3207650091709535,0.27464257740930154,1.023329181627081,0.7598436599848692,1.3781816827824878,infC_p.Ter202Serext*?
Indel_Sample1,0.06779377417256668,0.08565534976951751,0.02023461735177324,0.10656445436634987,0.32644211487850316,0.24410739846483412,0.20767471806693358,753.2720594552648,0.19621087276391916,311.07869513516795,220.1594618376482,0.8356749336826323,1.9707976972335557,-0.5755575941100392,0.7111451424551726,0.9344531620844057,0.4910815170537141,1.7781217207448563,infC_p.Ter202Serext*?
Lineage_2,-0.24269841377307078,0.020715084645886006,0.009687459607425194,0.030725459573558708,0.17528679235344205,0.48324084109696125,-1.3845790119982475,273.2084235359472,0.32580065738991554,260.92546496779573,133.4628573070513,0.16849168790299626,1.9778982894882033,-0.5893978605388177,0.10400103299267616,1.2746841389636636,0.9012243664625538,1.8029024897575805,infC_p.Ter202Serext*?
TTP_baseline,1.3639508518559922,0.0732797417182305,0.021591578902204835,0.0955910399171755,0.3091780068458549,0.30446747867554785,4.411539054057003,532.3321412400596,0.2334036560150045,296.6845187397032,190.50848162368433,1.7148628220982622e-05,1.9724944370828448,0.7540989532841817,1.9738027504278026,0.255648748749737,0.13892754365506277,0.47043430710598655,infC_p.Ter202Serext*?
bl_prevtb,-0.020401854824438723,0.024356824773864746,0.006473973769927388,0.03104659766945638,0.17620044741559648,0.2746570194473734,-0.11578775833819387,624.6018642648942,0.21547523393112503,303.62309250078835,204.30774698265054,0.9079344789031817,1.97164316762996,-0.36780626310474157,0.3270025534558641,1.0206113952429596,0.7210819017734457,1.444562146876698,infC_p.Ter202Serext*?
diabetes,0.373540437939706,0.09600490156055204,0.032236004170414216,0.1293154392033134,0.35960455948626874,0.34696705169529074,1.0387533419302193,437.0543744824346,0.25759134290523183,287.32351369348794,173.35702897781607,0.3003661082415746,1.973742704764382,-0.3362264379463262,1.083307313825738,0.6882931525765732,0.3384742319250155,1.3996559241435858,infC_p.Ter202Serext*?
fstrom1_baseline,0.31180574752270973,0.026296729479915903,0.006852346846638026,0.03337748788810853,0.18269506804538685,0.2692638418629415,1.7067004099160903,644.3854689154984,0.21214174152139545,304.9132050861967,206.97557472585865,0.08937753310337722,1.9714917599442352,-0.04837607371122177,0.6719875687566412,0.7321237312647005,0.510692531869873,1.0495652950286811,infC_p.Ter202Serext*?
peth_value_baseline,-0.00034513680803109734,4.224427815505139e-08,7.050992935009793e-09,4.953030418789484e-08,0.00022255404779040718,0.17247367811804404,-1.5507999582920813,1340.1658621035133,0.1471023881703547,330.08443033335584,264.8512544184267,0.12214371611669529,1.9689613543168398,-0.0007833371273771922,9.30635113149975e-05,1.0003451963745917,0.9999069408189594,1.0007836440160318,infC_p.Ter202Serext*?
screen_sex,0.0664573555353595,0.023045164913733273,0.006830610588262204,0.030103462521604216,0.17350349426338427,0.3062810630469693,0.38303179897042855,527.5103296049361,0.2344679653646303,296.2726147309488,189.7185001513159,0.7021250091345108,1.9725469417547683,-0.27578643145764514,0.4087011425283641,0.9357028175512486,0.6645127972638907,1.3175664432323217,infC_p.Ter202Serext*?
screen_years,-0.02320420724903736,3.828358976203465e-05,1.395767635162226e-05,5.270652199204432e-05,0.007259925756648226,0.37673928489100855,-3.196204482916133,387.2751134761787,0.2736460628570162,281.11009133663794,162.88053915284368,0.0016727181253604984,1.9746354522967584,-0.037539914029157316,-0.008868500468917405,1.0234755193291574,1.0089079421291078,1.0382534371327623,infC_p.Ter202Serext*?
smoked_substance_use,-0.10363948369975133,0.02445043573355384,0.00850817359778084,0.033242215117927375,0.18232447756109812,0.3595755707661436,-0.5684342831314082,414.5952726517343,0.2644763398944545,284.6589144760518,168.77730935685912,0.5704956502298977,1.974119231504684,-0.4635697412271594,0.2562907738276567,1.1092004979646541,0.773916901292288,1.5897388241949961,infC_p.Ter202Serext*?
F2,-0.023778608067757168,0.01698985211512916,0.006081476315383589,0.023274044307692202,0.15255833083673995,0.3698791578631271,-0.15586568060451453,397.77986296110186,0.27000860312387054,282.51784392876937,165.1922505454575,0.8763292039234607,1.9744286545208083,-0.32499414795768194,0.2774369318221676,1.024063573378595,0.757723351327117,1.3840225465985405,lipR_c.729T>C
Indel_Sample1,0.036318685004879565,0.04054510375713604,0.02134776437846002,0.06260446028154473,0.25020883334036137,0.5440695541573546,0.1451534884680707,233.57312424301332,0.35236078108817426,250.64629056406397,120.90435735687245,0.8848313925495235,1.9797795802206621,-0.4590396540332027,0.5316770240429618,0.964332926065782,0.587618692229047,1.5825534561656087,lipR_c.729T>C
Lineage_2,-0.2696715038838342,0.02797619628364349,0.010099707632078575,0.03841256083679135,0.1959912264281015,0.3730444427589882,-1.3759366110337699,392.86744094819176,0.2716914552375265,281.86655440284403,164.11829354991696,0.17071599277633986,1.9745239972045718,-0.6566608837076755,0.11731787594000709,1.3095342031700619,0.8893024603732747,1.9283426119752867,lipR_c.729T>C
TTP_baseline,1.3647605543989392,0.07335231414416084,0.02188544614025049,0.09596727515575301,0.309785853705028,0.3083060333603998,4.405496694172606,522.2189640357166,0.23565284077190413,295.8140498124858,188.84287556266293,1.7662549631590462e-05,1.9726056550786646,0.7536752275170291,1.9758458812808493,0.2554418330891462,0.13864398627533844,0.4706336844813426,lipR_c.729T>C
bl_prevtb,-0.016969420153795208,0.02464124839331727,0.006759233657446335,0.03162578983934514,0.17783641314237403,0.2834491716711112,-0.09542151606605821,594.5726959237923,0.22084954973483453,301.54315002481695,200.0738235554981,0.9240755304956443,1.971891794591801,-0.3676435840088801,0.33370474370128966,1.017114218653291,0.7162652328311517,1.4443271659264907,lipR_c.729T>C
diabetes,0.3707711478065253,0.09569169127017278,0.03210384664514477,0.12886566613682238,0.3589786430093333,0.34667560397681013,1.0328501570409174,437.60010894799836,0.25743067072207826,287.3856962876365,173.46548180304248,0.3031118664643932,1.9737340308348281,-0.33775721624390287,1.0792995118569535,0.6902018776997354,0.33983349162052673,1.4018001277878351,lipR_c.729T>C
fstrom1_baseline,0.31062107819329793,0.026340189807332638,0.007007281472814867,0.03358104732924133,0.1832513228580938,0.27489769720235546,1.6950550388868775,623.7441243837401,0.21562333809653347,303.5657739218748,204.18995655470584,0.0915893625639878,1.9716499443410376,-0.05068638232028422,0.6719285387068801,0.7329915697437822,0.5107226789652255,1.0519929179648522,lipR_c.729T>C
peth_value_baseline,-0.00034219624940314014,4.223300467241302e-08,6.9305273816592966e-09,4.939454963346096e-08,0.00022224884619151785,0.16957223424185885,-1.5396986543104947,1379.5664123460392,0.14498654232483477,330.90329506096765,266.88755119363066,0.1248185880318935,1.968892399504619,-0.0007797803134682907,9.538781466201043e-05,1.0003422548052185,0.9999046167346111,1.0007800844211774,lipR_c.729T>C
screen_sex,0.06712157257183841,0.023108573203710528,0.006801977063313384,0.030137282835801023,0.17360092982412573,0.30416025992301,0.3866429323842848,533.1568351445237,0.23322307025439173,296.75440819312814,190.64284567483972,0.6994517814802435,1.9724855503919425,-0.2753037530408552,0.40954689818453205,0.9350815141617403,0.6639510194038968,1.316930635805092,lipR_c.729T>C
screen_years,-0.023298638851541934,3.818570105868828e-05,1.3967643826128067e-05,5.261893301235395e-05,0.007253890887816962,0.37797477991782785,-3.2118816248907756,385.43832057993666,0.2742973132936202,280.8580474495533,162.47042506094635,0.0015899686541681402,1.9746727588223283,-0.0376226995831836,-0.008974578119900265,1.0235721723260487,1.0090149703902198,1.038339393076681,lipR_c.729T>C
smoked_substance_use,-0.10659047095509977,0.024363646479400626,0.00858191936297248,0.03323162982113886,0.18229544651784052,0.3639842397662467,-0.5847127451132916,407.2410453317812,0.266853699005074,283.73884011209236,167.22643347895462,0.5595289367332446,1.9742514462788348,-0.46648751989299236,0.2533065779827928,1.1124785688916625,0.7762298703532273,1.5943841038738449,lipR_c.729T>C
F2,-0.03249346409677253,0.01736494895703559,0.006557415989296646,0.02414094547930879,0.155373567505251,0.39021113963757637,-0.20913122237264958,368.09523835937927,0.280684802841749,278.38599122673025,158.50817178732376,0.8346143265148548,1.975043207097923,-0.33936297316058905,0.27437604496704404,1.0330271413564809,0.7600462099631701,1.4040528862460269,lipR_p.Ala156Val
Indel_Sample1,0.16418925304768586,0.14453983949768678,0.05244250831121646,0.19873043141927713,0.44579191493260295,0.3749180302809013,0.3683091764293411,390.01288835143805,0.27268391425800415,281.48245757121987,163.48852894396254,0.7131191653013055,1.9745804926941748,-0.716062765979013,1.0444412720743848,0.8485814100644842,0.3518883743240191,2.0463603291536083,lipR_p.Ala156Val
Lineage_2,-0.24023683032556425,0.019998384313064645,0.009970995668822633,0.030301746504181364,0.17407396848518553,0.5152097304373578,-1.3800847560157135,250.82763646125704,0.3400253576042209,255.42028825985622,126.55156511261998,0.1699937323240266,1.9788869804829008,-0.5847095402018887,0.10423587955076019,1.2715502563256578,0.9010127418726546,1.7944696886321763,lipR_p.Ala156Val
TTP_baseline,1.3593253028177064,0.07305608627012722,0.021746767506843557,0.09552774602719889,0.3090756315648306,0.30759462906323776,4.398034539104644,524.0669332236779,0.23523699335137133,295.9749891292435,189.1497259296447,1.820787969949029e-05,1.9725850175572737,0.7496473427008695,1.9690032629345433,0.25683400368779513,0.1395959273298262,0.472533165630603,lipR_p.Ala156Val
bl_prevtb,-0.019735324234637606,0.02431373971854923,0.006289834844439047,0.03081323572446958,0.17553699246731322,0.2673178244546975,-0.11242829193574412,651.7983371719905,0.21093195352927288,305.38141155631126,207.9516376313756,0.9105922761058994,1.9714373415095436,-0.3657955060009783,0.32632485753170315,1.0199313531873233,0.721570741662955,1.4416604016081753,lipR_p.Ala156Val
diabetes,0.37189788547573743,0.09550332882022561,0.031258525370408845,0.12780380503631475,0.357496580454016,0.3382130928325147,1.0402837560108462,454.01240089586213,0.2527348556399486,289.2030485991413,176.66717037450601,0.2996296673578555,1.9734827937440744,-0.3336154648726073,1.0774112358240822,0.6894246391989464,0.34047579729227395,1.396006226917155,lipR_p.Ala156Val
fstrom1_baseline,0.30979514789348594,0.026400331259365282,0.00711258575798436,0.03375000320928245,0.18371173944329866,0.27839317157469157,1.6863111134446693,611.5186758298703,0.21776803706779352,302.7357425929721,202.49129422441013,0.09327598543912975,1.9717485534943064,-0.052438208613761084,0.672028504400733,0.7335972197686644,0.5106716267700329,1.0538374419902168,lipR_p.Ala156Val
peth_value_baseline,-0.0003459614232236515,4.2485475530093615e-08,6.896366835651061e-09,4.961172126026638e-08,0.00022273688796485054,0.1677336934860256,-1.553229132294632,1405.545795222799,0.14364036459827723,331.42428644590655,268.1865491898606,0.12154766398775027,1.9688489612130464,-0.0007844967137170741,9.257386726977123e-05,1.0003460212747786,0.9999074304175585,1.0007848045117476,lipR_p.Ala156Val
screen_sex,0.06258632967617365,0.02302933491579757,0.006614246091621162,0.02986405587713944,0.17281219828802433,0.29678325432895647,0.36216384199836205,553.6738342716889,0.22886110947085925,298.44255378106106,193.91697587157034,0.717623964538916,1.972272832676683,-0.2782464741624327,0.40341913351478004,0.939331967088504,0.6680320460183637,1.3208117030512982,lipR_p.Ala156Val
screen_years,-0.023126770126610543,3.818169917456648e-05,1.387355285644297e-05,5.251770379289089e-05,0.007246909947894405,0.37546795790256177,-3.191259487546143,389.1824002384626,0.2729747034420993,281.3699177061202,163.30451330542778,0.0016991056875479327,1.9745970833971127,-0.03743649737336435,-0.00881704287985673,1.0233962673986265,1.0088560274945342,1.0381460699862997,lipR_p.Ala156Val
smoked_substance_use,-0.1007162848291143,0.024437341086421392,0.008810870816885297,0.033541907597202866,0.18314449922725734,0.3725678042706711,-0.5499279817524801,393.5998901411667,0.2714385424978251,281.9644355042218,164.27920573241323,0.5831156562463669,1.9745096319309658,-0.46233686258850726,0.2609042929302786,1.1059628188172292,0.7703546444726965,1.587780076854594,lipR_p.Ala156Val
F2,-0.02089650087540971,0.016689661176541352,0.005910902747297591,0.02279759401541553,0.1509887214841411,0.36597105083591297,-0.13839776024333408,404.0057280086802,0.2679200636147853,283.32614068622684,166.53583071766127,0.8900932720046203,1.9743111194223353,-0.31899521260891156,0.2772022108580921,1.0211163615186836,0.7579012257572553,1.375744738662172,lysX_c.1917G>A
Indel_Sample1,-0.004133451302834292,0.07486691798353798,0.04112118589905905,0.11735881007923234,0.3425767214497102,0.5675656650516537,-0.012065768174038287,221.2163655896465,0.3620681912760264,246.8893742385562,116.67442935393157,0.9903937507120206,1.9805053425029115,-0.682608478351117,0.6743415757454485,1.0041420057951354,0.5094917719338461,1.9790332706947005,lysX_c.1917G>A
Lineage_2,-0.2530309543523648,0.020747980585300918,0.010306182721174829,0.031397702730514905,0.17719396922727057,0.5132895754085521,-1.4279885227235076,252.06769521382176,0.3391879411248678,255.7443812549651,126.94636408629476,0.15575069655439266,1.9788275763411096,-0.6036672670206258,0.09760535831589623,1.2879231430443994,0.907006775815161,1.8288132642654042,lysX_c.1917G>A
TTP_baseline,1.3637897472548544,0.07347467394329672,0.021972249439212468,0.09617933169714961,0.31012792795417443,0.309013385637818,4.3975070425014176,520.3931705296933,0.23606587146337765,295.65420061298715,188.53859748604424,1.8276412125912687e-05,1.972626186351132,0.7520232754536326,1.975556219056076,0.25568993825725617,0.13868415201782272,0.4714117912881471,lysX_c.1917G>A
bl_prevtb,-0.018991545974974346,0.024426275726619328,0.006435000362468536,0.031075776101170148,0.17628322694224244,0.27222735258426284,-0.10773314230965803,633.3794020720638,0.2139769688423143,304.202944022787,205.5028868624007,0.9143124865108609,1.9715748507593314,-0.3665471228249993,0.32856403087505065,1.0191730324666655,0.7199568272842447,1.4427443851396473,lysX_c.1917G>A
diabetes,0.3682686606484904,0.09550212342151991,0.03150867577824447,0.12806108839237254,0.35785623983992865,0.34092399000539886,1.0290966585163341,448.6329776379998,0.25424557435505807,288.6183773331483,175.63036154621292,0.3048494085870987,1.9735631426632914,-0.33798322467166775,1.0745205459686487,0.6919312620136351,0.34146143112004407,1.4021169822352961,lysX_c.1917G>A
fstrom1_baseline,0.31198262442422436,0.026312601259103344,0.006876680175206252,0.033418504106816474,0.18280728679901267,0.27005702620354594,1.7066202878840022,641.4066801803602,0.21263377992624494,304.7227786923198,206.57979098257547,0.08939533606942338,1.971513973456282,-0.04842449594965925,0.672389744798108,0.7319942469393199,0.5104871848645897,1.0496161185601376,lysX_c.1917G>A
peth_value_baseline,-0.00034304567263774893,4.227892305103169e-08,7.084148560830985e-09,4.959920989722371e-08,0.00022270880067303965,0.17314269896033666,-1.540332809485049,1331.347159590061,0.14758877936484563,329.89618949632467,264.3841163229105,0.12467524325548947,1.968977323404504,-0.0007815542508855778,9.546290561007992e-05,1.0003431045195332,0.999904541650828,1.0007818597439904,lysX_c.1917G>A
screen_sex,0.06412542081321691,0.023052288302395637,0.006808411108750203,0.03008764644810418,0.17345790973058617,0.3051913134791662,0.36968865192031974,530.3981623412434,0.2338287960756013,296.5199830290064,190.19252990950264,0.7120257885924328,1.9725153835693527,-0.2780229745321484,0.40627381615858227,0.9378873615581661,0.6661277459105367,1.3205165351101829,lysX_c.1917G>A
screen_years,-0.02329496022733372,3.81771548095498e-05,1.371313895329223e-05,5.234739839461844e-05,0.00723515019848368,0.3711707605178591,-3.2196926930716385,395.7615256474923,0.2706962336169395,282.25172040299515,164.75249139159274,0.0015459374581568606,1.9744675436507866,-0.03758052946767829,-0.00900939098698915,1.0235684069956021,1.0090500977057124,1.0382956071077776,lysX_c.1917G>A
smoked_substance_use,-0.10515382992981565,0.02461312112060673,0.008455129305333056,0.03335008806945089,0.18262006480518753,0.35497192355378887,-0.5758065524836493,422.54267998107116,0.2619773276355253,285.62607047044503,170.42435890046656,0.5655055033180951,1.9739814709849481,-0.4656424540853263,0.255334794225695,1.1108814840333476,0.7746571038164216,1.5930373135267604,lysX_c.1917G>A
F2,-0.016696628712838762,0.016915009808826754,0.006313286635636459,0.02343873933231776,0.1530971565128424,0.38567695775657973,-0.10905903867285859,374.3472118212178,0.27833107536188906,279.2969197878771,159.95557542215272,0.913292357517109,1.9749057395955782,-0.31904908182581376,0.2856558244001362,1.0168367964408904,0.7515212267095891,1.3758188509500684,lysX_c.2427A>G
Indel_Sample1,0.11369949641302077,0.07577012559127037,0.021162704653147305,0.09763825373285592,0.3124712046458936,0.2886114807246013,0.36387191754795495,578.1157277371948,0.22397090592605282,300.3351374029554,197.65302012316744,0.7163425827889186,1.9720387655153118,-0.5025058322559496,0.7299048250819912,0.8925261228892175,0.48195485792152093,1.6528578702891157,lysX_c.2427A>G
Lineage_2,-0.34852056801798964,0.07303084474443032,0.02235246657049695,0.09612839353394384,0.310045792640287,0.3162711436563938,-1.1240938477186202,502.3074052350648,0.24027811076815253,294.0239995289887,185.4635286222345,0.26242604098889555,1.9728374827440176,-0.960190529105827,0.2631493930698478,1.416969686881726,0.7686270611772753,2.6121941250239424,lysX_c.2427A>G
TTP_baseline,1.3646924427135658,0.07324185920726875,0.021540411033761576,0.0955002839421557,0.30903120221452673,0.3039030545619733,4.416034474623078,533.8490483204768,0.2330718173400284,296.8129453860824,190.75545724261605,1.6818024684434598e-05,1.9724781120897819,0.7551351603926205,1.974249725034511,0.25545923225544925,0.13886546044671902,0.4699470922042767,lysX_c.2427A>G
bl_prevtb,-0.020416022882675484,0.02438560160514431,0.006481868262519424,0.031083532143081048,0.1763052243782953,0.2746674306580882,-0.11579930744916073,624.5647169400315,0.21548164176147674,303.62061257236314,204.30264939442216,0.9079253399438374,1.9716434607413544,-0.3680270656226786,0.3271950198573277,1.0206258554270806,0.7209431310894263,1.444881145052549,lysX_c.2427A>G
diabetes,0.3768264273822267,0.09597936473608568,0.0316843803838094,0.12871989113268872,0.3587755442232493,0.3411204740376187,1.0503124681980698,448.24763841379695,0.2543548328739109,288.57609261402797,175.55562690207975,0.2950181502017234,1.9735689712461735,-0.33124185433873743,1.0848947091031909,0.6860351404775893,0.3379373657498678,1.392696581290344,lysX_c.2427A>G
fstrom1_baseline,0.3120671643567748,0.02628196022657744,0.006889771606982752,0.03340139088712628,0.18276047408322807,0.2708865929014447,1.7075199980859166,638.3172375043094,0.2131477304225929,304.5238719836439,206.16712059180654,0.08923080571929119,1.9715372260863595,-0.0482519137555007,0.6723862424690503,0.7319323668107641,0.5104889727618217,1.0494349891376784,lysX_c.2427A>G
peth_value_baseline,-0.00034709722014613487,4.219177153662479e-08,7.012118647853215e-09,4.943762747273978e-08,0.0002223457385981116,0.17173623368303428,-1.5610698110725238,1350.0002506647706,0.14656560815161285,330.2921724166296,265.3672119388356,0.11969903255736047,1.9689437819761388,-0.0007848834796077787,9.068903931550894e-05,1.0003471574653562,0.999909315072811,1.0007851915812487,lysX_c.2427A>G
screen_sex,0.06527790134266569,0.023046997396258328,0.006866688507670859,0.03014257552085155,0.17361617298181511,0.3078742971414222,0.3759897492355336,523.3390491577928,0.2354005257342643,295.91169959401725,189.02899721012585,0.7073461472288436,1.9725931292400694,-0.27719616860621815,0.40775197129154955,0.9368070872522756,0.6651438331307193,1.319425175447155,lysX_c.2427A>G
screen_years,-0.023108549463815985,3.84626002846402e-05,1.3620929370371783e-05,5.2537560634024375e-05,0.007248279839660192,0.36593886646309054,-3.1881425627876063,404.05775473695866,0.26790281428233936,283.3328164419038,166.5469770097057,0.0017106098522578447,1.9743101523436128,-0.037418901938284635,-0.008798196989347333,1.0233776206102119,1.0088370148834556,1.0381278035152257,lysX_c.2427A>G
smoked_substance_use,-0.10240600379529304,0.02435388212874837,0.008598129280629953,0.033238615718732656,0.18231460643276132,0.36481795974106174,-0.5616993931479701,405.87755454101085,0.2673015526629473,283.5655138915925,166.93601342912848,0.5750741803417285,1.974276480114588,-0.46234544325684146,0.2575334356662554,1.1078331649026902,0.7729557815898744,1.5877937011272736,lysX_c.2427A>G
F2,0.11329887794307851,0.027825357674634787,0.011353802494691048,0.039557620252482203,0.19889097579448445,0.42163923695192557,0.5696531855731408,329.6816410349777,0.29658666277103024,272.23172803828317,149.10750857657922,0.5697701731628502,1.976001513269761,-0.27970999120252216,0.5063077470886792,0.892883756971579,0.602716858601246,1.3227461486872596,lysX_c.2985G>A
Indel_Sample1,2.1146923501521666,3.7874631474781584,1.0168244760634129,4.838181772743685,2.199586727715842,0.2774201581248748,0.9614043963377458,614.8787700674128,0.21717220944133206,302.96633700422325,202.961880205836,0.33749284296834026,1.9717210692123357,-2.2222791444449754,6.451663844749309,0.12067040807579411,0.0015778946117542166,9.228339634793588,lysX_c.2985G>A
Lineage_2,-2.3490632089727943,3.7447794321899486,0.9869015076243148,4.764577656735074,2.1827912535868093,0.2723253112797479,-1.076174006613213,633.0212868462398,0.2140374862194904,304.17952287153344,205.45448851927273,0.28311152299422354,1.971577601785884,-6.652605553918679,1.9544791359730902,10.475751536607595,0.141638231744041,774.8004822246976,lysX_c.2985G>A
TTP_baseline,1.3372716308579724,0.0732646136535842,0.022315327365992847,0.09632378526511015,0.31036073409036485,0.3147381861666018,4.308765523375168,506.03164518557315,0.23939229078322258,294.3668254216258,186.10596399960176,2.6556393159309692e-05,1.9727927585468097,0.7249942221072286,1.949549039608716,0.26256105569874505,0.14233824602648348,0.48432736733887277,lysX_c.2985G>A
bl_prevtb,-0.03417724462310289,0.02454219831709089,0.006279954900610573,0.031031485047721814,0.1761575574527582,0.26441342567555837,-0.19401520500912098,663.1460535303372,0.20911943855253354,306.0828825948855,209.4217868251547,0.8463520376804394,1.9713563391488553,-0.38144656219657647,0.31309207295037067,1.0347679975388429,0.7311825873314377,1.4644014057260215,lysX_c.2985G>A
diabetes,0.35824523479954873,0.09591464890266237,0.03177659444846684,0.12875046316607808,0.35881814776579807,0.3423441011261867,0.9984033333603202,445.8615455859104,0.255034533126767,288.3130382125974,175.0914559925952,0.3194616073896672,1.973605284288694,-0.34992015772971174,1.0664106273288092,0.6989016589805529,0.34424191505478274,1.4189542515414924,lysX_c.2985G>A
fstrom1_baseline,0.3278455364575477,0.026515699999320227,0.006305624086943531,0.03303151155582854,0.18174573325343443,0.245734095523609,1.8038692330696158,745.2772468169209,0.1972604718829034,310.6724842108284,219.2690872406074,0.0726242711684195,1.9708419285118282,-0.030346574966447326,0.6860376478815428,0.7204742981231848,0.5035674327024429,1.030811725592312,lysX_c.2985G>A
peth_value_baseline,-0.0003484949514814552,4.2054978453828555e-08,7.1841877384410214e-09,4.9478639116884277e-08,0.00022243794441795283,0.17652275511699603,-1.5667064016139522,1288.241442174397,0.15003768890083405,328.9484240225879,262.0378726218386,0.11839012276491614,1.9690583946568077,-0.0007864882532278297,8.949835026491926e-05,1.0003485556829017,0.9999105056545929,1.0007867976162121,lysX_c.2985G>A
screen_sex,0.05019790693455914,0.023150338395507435,0.007226254613864098,0.030617468163167003,0.17497847914291348,0.3225494867543121,0.28688046198847145,487.5612144778787,0.24388462585690118,292.62822298788143,182.87119119929952,0.774528634701336,1.9730211656888128,-0.2950383359544476,0.39543414982356595,0.9510411882284949,0.673387624659152,1.343177849704153,lysX_c.2985G>A
screen_years,-0.022925853639455002,3.8350882423159666e-05,1.3433925230074339e-05,5.223260516090315e-05,0.00722721282106063,0.3619661885370457,-3.172156985974922,410.57702232325573,0.26576738217404,284.159261353001,167.93316562440862,0.0017993652677679272,1.974190891169048,-0.03719375135933306,-0.008657955919576948,1.0231906708701703,1.0086955444214807,1.0378940947500577,lysX_c.2985G>A
smoked_substance_use,-0.11608397752045733,0.024173416875123276,0.008627225931170825,0.03308821700399979,0.18190166850251757,0.36878527247220433,-0.6381688440579131,399.50434516475053,0.26942521949124293,282.7436223239376,165.56634987396586,0.5242454640488604,1.974395735664668,-0.4752298561221161,0.2430619010812014,1.1230901825020003,0.7842229680194314,1.6083838518755593,lysX_c.2985G>A
F2,-0.022760245904618264,0.016691400685673093,0.005929253722615085,0.022818296199042014,0.15105726132510816,0.3670689853265511,-0.15067296801861946,402.23835178104287,0.26850801917568884,283.0985928848374,166.15638815305013,0.8804164590943426,1.9743441187032431,-0.32099926138926443,0.27547876958002787,1.0230212366110607,0.7592085502393189,1.3785045627151087,lysX_p.Gly178Trp
Indel_Sample1,-0.08010459754498406,0.08427904986608288,0.014031839009129304,0.09877861684218316,0.3142906566256515,0.17204236401738868,-0.25487425685834453,1345.9031647985491,0.1467885200221621,330.20590211081065,265.1528933648645,0.7990177899981191,1.9689510728388495,-0.698927523091287,0.5387183280013188,1.0834003827688874,0.5834956233312443,2.0115941618938975,lysX_p.Gly178Trp
Lineage_2,-0.2397675873219459,0.020963114423996305,0.008760810135513337,0.030015951564026755,0.17325112283626548,0.43184600135883155,-1.383930928681733,318.81064552677543,0.3016008711474605,270.29115264851725,146.27641117878372,0.16848761493883696,1.9763144461099627,-0.582166284188029,0.1026311095441372,1.2709537302329212,0.9024598209003536,1.789911691338705,lysX_p.Gly178Trp
TTP_baseline,1.357926892604716,0.07319017635904325,0.02167869942921692,0.0955914991025674,0.30917874943560947,0.3060700746727506,4.392044715503716,528.0672287694392,0.23434429791176378,296.3204759280773,189.81012411920375,1.8638013223365697e-05,1.9725408295896503,0.7480591857015084,1.9677945995079238,0.2571934142247076,0.13976475382834913,0.47328421872228027,lysX_p.Gly178Trp
bl_prevtb,-0.019917482753389244,0.024310658728928753,0.006385022156447858,0.030908514957258208,0.17580817659386097,0.27139767383095453,-0.11329099214424558,636.4269779298329,0.21346403207832174,304.401458401525,205.91352553430394,0.909910234459876,1.9715515618431354,-0.3665323679018096,0.32669740239503114,1.0201171592944172,0.7213019742566874,1.4427230977141097,lysX_p.Gly178Trp
diabetes,0.3788471879782639,0.09655578806823882,0.031652775282035535,0.12926365585967556,0.35953255187767846,0.3387458012182668,1.0537215225706649,452.9459698121999,0.2530322044035589,289.0879700763675,176.46259008980667,0.2934510947824799,1.9734985726968266,-0.33068978999038234,1.08838416594691,0.6846502274583157,0.3367602029201078,1.3919279353502698,lysX_p.Gly178Trp
fstrom1_baseline,0.31216984702447553,0.02634383462436811,0.006978933696124103,0.03355539944369635,0.1831813294080386,0.2737477258780514,1.7041575581598354,627.8614246311205,0.2149151832160052,303.8398406997445,204.7537363531308,0.08986863873959014,1.971617580060153,-0.048993682375203296,0.6733333764241544,0.7318572139012802,0.5100057002200569,1.0502137158628566,lysX_p.Gly178Trp
peth_value_baseline,-0.00033964321923699454,4.2217420908942574e-08,6.965653272826959e-09,4.94152626241971e-08,0.00022229543995367314,0.1704945863646982,-1.5278910773328367,1366.8335472546507,0.14566029467442249,330.6425425891412,266.2384006846314,0.1277267361099841,1.9689142665481396,-0.0007773238823503769,9.803744387638783e-05,1.0003397009045258,0.9999019673616367,1.0007776260768553,lysX_p.Gly178Trp
screen_sex,0.06632732983020988,0.023031260109094124,0.006661322163907026,0.029914626345131385,0.17295845265592366,0.29887058734225724,0.3834870676263432,547.7260651471104,0.23010035815331287,297.96294557285944,192.98119009412724,0.7017807909087517,1.972332888729798,-0.274804314726884,0.4074589743873038,0.93582449088007,0.6653387467678566,1.3162730744080748,lysX_p.Gly178Trp
screen_years,-0.02310486504433608,3.8276642479133796e-05,1.411388939974826e-05,5.2860994858873666e-05,0.007270556709006104,0.38102486098905913,-3.177867386099317,380.97314646914595,0.27590007374391334,280.2377546232421,161.46596942349484,0.00177819689271856,1.9747649367448665,-0.03746250550389648,-0.008747224584775675,1.0233738500647174,1.008785593345537,1.0381730705759153,lysX_p.Gly178Trp
smoked_substance_use,-0.10859547551260124,0.024345369182071776,0.008836823230280906,0.03347675318669538,0.18296653570173804,0.37507683437998823,-0.5935264341979322,389.7727249971787,0.2727679101285329,281.44994988367415,163.435351667689,0.5536494213204415,1.9745852832487365,-0.4698785042362577,0.25268755321105524,1.114711331093625,0.7767105246246404,1.5997998125093273,lysX_p.Gly178Trp
F2,0.09052310242925816,0.028142591853677443,0.011808432890716796,0.040344639174084804,0.20085975001001272,0.43357937264093516,0.4506781593860674,317.0328460694462,0.30244532037469024,269.9643378723361,145.80574611650738,0.6528909913447984,1.976367658383704,-0.30644961136156684,0.48749581622008314,0.9134532306685438,0.6141624457388688,1.3585930081006137,lysX_p.Ile701Thr
Indel_Sample1,1.8288994494430661,4.025383625554391,1.130147545470457,5.193202755873863,2.2788599684653428,0.2901137478936895,0.8025501675185007,573.4788229236035,0.22487454952506714,299.9854134988573,196.95744216408693,0.4232021154942788,1.9720816674144486,-2.665198516972105,6.322997415858238,0.1605902081995571,0.001794556404746162,14.37080211096789,lysX_p.Ile701Thr
Lineage_2,-2.0674107305793457,3.9879608377798688,1.1025924103785285,5.127306328504348,2.264355609992465,0.28569625858180764,-0.9130238737484458,587.3076423005847,0.22221131676695244,301.0161253400144,199.0142302929207,0.3623347191989226,1.9719556815920913,-6.532619640848912,2.3977981796902212,7.904330158032713,0.09091791798380343,687.1960624781976,lysX_p.Ile701Thr
TTP_baseline,1.342835236942441,0.07322755399033849,0.022216895336223043,0.09618501250443565,0.31013708663175976,0.3135084713757626,4.32981186328371,509.0555691890981,0.23868020512071403,294.64241347228693,186.62403630864694,2.4321457884780056e-05,1.9727569177984425,0.7310101538237821,1.9546603200611,0.2611043255057962,0.14161257147488157,0.48142243367093546,lysX_p.Ile701Thr
bl_prevtb,-0.030501299850085983,0.024492852498915037,0.006278980234523725,0.03098113207458955,0.17601457915351656,0.2649050197792163,-0.1732884855150739,661.2009274945319,0.2094268072597691,305.9639262005623,209.1718190655613,0.862592248769769,1.9713700310866382,-0.3774911662276555,0.31648856652748353,1.030971230155952,0.7287033431218013,1.458620558615463,lysX_p.Ile701Thr
diabetes,0.35583198556615514,0.09590988686570869,0.031410098348459335,0.12836698849244998,0.3582833913153804,0.3384124691147553,0.993157914074037,453.61272867563326,0.25284617180725016,289.1599675385767,176.59055397090668,0.32199191377481695,1.9734886987347189,-0.351236238139097,1.0629002092714073,0.700590319633287,0.34545247162618553,1.420822938835405,lysX_p.Ile701Thr
fstrom1_baseline,0.3206207869063545,0.026396651081045396,0.006475388939726736,0.03308788631876303,0.18190075953322193,0.25348803593204267,1.7626137885795745,709.1260690916147,0.20222613113619328,308.7506980748166,215.09791353680404,0.07938582926462197,1.9710540435584352,-0.03791544069795316,0.6791570145106621,0.7256983931508094,0.50704424319663,1.038643402203934,lysX_p.Ile701Thr
peth_value_baseline,-0.0003461055149921825,4.209296920396178e-08,7.18775453219759e-09,4.952031555389929e-08,0.00022253160574151997,0.17645099622096627,-1.5553094754288475,1289.1321876344864,0.14998584453391414,328.96848858612213,262.0874421388719,0.12107907138099812,1.9690566667721618,-0.0007842828568450366,9.207182686067167e-05,1.0003461654164165,0.9999079324116199,1.0007845904870625,lysX_p.Ile701Thr
screen_sex,0.05331494274007164,0.023150980541926183,0.007196723155084226,0.030587594468846548,0.17489309440011216,0.32122241705714094,0.30484304096135567,490.6120084902137,0.24312516417381416,292.9221462836496,183.41398603225173,0.7608313329141755,1.9729822727942086,-0.29174603214547373,0.398375917625617,0.9480813741119998,0.6714095855190522,1.3387629717011105,lysX_p.Ile701Thr
screen_years,-0.02294793909311895,3.837093825328505e-05,1.3431456048067449e-05,5.225010950295475e-05,0.007228423721874275,0.3617104997030262,-3.17468095065804,411.0033285209614,0.26562951507086946,284.2126180321388,168.02309066416618,0.0017845164361667948,1.9741832228907192,-0.03721817193278844,-0.008677706253449467,1.0232132687498625,1.008715466691994,1.0379194410285215,lysX_p.Ile701Thr
smoked_substance_use,-0.11263272530712753,0.024187727625745538,0.008648035302813243,0.03312403077198589,0.18200008453840313,0.36945608469348346,-0.6188608406023094,398.44517391558725,0.26978308309621796,282.60512363130806,165.33675712396126,0.5368597608929946,1.9744159208849204,-0.4719765898221521,0.24671113920789706,1.1192207959790057,0.7813663670433993,1.6031598530299978,lysX_p.Ile701Thr
F2,-0.022760950504113753,0.016690436623748875,0.005929346798832198,0.02281742831587548,0.1510543886018393,0.367095950228677,-0.15068049802981098,402.19512721632003,0.26852244728489766,283.09300898573514,166.14708871816467,0.8804105383846607,1.9743449293603845,-0.3209944166977883,0.27547251568956077,1.0230219574315618,0.7592132982612806,1.3784978843019815,"mmpS5_c.-74G>T,Rv0678_c.-11C>A"
Indel_Sample1,-0.0812022649814981,0.0841852683543813,0.014072348931772616,0.09872669558387967,0.31420804506549427,0.1727312570684653,-0.25843470992148565,1336.7590466094314,0.14728971878881286,330.01193051670714,264.67129537369317,0.7962722866357342,1.968967499500854,-0.699867693797156,0.5374631638341598,1.0845902490090025,0.5842284659520304,2.013486293120808,"mmpS5_c.-74G>T,Rv0678_c.-11C>A"
Lineage_2,-0.23959885357931293,0.020960729278457088,0.008762651596296182,0.030015469261296477,0.17324973091262358,0.43198592293950494,-1.382968113815725,318.6664232050167,0.30166911281693826,270.26474207791404,146.2383106097296,0.16878261073633571,1.976318740824368,-0.5819955436247097,0.10279783646608392,1.2707392955449983,0.9023093690947662,1.7896061068968065,"mmpS5_c.-74G>T,Rv0678_c.-11C>A"
TTP_baseline,1.3578739171091165,0.07319021347527768,0.021679144218870634,0.09559199583477733,0.3091795527436724,0.30607619920478263,4.391861961954747,528.0510482389102,0.2343478882710979,296.31908640406056,189.8074634358597,1.8652362118211146e-05,1.9725410069980964,0.7480045707968919,1.9677432634213412,0.2572070395341917,0.1397719289880236,0.47331006780060836,"mmpS5_c.-74G>T,Rv0678_c.-11C>A"
bl_prevtb,-0.01990861025844754,0.02431014369674216,0.006384160457607944,0.030907109502937034,0.17580417942397455,0.2713667960374478,-0.11324309992901448,636.5408995490629,0.21344492941237295,304.40885142563496,205.9288329865142,0.9099481471427828,1.9715506955040603,-0.36651546247430516,0.3266982419574101,1.0201081083502335,0.7213013686789402,1.4426987080695317,"mmpS5_c.-74G>T,Rv0678_c.-11C>A"
diabetes,0.3790085712461147,0.09656105931981612,0.031668063727337416,0.1292847251713981,0.35956185166310134,0.33889091609071126,1.0540844905906046,452.6562615980441,0.2531131640508875,289.0566374536731,176.40693193709387,0.2932858197800158,1.973502871897473,-0.33058777563578895,1.0886049181280184,0.6845397452825007,0.33668587057561805,1.3917859459629054,"mmpS5_c.-74G>T,Rv0678_c.-11C>A"
fstrom1_baseline,0.31216557765833197,0.02634434118326079,0.006980134149545598,0.03355714647112457,0.1831860979199147,0.2737895488708143,1.704089891116107,627.7108393329295,0.2149409603128888,303.82986456870316,204.7331893325082,0.08988145449918224,1.9716187564322312,-0.04900756891820318,0.6733387242348672,0.7318603384743612,0.5100029728134025,1.0502282998020411,"mmpS5_c.-74G>T,Rv0678_c.-11C>A"
peth_value_baseline,-0.00033960256588030257,4.221569428810001e-08,6.964862199420123e-09,4.9412718560834136e-08,0.00022228971762282244,0.1704821961145115,-1.5277475247709598,1367.0032898128393,0.14565125098052556,330.6460426371032,266.24710969975547,0.12776234116768695,1.9689139724706446,-0.0007772718968444318,9.80667650838266e-05,1.00033966023736,0.9999019380433043,1.0007775740509253,"mmpS5_c.-74G>T,Rv0678_c.-11C>A"
screen_sex,0.06633026101144404,0.023030869729349132,0.006660236362983048,0.02991311397109828,0.1729540805274576,0.29882693630882895,0.3835137095878676,547.8492696922998,0.23007448333191582,297.9729595247833,193.00068338805568,0.7017610307038883,1.9723316317299262,-0.2747925428496254,0.40745306487251354,0.9358217478129042,0.6653426786086388,1.3162575794942064,"mmpS5_c.-74G>T,Rv0678_c.-11C>A"
screen_years,-0.023103004304442152,3.827510066675299e-05,1.4113042397840686e-05,5.285857781118836e-05,0.007270390485468326,0.3810173426167645,-3.177684107974561,380.98403338960384,0.2758961316842041,280.2392802606872,161.4684314721292,0.00177924955850549,1.9747647093926202,-0.03746031485864888,-0.008745693750235423,1.0233719458339399,1.008784049062889,1.038170796309503,"mmpS5_c.-74G>T,Rv0678_c.-11C>A"
smoked_substance_use,-0.10862536787959766,0.02434490113307788,0.008836652904512337,0.033476109134407295,0.18296477566572014,0.3750768159383761,-0.5936955213612161,389.77275287078396,0.2727679003753817,281.449953658293,163.43535784124316,0.5535365758440578,1.9745852826924006,-0.4699049211602453,0.25265418540105,1.1147446529518612,0.7767364421862589,1.5998420748575881,"mmpS5_c.-74G>T,Rv0678_c.-11C>A"
F2,-0.023145186976435743,0.016848061621359454,0.005714441904474674,0.02275298492264995,0.1508409258876713,0.3504808703812204,-0.1534410296160047,430.57244585621413,0.2595230173695722,286.57592610934233,172.05881272548655,0.8782303017263873,1.9738473893185131,-0.3208821547422031,0.2745917807893316,1.023415115307554,0.7598822584548297,1.3783431401198243,ponA1_c.-241G>A
Indel_Sample1,0.0698938477269888,0.08554297399182474,0.02018359093025169,0.10639935128641816,0.32618913422494344,0.2438116927824679,0.21427399135493358,754.7414619101244,0.19601977871509563,311.1526514569715,220.321891351854,0.8305315796560866,1.9707896669634222,-0.5729563274792745,0.7127440229332521,0.9324928008827079,0.4902969637735503,1.7735023627429318,ponA1_c.-241G>A
Lineage_2,-0.24241183307655084,0.020716169600268976,0.009697473434315833,0.030736892149062004,0.17531940037845783,0.4837150275436498,-1.382686870667263,272.8474058964201,0.32601612746651193,260.84207475014153,133.35485525776917,0.1690719508532503,1.9779129443983583,-0.5891783444892611,0.10435467833615936,1.274318891434222,0.9009057090111038,1.802506767160613,ponA1_c.-241G>A
TTP_baseline,1.364041375830385,0.07328195843095185,0.02158384077408714,0.09558526056417523,0.30916866038487023,0.3043491551094138,4.411965217083617,532.6494947387131,0.23333411450240396,296.7114323694906,190.56021253119596,1.7115797199492832e-05,1.9724910141644663,0.754208971359963,1.9738737803008073,0.2556256074563883,0.1389176759997334,0.47038255367569587,ponA1_c.-241G>A
bl_prevtb,-0.020400820681349588,0.024357458472622155,0.00647267098450872,0.0310458851566145,0.17619842552251852,0.27459460483162285,-0.11578321781735967,624.8246425984651,0.21543681715795232,303.63796038001794,204.33831095097793,0.907938055994493,1.9716414105098523,-0.36780093290818316,0.326999291545484,1.0206103397852844,0.7210842538818222,1.4445544470970348,ponA1_c.-241G>A
diabetes,0.3737027759513587,0.09600337740914554,0.03224041949589831,0.1293184775549071,0.3596087840346883,0.3470200845516077,1.039192568542238,436.95520586370424,0.2576205719064113,287.31220162264884,173.3373073391324,0.3001625785631194,1.973744283252243,-0.3360730057443978,1.083478557647115,0.6881814255037706,0.3384162752666045,1.399441188327318,ponA1_c.-241G>A
fstrom1_baseline,0.31178138616689555,0.02629648044290663,0.006851792266454113,0.033376665784909214,0.1826928180988766,0.2692445993818323,1.7065880827244884,644.458037745401,0.21212979713521263,304.9178277464717,206.98519109843917,0.08939839512104218,1.9714912212848765,-0.04839590090683449,0.6719586732406255,0.7321415670086685,0.5107072888073104,1.0495861051713968,ponA1_c.-241G>A
peth_value_baseline,-0.000345188054100861,4.223990070880147e-08,7.05011514840713e-09,4.952501969548884e-08,0.0002225421750938209,0.17247007839602657,-1.5511129697340929,1340.2135759593607,0.14709976960091867,330.08544375980773,264.8537703314007,0.12206869040368502,1.968961268463704,-0.0007833649774602623,9.298886925854027e-05,1.0003452476383528,0.9999070154540723,1.00078367188794,ponA1_c.-241G>A
screen_sex,0.0664702075957175,0.023045259307771813,0.0068321766916374736,0.030105175222463868,0.17350842983112916,0.3063500314926446,0.38309497504191053,527.3285189142888,0.2345083814501133,296.25697308725336,189.68856585424052,0.702078313896709,1.97254893993664,-0.27578366173774715,0.4087240769291822,0.9356907919194376,0.6644975572358105,1.3175627939473806,ponA1_c.-241G>A
screen_years,-0.02320229765161051,3.828491995990749e-05,1.3956846317076718e-05,5.270699448755344e-05,0.0072599582979211005,0.37670379206091964,-3.1959271251261208,387.32812293604513,0.2736273367105321,281.11733864195196,162.89234853045477,0.001674209445627663,1.9746343808453042,-0.03753806091018867,-0.008866534393032349,1.0234735649048052,1.0089059585414826,1.0382515131274064,ponA1_c.-241G>A
smoked_substance_use,-0.10354573401921954,0.024449520892934656,0.008505128561316223,0.03323815373962808,0.1823133394451105,0.35946032992544824,-0.5679547878085701,414.79082257036293,0.264413989884619,284.68304488419506,168.81819300707792,0.5708202767475172,1.9741157792001547,-0.46345337417648613,0.2563619061380471,1.109096515646555,0.773861852752937,1.589553841739824,ponA1_c.-241G>A
F2,-0.022158589706628186,0.01678886970929095,0.005943267480712867,0.02293024610602758,0.1514273624746452,0.36580046799326793,-0.14633147764386634,404.2816213626438,0.2678286298515684,283.3615269520881,166.59492329523212,0.883836636695919,1.9743059938963359,-0.3211225390802333,0.2768053596669769,1.0224059146680702,0.7582020594506013,1.3786745120498558,ponA1_c.732A>G
Indel_Sample1,0.034689332639926664,0.04056014185296194,0.02099268090779338,0.06225257879101509,0.24950466687221523,0.5348215254446663,0.139032800767983,238.83391844973465,0.3484584471733407,252.1565535187053,122.65724322146048,0.8896522470480333,1.9794936362646942,-0.45920356765196585,0.5285822329318192,0.9659054449452549,0.5894400662668706,1.5828128794904222,ponA1_c.732A>G
Lineage_2,-0.26940551468809854,0.02867196265215868,0.010735935132648639,0.03976576228922894,0.19941354590204985,0.3869215292883001,-1.3509890387307395,372.61126982654974,0.2789786740759942,279.0462891732932,159.5558751882328,0.17861161685428395,1.9749434500869476,-0.6632359910259648,0.12442496164976768,1.3091859275414028,0.8830045180827443,1.9410634461915988,ponA1_c.732A>G
TTP_baseline,1.3649458867760798,0.07342306760333346,0.022051471727229065,0.09620958838813683,0.3101767051023285,0.3103455293901238,4.400542865802185,516.9858699116444,0.23684251400053874,295.35362806372007,187.9677803635658,1.8072550348222905e-05,1.972664882892407,0.7530711931294423,1.9768205804227172,0.25539449583369717,0.13850891593805514,0.47091804928514,ponA1_c.732A>G
bl_prevtb,-0.016744963038432904,0.02473459400760052,0.006765339801972665,0.03172544513630561,0.17811638087583526,0.2826345613983766,-0.09401135906812412,597.246122528408,0.22035470577857943,301.7346622100299,200.46018791134907,0.9251940323431403,1.9718686682148046,-0.36796707378330706,0.3344771477064412,1.0168859457494754,0.715712200306326,1.4447944665750108,ponA1_c.732A>G
diabetes,0.37274602577241045,0.09614788974642473,0.033337795381394926,0.13059694497386615,0.3613819931511062,0.35829236937280173,1.031446040025997,416.7824293155528,0.2637814784590486,284.9278364871881,169.23354503714458,0.3038035061043276,1.974080801189251,-0.3406512288026937,1.0861432803475146,0.6888401582768706,0.3375156901733899,1.405862830883927,ponA1_c.732A>G
fstrom1_baseline,0.31006406414134585,0.026390385115126345,0.006840826280676596,0.03345923893849216,0.1829186675506143,0.26785716815152183,1.6950925145764575,649.7287921028795,0.21126762136940502,305.25150296440705,207.68040066698828,0.0915566275747179,1.9714524121674046,-0.05055138423176031,0.670679512514452,0.7333999700798957,0.5113609835148876,1.0518509105173688,ponA1_c.732A>G
peth_value_baseline,-0.000341876887999061,4.226588617497095e-08,6.770600464205663e-09,4.92621733213168e-08,0.00022195083536972056,0.16553035508075828,-1.540327106359255,1437.7715380424831,0.1420214877795172,332.0508165534935,269.75205278914274,0.12465284850151098,1.968797169377986,-0.0007788530644160462,9.509928841792417e-05,1.0003419353345626,0.999904905233376,1.0007791564492228,ponA1_c.732A>G
screen_sex,0.06770132507826168,0.023179748494978353,0.006919225863681486,0.030329615220782556,0.17415399857821973,0.3084531623521776,0.38874401754177484,521.8382462673073,0.23573878777416693,295.7807870070947,188.77951819835485,0.6979036113930794,1.9726099246492836,-0.2758365809344918,0.4112392310910151,0.9345395554263426,0.6628283434841121,1.3176325201570083,ponA1_c.732A>G
screen_years,-0.02330840442858158,3.8183112692640217e-05,1.3911626603440617e-05,5.255846018286219e-05,0.007249721386568052,0.37648443189894304,-3.2150758885391535,387.65604538314443,0.27351158006165033,281.1621382368547,162.96536979666666,0.0015725760614593287,1.9746277591824357,-0.03762390552483744,-0.00899290333232573,1.0235821681477606,1.009033460973314,1.038340645254161,ponA1_c.732A>G
smoked_substance_use,-0.10630752077488884,0.024344987654880235,0.008584042997928518,0.03321516541940637,0.1822502823575491,0.3643533482239415,-0.5833051087752426,406.63634234954793,0.2670520424186605,283.6620781751659,167.09774570357916,0.560474369005551,1.9742625281868595,-0.46611742398487266,0.25350238243509504,1.1121638374088785,0.7760778959677185,1.5937941380197385,ponA1_c.732A>G
F2,-0.023038032024170128,0.01684270787670735,0.005714872139848632,0.02274807575455094,0.15082465234354409,0.3506186725479235,-0.15274712499714407,430.3218663219321,0.2595985674376071,286.5466870766342,172.0082497503935,0.878776728424965,1.9738514987692772,-0.32074349810382985,0.27466743405548955,1.0233054571850355,0.7598247730545886,1.3781520369426588,ponA1_p.Ala394Ser
Indel_Sample1,0.06714823766134578,0.08576532760064093,0.02017046951655152,0.1066081461010775,0.32650902912642016,0.24302149928802713,0.20565507128853958,758.6926673649608,0.19550868543080227,311.35045238084945,220.7568095557009,0.8372498769036687,1.970768223759241,-0.5763253817114835,0.7106218570341751,0.9350565804618995,0.49133856009968346,1.779487464789483,ponA1_p.Ala394Ser
Lineage_2,-0.24278932326117525,0.02071579128696232,0.009683917710586076,0.030722506254567933,0.1752783679025108,0.48304768227238487,-1.385164217162347,273.35575499677844,0.32571284662421635,260.95944907816363,133.50690132392242,0.1683123438567186,1.9778923199769265,-0.5894710609936415,0.1038924144712911,1.2748000251137273,0.9013222614371825,1.803034467870204,ponA1_p.Ala394Ser
TTP_baseline,1.3639213610078478,0.07327889974055182,0.02159269720321751,0.09559135351720992,0.3091785139967037,0.3044867466031371,4.411436433200494,532.2804953809754,0.23341497902988728,296.68013655963216,190.50005992199,1.7156367938601902e-05,1.972494994505056,0.7540682897408383,1.9737744322748574,0.2556562881593359,0.13893147788219706,0.47044873250991864,ponA1_p.Ala394Ser
bl_prevtb,-0.02040648939192413,0.024356491753133806,0.006473759864067026,0.031046043612669733,0.1761988751742466,0.27465169973320247,-0.11581509457278738,624.6208465825453,0.21547195974452457,303.6243596611178,204.31035172491667,0.9079128392484159,1.9716430178629227,-0.3678077713845281,0.3269947926006798,1.0206161253463082,0.7210874980073771,1.4445643256822276,ponA1_p.Ala394Ser
diabetes,0.37347476973931376,0.09600201401017418,0.032228281998431856,0.12930457207522042,0.35958944933801995,0.346894368919353,1.0386143709912952,437.1903549489429,0.25755128013318146,287.3390185994772,173.38406435745569,0.30043035102650406,1.973740541484148,-0.3362615047090964,1.0832110441877238,0.6883383530333452,0.3385068182853135,1.3997050064064105,ponA1_p.Ala394Ser
fstrom1_baseline,0.31181488004798663,0.026296677411685013,0.006853043682198812,0.033378155883290454,0.18269689620595764,0.26929175730994676,1.70673331908426,644.2802175795905,0.2121590688343127,304.90649915088375,206.96162530700911,0.0893715024440608,1.971492541407875,-0.048370688160427555,0.6720004482564008,0.7321170451567496,0.5106859544478887,1.0495596425566938,ponA1_p.Ala394Ser
peth_value_baseline,-0.00034512567857730557,4.2246349851744676e-08,7.052574178047278e-09,4.953400983572686e-08,0.0002225623729108918,0.1725038970125658,-1.5506919434017938,1339.7654265205128,0.14712436986528588,330.075923080963,264.8301348965035,0.12216970586595752,1.9689620750650367,-0.0007833425501753336,9.309119302072246e-05,1.0003451852412963,0.99990691313983,1.0007836494430795,ponA1_p.Ala394Ser
screen_sex,0.06645214984590915,0.023045124976456298,0.006830282657657416,0.030103083722702293,0.17350240264244843,0.306266889568039,0.38300420532419316,527.5477069491845,0.23445965905888988,296.27582939840767,189.72465282619817,0.7021454203881549,1.9725465311284467,-0.27578941262890355,0.4086937123207218,0.9357076885422131,0.6645177347502985,1.3175703711293882,ponA1_p.Ala394Ser
screen_years,-0.023204755813737068,3.828285745321677e-05,1.3956980587525575e-05,5.2705070726993196e-05,0.0072598258055543725,0.37672771138886296,-3.196324048985238,387.2923973049504,0.27363995674120234,281.1124544969189,162.8843897839672,0.0016720594289248594,1.974635102916163,-0.03754026269044134,-0.008869248937032793,1.0234760807718521,1.0089086972648167,1.0382537991316019,ponA1_p.Ala394Ser
smoked_substance_use,-0.10366289512114824,0.02445132765853015,0.008509445231618366,0.0332444210645358,0.18233052696829402,0.3596161946215655,-0.5685438244752864,414.52637969198867,0.26449831654267747,284.6504091768122,168.7629015614372,0.5704215240743173,1.9741204485317472,-0.4636053168008267,0.2562795265585302,1.1092264662289015,0.7739256057929093,1.589795381071664,ponA1_p.Ala394Ser
F2,-0.022762904092389267,0.016690455077470207,0.0059294813202765105,0.02281758577508927,0.1510549098013344,0.3671038727931292,-0.15069291108992594,402.18242904475983,0.2685266863029943,283.0913684208488,166.14435662676266,0.8804007643917877,1.974345167541626,-0.32099743529209007,0.2754716271073115,1.0230239559972156,0.7592139728850404,1.3785020454341201,ponA1_p.Gln365His
Indel_Sample1,-0.0812712568197034,0.08424395729433215,0.014027213734369283,0.09873874481984708,0.31422721845799273,0.17205729634557565,-0.2586385012047201,1345.703850317644,0.14679939016807703,330.2016951979618,265.142444213705,0.7961148397745361,1.9689514286092233,-0.6999693875104707,0.5374268738710639,1.0846650794652968,0.5842496679662071,2.013691062430363,ponA1_p.Gln365His
Lineage_2,-0.23959110532467606,0.020960852937196593,0.008762345369683252,0.03001527648586929,0.17324917456042696,0.4319682779990764,-1.38292783173469,318.68460354866926,0.30166050787289506,270.26807232296704,146.24311427507652,0.16879486915333058,1.9763181992286194,-0.5819866020097838,0.10280439136043171,1.2707294495715038,0.9023034545715672,1.789590104999671,ponA1_p.Gln365His
TTP_baseline,1.3578772948443243,0.07318984275832886,0.02167962041437515,0.09559211718651651,0.3091797489916125,0.3060844727069498,4.391870099102646,528.0291917205807,0.23435273835892764,296.3172093458344,189.8038692731227,1.8651896548614962e-05,1.9725412466568188,0.7480074873273667,1.9677471023612818,0.2572061707583858,0.13977139241301278,0.4733086873793846,ponA1_p.Gln365His
bl_prevtb,-0.019904294094660265,0.02431007312657347,0.006384093691250958,0.030906969940866127,0.17580378249874526,0.27136474579673536,-0.11321880457721281,636.5484650582347,0.21344366099020404,304.4093423244289,205.92984944244168,0.9099673836492332,1.971550637981406,-0.3665103536396058,0.3267017654502853,1.020103705406059,0.7212988271831843,1.4426913375791386,ponA1_p.Gln365His
diabetes,0.37900595718856817,0.09655888631670347,0.03166355369360857,0.12927789180009897,0.35955234917894635,0.3388502781202392,1.054105078312087,452.7373571337704,0.2530904938795612,289.0654111569688,176.42251536421853,0.29327629430593966,1.9735016679121113,-0.3305712036178003,1.0885831179949366,0.6845415347111267,0.33669321045240824,1.3917628814522858,ponA1_p.Gln365His
fstrom1_baseline,0.3121560567204747,0.026344336320966045,0.0069798536216569,0.03355685173001151,0.18318529343266482,0.273778595944564,1.7040454005398469,627.7502695741568,0.21493420977257421,303.8324771311295,204.73857002934562,0.08988974160783873,1.9716184483499428,-0.04901544727776491,0.6733275607187144,0.731867306504335,0.5100086662716069,1.050236573910802,ponA1_p.Gln365His
peth_value_baseline,-0.0003395983262861417,4.2215639673440215e-08,6.964712364739095e-09,4.941250911700394e-08,0.00022228924651679385,0.1704787490900348,-1.527731690162912,1367.050519232769,0.14564873494932742,330.6470163796876,266.2495326421921,0.1277662625554583,1.968913890658533,-0.0007772667114970761,9.807005892479263e-05,1.0003396559963258,0.9999019347497863,1.0007775688615461,ponA1_p.Gln365His
screen_sex,0.06633926137997843,0.02303087547817966,0.006660593043021036,0.029913488289301394,0.1729551626558207,0.2988428649897652,0.38356334879689596,547.8043053954545,0.23008392550404477,297.9693052596463,192.99356972192177,0.7017243090301173,1.9723320904158894,-0.2747857561291966,0.40746427888915343,0.935813325110195,0.6653352174866043,1.316248646452315,ponA1_p.Gln365His
screen_years,-0.023102840832213884,3.8275146749872035e-05,1.4112602314374515e-05,5.285816914139237e-05,0.007270362380335135,0.3810050027193975,-3.177673907246001,381.00190335043186,0.27588966149227834,280.24178432399606,161.47247257857325,0.0017793006717194849,1.9747643362410343,-0.03746009317244818,-0.008745588491979586,1.0233717785410612,1.0087839428800451,1.0381705661613891,ponA1_p.Gln365His
smoked_substance_use,-0.10862756164322228,0.02434489088892395,0.00883615988009236,0.033475589431686055,0.18296335543404874,0.37505604705405543,-0.5937121200336662,389.8041464080234,0.27275691624176496,281.4542046861272,163.44231074636824,0.5535254639480118,1.9745846561511398,-0.4699041959212222,0.2526490726347776,1.1147470984408139,0.7767404134682951,1.5998409145901054,ponA1_p.Gln365His
F2,-0.013254603321664938,0.01660951443673617,0.006004573820978124,0.022814240718413568,0.15104383707524635,0.3735645798262509,-0.08775335411442056,392.0710555396028,0.27196724880129397,281.7598180723359,163.94302132242035,0.9301798090602641,1.9745396767766474,-0.31149665255932646,0.28498744591599656,1.0133428349704792,0.752023695228764,1.3654672155956975,ponA1_p.Ile41Met
Indel_Sample1,-0.32831970374882163,0.15992554316809485,0.09020282778754006,0.25313513188188624,0.5031253639818671,0.5828311529686068,-0.6525604297712457,213.88565703218364,0.3682206733646254,244.5082694996242,114.08705230325621,0.515352430865945,1.9809760843767514,-1.3249990172402486,0.6683596097426054,1.3886328524592224,0.5125486684020173,3.762181657677383,ponA1_p.Ile41Met
Lineage_2,-0.27868354998439315,0.02002495328044063,0.008875419597962453,0.029196220198335166,0.17086901474034186,0.4579919258464672,-1.630977684326733,293.89526719198074,0.3141251455014543,265.4440667754448,139.47303576193445,0.10515112680926222,1.9771188422330563,-0.6165118985813209,0.05914479861253458,1.32138912409126,0.9425702764071179,1.8524552078199636,ponA1_p.Ile41Met
TTP_baseline,1.3549546110874382,0.07325380084120402,0.021796161440129042,0.09577650099600403,0.3094777875648009,0.30746118148358764,4.378196644577367,524.4148986599407,0.23515893690603396,296.0051981683306,189.2073787567799,1.9775516644113097e-05,1.9725811475769812,0.744484561743278,1.9654246604315984,0.2579590026647286,0.14009638059233512,0.47497905923361255,ponA1_p.Ile41Met
bl_prevtb,-0.02574766219117289,0.024441852581265123,0.00659394561103783,0.03125559637933755,0.17679252353914052,0.27877362304751047,-0.14563773216050369,610.2137344766775,0.2180007610597651,302.64567484597717,202.30776567008297,0.884352382530758,1.9717593072266393,-0.3743399659275579,0.3228446415452121,1.026081996520453,0.7240863385646961,1.4540313875695765,ponA1_p.Ile41Met
diabetes,0.3527855850692026,0.09583145002844455,0.033105714012091024,0.1300406878409386,0.36061154701553666,0.35697297497157904,0.9782980827677243,419.05373670868863,0.2630656479942466,285.2048738336552,169.70494406235926,0.3293194545412945,1.9740413121853413,-0.3590765063905333,1.0646476765289385,0.7027278525687521,0.3448493318799457,1.432006355018279,ponA1_p.Ile41Met
fstrom1_baseline,0.3240064245634456,0.026547878103720234,0.0065903164500387855,0.03335787176876032,0.18264137474504596,0.25651743760589946,1.774003426199211,695.8269603677702,0.20414952465335767,308.0063153439773,213.50069116598874,0.07748786669000844,1.971137473218871,-0.03600483335672522,0.6840176824836164,0.7232455958276993,0.5045856495271854,1.0366608570305398,ponA1_p.Ile41Met
peth_value_baseline,-0.0003567158621041972,4.25311950545058e-08,6.570787430783612e-09,4.93210087329822e-08,0.00022208333736005995,0.15964314357437928,-1.6062252411393647,1530.192908711754,0.1376657504155198,333.73655358280996,273.9810266433844,0.10937631291825244,1.9686602332846648,-0.0007939224968400898,8.049077263169534e-05,1.000356779492773,0.9999195124666637,1.0007942377367254,ponA1_p.Ile41Met
screen_sex,0.05005036993370753,0.023568470659298478,0.007526108765123095,0.03134544971659234,0.17704646202788787,0.3299738523435169,0.28269624459269754,471.1130659249813,0.24810551858751015,290.9946728956348,179.88453014248677,0.7777347227980995,1.9732393957186722,-0.2993046838123308,0.39940542367974585,0.9511815123443375,0.670718720971597,1.3489205551248873,ponA1_p.Ile41Met
screen_years,-0.023158780266437064,3.8194726523096384e-05,1.3562996744381317e-05,5.2209823158957075e-05,0.0072256365227540385,0.3669380019617566,-3.2050851428117695,402.4484407207558,0.2684379258131288,283.12572008900565,166.20157393793525,0.0016191722510358166,1.9743401810355024,-0.03742464478686801,-0.008892915746006117,1.0234290269805604,1.0089325751967824,1.0381337653431304,ponA1_p.Ile41Met
smoked_substance_use,-0.1033860837318376,0.02429914411172031,0.008492595463780435,0.033074826090960095,0.1818648566682417,0.36115189649856727,-0.5684775257070954,411.93755173046526,0.26532813672566286,284.3292560646676,168.21984951361696,0.5704688636514712,1.9741664732504558,-0.46241758642877995,0.25564541896510473,1.1089194622027905,0.7744165135239997,1.5879082537333014,ponA1_p.Ile41Met
F2,-0.018887468913017517,0.016596626318130796,0.0060184089146687976,0.022815648863288553,0.15104849838144221,0.37471606734700397,-0.1250424142934613,390.31872295190675,0.27257706245490376,281.5238108545065,163.556203729351,0.9006435309615357,1.9745744006474133,-0.31714396707324555,0.2793690292472105,1.0190669654514881,0.7562607693715231,1.3732002533167615,vapC21_p.Ser92*
Indel_Sample1,-0.393198991764473,0.2580199863632527,0.1294358973847643,0.3917704136608425,0.6259156601818191,0.5183723524009867,-0.6281980413307674,248.811764944399,0.34140002060844277,254.88827263646212,125.9066830387646,0.5310120633510865,1.9789848226806135,-1.6318765835424094,0.8454786000134635,1.4817132087208222,0.4293518212422374,5.1134615582755,vapC21_p.Ser92*
Lineage_2,-0.27341759965582607,0.019768615319275495,0.008437217754413022,0.028487073665502283,0.16878114132065314,0.4410252415466758,-1.6199534943088392,309.6095022607765,0.30604962968817684,268.56941500001705,143.81645614919023,0.10743297745097762,1.9765964416323476,-0.6070298030048755,0.060194603693223325,1.3144490436959022,0.9415812805593025,1.8349730651471396,vapC21_p.Ser92*
TTP_baseline,1.3661030161563437,0.07322771115451511,0.021450339354106337,0.09539306182042499,0.3088576724325057,0.30269074803034046,4.423082662629585,537.1336517889173,0.23235810071423843,297.08916464449715,191.28772885242063,1.6305911122714433e-05,1.972443073359353,0.7568988395129558,1.9753071927997317,0.2550991422731068,0.13871869231355577,0.46911898680085473,vapC21_p.Ser92*
bl_prevtb,-0.022363565339267498,0.024417241840787442,0.006595631877492867,0.03123272811419674,0.1767278362743027,0.27912596835669057,-0.12654240447190546,609.0096078773354,0.2182161689010874,302.5623087143266,202.1380317172649,0.8994283664404771,1.9717692701570009,-0.3708300820862752,0.32610295140774026,1.0226155044469085,0.7217308803966281,1.448936852141502,vapC21_p.Ser92*
diabetes,0.3668717363287889,0.09547649346810057,0.03125339239440906,0.12777166560898995,0.35745162694970345,0.33825259985778,1.0263535221799702,453.93315319515585,0.2527569159168658,289.19451093431707,176.65198400186847,0.306128318504901,1.973483963780639,-0.33855331728375015,1.072296789941328,0.6928985130520621,0.3422216029406689,1.402916546659374,vapC21_p.Ser92*
fstrom1_baseline,0.33064868757883575,0.026773500601753823,0.0067352050197043494,0.033733212455448316,0.18366603511658958,0.25994777288251175,1.8002712769889266,681.2882242232737,0.2063163080861698,307.1677369904265,211.7137943261854,0.07324127930561584,1.9712323107136358,-0.031399735223650915,0.6926971103813224,0.7184575277631801,0.500225085737701,1.0318979073957244,vapC21_p.Ser92*
peth_value_baseline,-0.00035299769745978347,4.2573021094758426e-08,6.859577582667283e-09,4.966125126351462e-08,0.0002228480452315313,0.16649582262389392,-1.5840286913579666,1423.500718041512,0.14273160640162544,331.77598977757503,269.0649044526538,0.11436180944327753,1.968819827889067,-0.0007917453475179419,8.5749952598375e-05,1.0003530600084787,0.9999142537238237,1.000792058860601,vapC21_p.Ser92*
screen_sex,0.04856820033046698,0.023500560332989154,0.007617213498736546,0.03137168094835025,0.17712052661493036,0.33493331664572834,0.2742098911892741,460.6811497476162,0.25089891193015645,289.9135869160101,177.93586608611665,0.7842414046175987,1.9733857568848336,-0.30095892414337766,0.39809532480431165,0.9525923699759625,0.6715980046621978,1.3511538405967178,vapC21_p.Ser92*
screen_years,-0.0234476882927517,3.828905835400651e-05,1.4033399631242345e-05,5.279023797295693e-05,0.007265689091404678,0.3787290741098375,-3.2271802437143027,384.3249448017149,0.27469434076768134,280.70439174014047,162.22096369780013,0.001512661720411566,1.9746955443216008,-0.03779521216797457,-0.009100164417528821,1.023724746556641,1.0091416968019868,1.038518535140957,vapC21_p.Ser92*
smoked_substance_use,-0.09878696465367943,0.024336462530594082,0.008521546254604575,0.03314206032701881,0.1820496095217422,0.36182735207941386,-0.5426376080300315,410.80840008390015,0.2656925281511853,284.18823100557063,167.9819833357477,0.5880985500191371,1.974186727255896,-0.45818688747362146,0.2606129581662626,1.1038311194641206,0.7705791082567168,1.5812044827608944,vapC21_p.Ser92*
F2,-0.03124572223510721,0.01709608267633041,0.005990638140026435,0.023286408754357727,0.15259884912527266,0.36209032181377115,-0.2047572600593909,410.3703535075673,0.2658342960190838,284.13336467077755,167.88953932324273,0.8380098043986715,1.974194614343664,-0.3325055483332618,0.2700141038630474,1.0317389939528157,0.7633687278129369,1.3944576360791399,"wag22_c.-174A>T,Rv1760_c.-402T>A"
Indel_Sample1,0.3448353695948995,0.0880440748317987,0.015197597512864269,0.10374825892842511,0.3220997654895531,0.17836730213393717,1.0705855965799633,1265.6944532914397,0.1513681700187429,328.4335074654503,260.7673153645087,0.2853457019458111,1.969102908731402,-0.28941221553228197,0.979082954722081,0.708336957669527,0.375655433983674,1.335642187522108,"wag22_c.-174A>T,Rv1760_c.-402T>A"
Lineage_2,-0.21710012260809003,0.020267048573919835,0.00911236602491548,0.029683160132999164,0.17228801505908403,0.4646020127072783,-1.2600999700045197,288.1874587410082,0.317220656995052,264.24605644714455,137.84898525553598,0.20976232597952016,1.977322702337911,-0.5577691261251527,0.12356888090897272,1.2424684950965852,0.8837607649026926,1.7467713238859914,"wag22_c.-174A>T,Rv1760_c.-402T>A"
TTP_baseline,1.3797292006299005,0.07348527909993094,0.021663433777043706,0.09587082733620943,0.30963014603912425,0.3046262940069521,4.456055775833793,531.9067214661452,0.23349697565219305,296.6484026117495,190.4390844688694,1.4223659055312165e-05,1.9724990318761824,0.7689840373280469,1.990474363931754,0.2516466895987052,0.13663059744330538,0.4634837113426523,"wag22_c.-174A>T,Rv1760_c.-402T>A"
bl_prevtb,-0.02877418223612546,0.024541413117127066,0.006355782833707592,0.03110905537862491,0.17637759318752738,0.2676146736193602,-0.16313966936566768,650.6578418561322,0.21111673696175565,305.30989753962257,207.80228332392392,0.8705670104797828,1.9714456351427367,-0.3764930184626576,0.3189446539904067,1.0291921583602184,0.7269157800807595,1.4571653661342794,"wag22_c.-174A>T,Rv1760_c.-402T>A"
diabetes,0.37004125366103763,0.09538346494733954,0.03051548381764531,0.12691613155890638,0.3562529039304892,0.33058839526301287,1.038703824104796,469.7970139567727,0.24845278708271504,290.8602746726564,179.64106906287785,0.3003385478093313,1.973257506979244,-0.33293746340295555,1.0730199707250307,0.6907058359051715,0.3419742043214002,1.3950600534334137,"wag22_c.-174A>T,Rv1760_c.-402T>A"
fstrom1_baseline,0.30948181290634197,0.02621819867526599,0.006833668416258999,0.03327965603873362,0.18242712528221677,0.26933419228870775,1.69646817833461,644.1202806053305,0.21218540706216804,304.8963058535676,206.94042325932972,0.0913008981850677,1.9714937293756412,-0.050172120655572916,0.6691357464682568,0.7338271174597036,0.5121510148934946,1.051452057419437,"wag22_c.-174A>T,Rv1760_c.-402T>A"
peth_value_baseline,-0.0003688208509682537,4.232702456242119e-08,7.046337000898422e-09,4.960823946334956e-08,0.0002227290718863381,0.172022838274174,-1.6559169750254623,1346.1638659768023,0.1467743056333961,330.21140329683027,265.1665575120864,0.09892151284900656,1.9689506076475018,-0.0008073633923996232,6.972169046311579e-05,1.0003688888737408,0.9999302807400374,1.0008076893979523,"wag22_c.-174A>T,Rv1760_c.-402T>A"
screen_sex,0.06609700057154519,0.023031541555921037,0.006963386138441343,0.030227040565643758,0.17385925504741978,0.31241933989750137,0.3801753352360641,511.76127546276666,0.23804841211948383,294.88692703406406,187.08491437671225,0.7042465282160009,1.9727252017043042,-0.276879533410036,0.40907353455312645,0.9360400634666787,0.6642653840680467,1.3190074651322634,"wag22_c.-174A>T,Rv1760_c.-402T>A"
screen_years,-0.023165551636102504,3.840401715222738e-05,1.388208195157568e-05,5.274883516885558e-05,0.007262839332441244,0.3735238936012251,-3.1895999038045515,392.1332414394209,0.27194568317402,281.7681643001771,163.95671927735737,0.001707123408103594,1.9745384501632186,-0.0375063071553655,-0.008824796116839504,1.0234359570202913,1.0088638494247195,1.038218545266843,"wag22_c.-174A>T,Rv1760_c.-402T>A"
smoked_substance_use,-0.09537020870630723,0.024317691552101568,0.008515601711974243,0.033117146654474953,0.18198117115370743,0.36185404702252355,-0.5240663531380086,410.76389280322564,0.26570692198158796,284.18266037289106,167.9725948829376,0.6009232145053984,1.9741875278559133,-0.4546351671025688,0.2638947496899543,1.1000660337741284,0.7680543733636737,1.5755984480157863,"wag22_c.-174A>T,Rv1760_c.-402T>A"
F2,-0.020202507683687195,0.01673878867930485,0.006091623071660745,0.023033465853354286,0.15176780242645108,0.3760533270744924,-0.13311458267624077,388.30202603739764,0.273283977935642,281.25022374332593,163.1090504718203,0.8942668473036541,1.9746147474696454,-0.3198854485460169,0.2794804331786425,1.0204079595573343,0.7561765236413672,1.3769700213832465,wag22_p.Phe553Leu
Indel_Sample1,-0.14516121478022173,0.05956698882712023,0.017734482232005678,0.07789262046685944,0.2790924944652927,0.3076474403117005,-0.5201186619451482,523.9293427879628,0.23526787942044022,295.9630357477679,189.12691820088767,0.6035891539197317,1.9725865491950567,-0.695695315343754,0.40537288578331054,1.1562259559569303,0.6667281510516421,2.005102768077014,wag22_p.Phe553Leu
Lineage_2,-0.2798316709729446,0.021167429258519187,0.009830083551765586,0.031325182262010295,0.17698921510083684,0.47987655371059995,-1.5810662294508446,275.7972391907587,0.3242679617481412,261.51864164078955,134.23411057537515,0.11621634275367758,1.977794328911198,-0.6298799368778238,0.07021659493193472,1.322907109927624,0.9321918899992762,1.8773851610084464,wag22_p.Phe553Leu
TTP_baseline,1.3698670407947173,0.07352923315765977,0.022001651081041487,0.09626427260806932,0.31026484268777427,0.3091972875830428,4.415153934064137,519.9203792383661,0.23617318070820575,295.6126702927503,188.45962372050823,1.697969559155943e-05,1.9726315260394751,0.7578288306871355,1.9819052509022992,0.2541407476583693,0.13780643120720798,0.4686829130872717,wag22_p.Phe553Leu
bl_prevtb,-0.012049425270293339,0.024521466984163246,0.006488509780021952,0.031226260423519264,0.1767095368776662,0.2734254620119665,-0.0681877474368291,629.0239004195925,0.21471650298240783,303.91673299117065,204.91216905193542,0.9457026703750817,1.9716085173317588,-0.3604514532720505,0.33635260273146383,1.0121223120487057,0.7143711721758346,1.4339766418999274,wag22_p.Phe553Leu
diabetes,0.3688018464236761,0.09576963425789017,0.031205854449878476,0.12801568385609793,0.35779279458381763,0.33670432019584645,1.0307693503237372,457.05800925206813,0.25189139820129736,289.5294795379622,177.2488415950743,0.3040534494014067,1.9734381307118871,-0.33728009730199515,1.0748837901493473,0.6915624324434011,0.34133741976682147,1.4011314619233586,wag22_p.Phe553Leu
fstrom1_baseline,0.30968195748855537,0.02633095367636778,0.006782211597374044,0.03333923899365429,0.1825903584356367,0.2661614692511688,1.696047700118397,656.2749295587425,0.2102113164196835,305.6603091478822,208.5350341512012,0.09136914026580228,1.9714050600292239,-0.050277599044008525,0.6696415140211193,0.733680260634652,0.5118920510212781,1.0515629687372416,wag22_p.Phe553Leu
peth_value_baseline,-0.0003400149074861506,4.196928709446426e-08,7.187293940023939e-09,4.9396157499155664e-08,0.00022225246342651788,0.17695965118433013,-1.5298588921988163,1282.8404332437478,0.15035320115372036,328.82631595145176,261.7363011477102,0.1272593221411559,1.9690689209440482,-0.0007776453258225608,9.761551085025951e-05,1.0003400727191067,0.9999023892533887,1.000777947770342,wag22_p.Phe553Leu
screen_sex,0.06622542133368989,0.023064419315568734,0.0067484129261026725,0.030037779339208162,0.1733141060018144,0.30234275262817195,0.3821121249818903,538.083243228751,0.2321529812470903,297.1685490178672,191.44097399781842,0.7028020344555613,1.9724330217837307,-0.27562504448521474,0.40807588715259446,0.9359198642065357,0.6649284173834642,1.3173538223306558,wag22_p.Phe553Leu
screen_years,-0.023104858876825996,3.839054086212886e-05,1.4272445107495935e-05,5.313873413987466e-05,0.007289631961894555,0.38416216459962566,-3.1695508082716852,376.48074218085526,0.2775412985737448,279.6025754933091,160.44453852380704,0.0018287773325699134,1.9748598648399387,-0.037500860467825976,-0.008708857285826018,1.0233738437530489,1.0087468897095828,1.0382128904302295,wag22_p.Phe553Leu
smoked_substance_use,-0.11328273525444746,0.02437710448987751,0.008387791640524797,0.03304448918508647,0.18178143245416037,0.35555431527185904,-0.623181002179713,421.52170068187496,0.26229440699360823,285.5033559056115,170.21442028175778,0.53399968911086,1.9739988811245965,-0.47211907952818644,0.24555360901929155,1.1199485371235076,0.7822713458707228,1.6033883030816858,wag22_p.Phe553Leu
