Chromosome	45	G,A
Chromosome	1131	C,A
Chromosome	1534	T,C
Chromosome	1849	C,T
Chromosome	1928	G,A
Chromosome	1960	G,C
Chromosome	3186	A,G
Chromosome	3192	A,G
Chromosome	3943	G,A
Chromosome	4206	C,T
Chromosome	4384	C,A
Chromosome	4661	G,A
Chromosome	5516	A,G
Chromosome	5520	C,T
Chromosome	5752	G,A
Chromosome	6109	G,A
Chromosome	6124	C,T
Chromosome	6307	T,G
Chromosome	6717	T,C
Chromosome	7042	C,T
Chromosome	7222	C,T
Chromosome	7539	A,G
Chromosome	8040	G,A
Chromosome	8049	T,G
Chromosome	8188	T,C
Chromosome	8624	G,T
Chromosome	8688	G,T
Chromosome	8876	C,T
Chromosome	8978	C,T
Chromosome	9260	G,C
Chromosome	9566	C,T
Chromosome	9783	G,T
Chromosome	9841	C,T
Chromosome	9944	A,C
Chromosome	10223	C,G
Chromosome	10360	T,C
Chromosome	10596	G,A
Chromosome	10727	A,G
Chromosome	10972	C,T
Chromosome	10986	G,A
Chromosome	11370	C,T
Chromosome	11410	G,A
Chromosome	11637	C,T
Chromosome	11642	G,A
Chromosome	11846	C,G
Chromosome	11924	G,A
Chromosome	11979	C,A
Chromosome	12204	G,A
Chromosome	12234	C,G
Chromosome	12555	C,T
Chromosome	12820	C,T
Chromosome	13175	A,G
Chromosome	13277	A,G
Chromosome	13315	A,G
Chromosome	13445	C,T
Chromosome	13529	G,A
Chromosome	13563	T,C
Chromosome	13699	T,C
Chromosome	13965	C,G
Chromosome	14192	C,T
Chromosome	14251	G,A
Chromosome	14806	T,C
Chromosome	15036	C,G
Chromosome	15087	C,G
Chromosome	15088	C,T
Chromosome	15177	C,G
Chromosome	15735	C,T
Chromosome	15739	A,G
Chromosome	15787	C,G
Chromosome	15890	G,A
Chromosome	15900	G,A
Chromosome	16727	G,A
Chromosome	17294	C,T
Chromosome	17665	G,A
Chromosome	17842	G,C
Chromosome	18091	G,A
Chromosome	19077	C,T
Chromosome	19154	T,C
Chromosome	19376	C,T
Chromosome	19436	C,A
Chromosome	19628	C,T
Chromosome	19773	G,A
Chromosome	19964	A,C
Chromosome	20407	G,A
Chromosome	22303	C,G
Chromosome	22334	C,T
Chromosome	22568	G,A
Chromosome	22807	G,T
Chromosome	22961	T,G
Chromosome	23051	G,A
Chromosome	23098	G,A
Chromosome	23242	C,T
Chromosome	23297	G,T
Chromosome	23545	C,T
Chromosome	23714	C,T
Chromosome	23854	A,G
Chromosome	24294	C,T
Chromosome	24301	A,G
Chromosome	24421	G,A
Chromosome	24663	C,G
Chromosome	25139	A,G
Chromosome	25182	T,C
Chromosome	25223	C,G
Chromosome	25286	T,C
Chromosome	25295	C,T
Chromosome	25306	C,G
Chromosome	25386	C,T
Chromosome	26300	T,C
Chromosome	26341	G,A
Chromosome	26347	C,G
Chromosome	26503	G,A
Chromosome	26593	C,T
Chromosome	27199	G,A
Chromosome	27439	C,T
Chromosome	27535	A,G
Chromosome	27714	C,T
Chromosome	27921	G,A
Chromosome	27947	C,T
Chromosome	28139	G,A
Chromosome	28382	G,A
Chromosome	28439	T,C
Chromosome	28536	C,T
Chromosome	28552	C,G
Chromosome	28616	G,C
Chromosome	29641	G,A
Chromosome	29999	A,C
Chromosome	30278	C,T
Chromosome	30475	G,A
Chromosome	30579	G,A
Chromosome	31258	G,T
Chromosome	32047	C,T
Chromosome	32581	C,T
Chromosome	32597	C,T
Chromosome	32767	T,C
Chromosome	32773	G,A
Chromosome	32804	G,A
Chromosome	33817	C,G
Chromosome	33929	C,T
Chromosome	33938	G,A
Chromosome	33962	C,A
Chromosome	34063	C,T
Chromosome	34064	G,A
Chromosome	34140	C,T
Chromosome	34218	A,G
Chromosome	34226	A,G
Chromosome	34514	C,T
Chromosome	35212	C,A
Chromosome	35342	C,T
Chromosome	35623	G,T
Chromosome	35978	G,A
Chromosome	36008	G,C
Chromosome	36577	C,T
Chromosome	37864	C,T
Chromosome	37929	G,C
Chromosome	38199	C,T
Chromosome	38712	C,T
Chromosome	39093	G,A
Chromosome	39158	C,G
Chromosome	39688	G,T
Chromosome	39699	T,G
Chromosome	40162	C,T
Chromosome	40177	C,T
Chromosome	41003	G,A
Chromosome	41151	C,A
Chromosome	41241	G,A
Chromosome	41257	A,G
Chromosome	41465	G,A
Chromosome	42227	G,A
Chromosome	42246	G,T
Chromosome	42367	G,T
Chromosome	42519	C,G
Chromosome	42756	C,T
Chromosome	43041	G,A
Chromosome	43191	C,A
Chromosome	43337	A,C
Chromosome	43722	C,T
Chromosome	44625	A,T
Chromosome	44812	G,T
Chromosome	44823	A,C
Chromosome	44996	G,A
Chromosome	45544	C,T
Chromosome	45701	C,A
Chromosome	45829	A,G
Chromosome	46735	G,A
Chromosome	46892	C,T
Chromosome	47099	A,T
Chromosome	47371	G,C
Chromosome	47699	G,A
Chromosome	47881	A,T
Chromosome	47950	C,T
Chromosome	47976	C,T
Chromosome	47978	C,T
Chromosome	48347	G,A
Chromosome	48410	G,A
Chromosome	48520	C,T
Chromosome	49079	C,G
Chromosome	49139	A,C
Chromosome	49405	G,T
Chromosome	50059	T,A
Chromosome	50766	A,G
Chromosome	51247	T,C
Chromosome	51459	T,C
Chromosome	51587	C,T
Chromosome	51768	G,A
Chromosome	51892	T,C
Chromosome	51954	T,A
Chromosome	52028	C,T
Chromosome	52199	G,C
Chromosome	53422	G,A
Chromosome	53688	C,T
Chromosome	53694	C,T
Chromosome	53899	G,A
Chromosome	54304	C,T
Chromosome	54631	T,C
Chromosome	54842	G,T
Chromosome	55069	G,C
Chromosome	55418	A,G
Chromosome	55813	G,A
Chromosome	56531	T,C
Chromosome	56604	C,A
Chromosome	56738	C,T
Chromosome	57162	C,T
Chromosome	57298	C,G
Chromosome	57393	A,T
Chromosome	57504	A,G
Chromosome	57731	C,T
Chromosome	57947	T,G
Chromosome	58026	C,T
Chromosome	58314	C,A
Chromosome	58479	C,A
Chromosome	58648	C,T
Chromosome	58786	G,C
Chromosome	59181	C,T
Chromosome	59257	G,A
Chromosome	60059	C,T
Chromosome	60249	C,T
Chromosome	60296	A,G
Chromosome	60297	T,C
Chromosome	60300	G,A
Chromosome	61799	C,T
Chromosome	61842	T,C
Chromosome	62049	A,G
Chromosome	62126	G,A
Chromosome	62657	G,A
Chromosome	62768	A,G
Chromosome	63039	C,T
Chromosome	63078	T,A
Chromosome	63146	G,T
Chromosome	63148	G,T
Chromosome	63850	T,C
Chromosome	64444	T,A
Chromosome	65159	G,A
Chromosome	65236	T,C
Chromosome	65246	C,T
Chromosome	65367	C,A
Chromosome	65432	C,A
Chromosome	65632	T,C
Chromosome	65663	C,G
Chromosome	65778	T,G
Chromosome	66892	C,G
Chromosome	67038	A,T
Chromosome	67076	C,T
Chromosome	67385	G,A
Chromosome	67406	C,G
Chromosome	67813	G,A
Chromosome	67969	C,T
Chromosome	68129	C,T
Chromosome	68174	T,C
Chromosome	68688	C,T
Chromosome	68894	T,C
Chromosome	69025	G,C
Chromosome	69072	C,T
Chromosome	69166	T,G
Chromosome	69342	G,A
Chromosome	69603	C,A
Chromosome	69873	C,A
Chromosome	69984	C,A
Chromosome	70924	C,T
Chromosome	71499	G,T
Chromosome	71636	C,T
Chromosome	71914	T,C
Chromosome	72063	A,G
Chromosome	72268	C,G
Chromosome	72446	G,A
Chromosome	72545	T,G
Chromosome	73148	G,A
Chromosome	73456	G,A
Chromosome	74092	C,T
Chromosome	74628	A,G
Chromosome	74716	G,C
Chromosome	74737	T,G
Chromosome	74805	G,C
Chromosome	74956	T,C
Chromosome	74971	T,G
Chromosome	75191	G,A
Chromosome	75313	A,C
Chromosome	75319	G,A
Chromosome	75940	G,C
Chromosome	76019	C,T
Chromosome	76536	C,T
Chromosome	77327	A,C
Chromosome	77469	C,T
Chromosome	77870	C,A
Chromosome	77938	A,G
Chromosome	78139	G,C
Chromosome	78871	G,T
Chromosome	78929	G,C
Chromosome	79726	C,T
Chromosome	80133	C,T
Chromosome	80705	G,A
Chromosome	81160	G,T
Chromosome	81241	G,A
Chromosome	81685	C,T
Chromosome	81894	G,A
Chromosome	82085	T,A
Chromosome	82317	G,T
Chromosome	83343	C,T
Chromosome	83507	A,T
Chromosome	83842	G,A
Chromosome	84263	C,A
Chromosome	84972	A,G
Chromosome	85596	G,C
Chromosome	86023	C,G
Chromosome	86587	C,A
Chromosome	86773	C,A
Chromosome	87257	C,A
Chromosome	87468	C,T
Chromosome	87499	G,A
Chromosome	87847	C,G
Chromosome	88402	G,T
Chromosome	88700	C,T
Chromosome	88764	C,T
Chromosome	89113	T,G
Chromosome	89179	T,C
Chromosome	89209	G,A
Chromosome	89410	A,G
Chromosome	89474	G,A
Chromosome	90229	C,T
Chromosome	90370	C,T
Chromosome	90480	G,T
Chromosome	90613	A,G
Chromosome	90749	C,G
Chromosome	91658	T,G
Chromosome	92016	T,G
Chromosome	93044	G,A
Chromosome	93123	G,C
Chromosome	93658	G,A
Chromosome	93707	T,C
Chromosome	93947	A,C
Chromosome	94019	G,C
Chromosome	94691	A,G
Chromosome	94718	G,A
Chromosome	94915	C,T
Chromosome	95591	G,T
Chromosome	95867	G,T
Chromosome	96078	T,G
Chromosome	97388	G,T
Chromosome	97414	G,A
Chromosome	97898	C,T
Chromosome	98039	C,G
Chromosome	98762	T,G
Chromosome	98966	G,C
Chromosome	99005	C,T
Chromosome	99604	C,G
Chromosome	100122	A,G
Chromosome	100465	C,G
Chromosome	100895	G,T
Chromosome	101351	G,A
Chromosome	101691	C,A
Chromosome	101706	C,T
Chromosome	101819	G,A
Chromosome	102253	A,C
Chromosome	102348	T,C
Chromosome	102567	T,C
Chromosome	103181	A,G
Chromosome	103676	G,A
Chromosome	103721	T,C
Chromosome	105799	C,T
Chromosome	106126	T,C
Chromosome	106217	G,A
Chromosome	107740	C,T
Chromosome	107794	C,T
Chromosome	107805	G,A
Chromosome	108031	T,C
Chromosome	108184	C,T
Chromosome	108257	T,G
Chromosome	110567	C,T
Chromosome	111135	C,T
Chromosome	111234	G,A
Chromosome	111651	G,A
Chromosome	111851	G,A
Chromosome	111963	C,A
Chromosome	112336	G,A
Chromosome	112397	C,T
Chromosome	112434	G,A
Chromosome	112490	C,T
Chromosome	112958	G,A
Chromosome	113641	C,T
Chromosome	113838	C,T
Chromosome	113872	C,T
Chromosome	114093	C,A
Chromosome	114373	A,G
Chromosome	114626	C,A
Chromosome	115331	T,C
Chromosome	115499	T,G
Chromosome	116348	G,C
Chromosome	116443	A,T
Chromosome	116901	T,G
Chromosome	117295	G,A
Chromosome	117392	G,C
Chromosome	117403	C,T
Chromosome	117566	T,G
Chromosome	117726	G,A
Chromosome	118468	C,T
Chromosome	118469	G,A
Chromosome	119600	C,G
Chromosome	119647	A,G
Chromosome	119987	A,G
Chromosome	121463	C,T
Chromosome	121831	G,A
Chromosome	122215	A,G
Chromosome	122499	C,T
Chromosome	122668	G,A
Chromosome	122794	T,G
Chromosome	123065	G,A
Chromosome	123454	C,T
Chromosome	123511	C,T
Chromosome	123520	T,C
Chromosome	123707	G,A
Chromosome	125622	C,T
Chromosome	126853	G,A
Chromosome	127508	C,T
Chromosome	128264	A,G
Chromosome	129295	C,A
Chromosome	129566	C,T
Chromosome	129576	A,C
Chromosome	129758	G,A
Chromosome	129852	C,T
Chromosome	130355	C,A
Chromosome	130358	C,T
Chromosome	130449	C,A
Chromosome	130451	C,T
Chromosome	131005	T,G
Chromosome	131183	A,C
Chromosome	131203	G,C
Chromosome	131232	G,T
Chromosome	131262	G,T
Chromosome	131287	C,G
Chromosome	131398	C,T
Chromosome	131452	C,T
Chromosome	132646	G,T
Chromosome	132713	C,T
Chromosome	132954	C,G
Chromosome	133279	A,G
Chromosome	134002	T,G
Chromosome	134014	C,T
Chromosome	135398	G,A
Chromosome	135569	C,G
Chromosome	135645	C,T
Chromosome	135695	C,A
Chromosome	136351	G,A
Chromosome	136732	C,T
Chromosome	137153	A,C
Chromosome	137163	A,T
Chromosome	137233	C,T
Chromosome	137660	C,T
Chromosome	138083	T,C
Chromosome	138535	C,G
Chromosome	138788	C,T
Chromosome	139019	C,A
Chromosome	139352	C,G
Chromosome	139417	G,C
Chromosome	139850	T,A
Chromosome	139954	A,C
Chromosome	140215	C,T
Chromosome	140644	C,T
Chromosome	140784	T,C
Chromosome	140875	C,T
Chromosome	141261	C,T
Chromosome	141291	C,A
Chromosome	141343	C,A
Chromosome	141516	C,T
Chromosome	142317	C,T
Chromosome	142705	C,T
Chromosome	142799	G,A
Chromosome	143535	C,T
Chromosome	143881	T,C
Chromosome	144201	G,T
Chromosome	144390	G,A
Chromosome	144478	A,C
Chromosome	144564	C,T
Chromosome	144791	A,G
Chromosome	145695	G,T
Chromosome	146788	G,A
Chromosome	146872	C,T
Chromosome	146893	C,T
Chromosome	147262	G,T
Chromosome	147655	G,C
Chromosome	147970	C,T
Chromosome	147985	C,T
Chromosome	149323	C,T
Chromosome	151029	G,A
Chromosome	151092	G,A
Chromosome	152092	C,T
Chromosome	152260	C,T
Chromosome	153263	A,G
Chromosome	154051	A,G
Chromosome	154276	T,G
Chromosome	154671	G,A
Chromosome	154687	G,A
Chromosome	154990	G,T
Chromosome	155183	C,A
Chromosome	155293	G,A
Chromosome	155478	C,A
Chromosome	155555	C,T
Chromosome	156249	G,C
Chromosome	156317	G,A
Chromosome	157129	C,T
Chromosome	157922	A,G
Chromosome	157936	G,C
Chromosome	158490	G,A
Chromosome	158688	A,G
Chromosome	159817	G,A
Chromosome	159941	C,T
Chromosome	160246	C,T
Chromosome	160776	C,T
Chromosome	160910	C,T
Chromosome	160976	C,G
Chromosome	161514	C,T
Chromosome	162226	G,A
Chromosome	162581	G,A
Chromosome	162948	G,A
Chromosome	163333	G,A
Chromosome	163467	A,G
Chromosome	163669	G,C
Chromosome	163670	A,G
Chromosome	163814	T,C
Chromosome	163940	A,G
Chromosome	163950	C,T
Chromosome	164682	C,T
Chromosome	164846	G,A
Chromosome	164936	C,T
Chromosome	165372	A,G
Chromosome	165487	C,T
Chromosome	166163	A,G
Chromosome	166348	A,C
Chromosome	166349	A,T
Chromosome	166396	C,T
Chromosome	166889	C,T
Chromosome	167108	G,A
Chromosome	167150	T,C
Chromosome	167450	T,C
Chromosome	167986	C,T
Chromosome	168176	G,T
Chromosome	168401	A,G
Chromosome	168694	G,T
Chromosome	168749	G,A
Chromosome	168945	A,G
Chromosome	170022	A,C
Chromosome	170263	G,A
Chromosome	170272	A,C
Chromosome	170671	G,A
Chromosome	170755	G,T
Chromosome	171129	G,A
Chromosome	171178	A,G
Chromosome	172107	A,G
Chromosome	172492	C,G
Chromosome	172664	T,C
Chromosome	172901	C,A
Chromosome	173096	G,C
Chromosome	173101	C,T
Chromosome	173460	C,T
Chromosome	173566	C,T
Chromosome	173914	A,G
Chromosome	174058	A,G
Chromosome	174602	C,T
Chromosome	175088	G,A
Chromosome	175861	G,C
Chromosome	175911	C,A
Chromosome	175994	G,A
Chromosome	176378	C,G
Chromosome	176742	C,T
Chromosome	176821	C,G
Chromosome	177150	G,C
Chromosome	177596	T,C
Chromosome	177712	T,G
Chromosome	177829	G,A
Chromosome	177866	C,G
Chromosome	178205	C,G
Chromosome	178360	T,C
Chromosome	178453	C,G
Chromosome	178602	G,A
Chromosome	178847	G,A
Chromosome	180254	T,G
Chromosome	180689	C,T
Chromosome	180879	T,C
Chromosome	181325	T,C
Chromosome	181672	T,C
Chromosome	181741	T,C
Chromosome	183452	C,T
Chromosome	183575	C,T
Chromosome	183666	C,T
Chromosome	183917	C,T
Chromosome	184184	C,T
Chromosome	184254	G,C
Chromosome	184321	A,G
Chromosome	184638	G,A
Chromosome	184727	A,G
Chromosome	184866	C,T
Chromosome	186770	C,T
Chromosome	187086	C,T
Chromosome	187285	G,C
Chromosome	187567	G,A
Chromosome	187880	G,C
Chromosome	188077	G,T
Chromosome	188317	A,G
Chromosome	188325	A,G
Chromosome	188800	T,C
Chromosome	188856	C,T
Chromosome	188904	T,A
Chromosome	188970	G,T
Chromosome	189850	A,G
Chromosome	189948	C,G
Chromosome	191218	G,C
Chromosome	191398	C,G
Chromosome	191738	C,T
Chromosome	192924	C,A
Chromosome	193014	T,C
Chromosome	193735	C,G
Chromosome	195186	C,T
Chromosome	195233	A,C
Chromosome	195296	A,G
Chromosome	195315	T,C
Chromosome	195566	T,G
Chromosome	196767	C,T
Chromosome	196874	C,T
Chromosome	196973	G,C
Chromosome	197047	A,G
Chromosome	197397	G,C
Chromosome	197705	G,A
Chromosome	197718	A,C
Chromosome	198313	C,A
Chromosome	198351	C,A
Chromosome	199034	G,T
Chromosome	199359	C,A
Chromosome	199470	T,G
Chromosome	199726	G,A
Chromosome	199857	G,A
Chromosome	199950	T,C
Chromosome	200379	C,T
Chromosome	200697	T,G
Chromosome	201123	A,C
Chromosome	201321	C,T
Chromosome	201896	A,G
Chromosome	202027	T,C
Chromosome	202229	C,G
Chromosome	202675	T,C
Chromosome	202710	G,A
Chromosome	203214	T,C
Chromosome	203826	G,A
Chromosome	204108	C,T
Chromosome	204315	A,G
Chromosome	204426	T,C
Chromosome	204504	C,G
Chromosome	204609	C,T
Chromosome	204614	C,G
Chromosome	204724	G,A
Chromosome	204866	T,G
Chromosome	205243	T,G
Chromosome	205402	G,T
Chromosome	205441	G,T
Chromosome	205771	C,T
Chromosome	206128	C,G
Chromosome	206339	T,C
Chromosome	206481	C,G
Chromosome	207079	G,C
Chromosome	207160	G,A
Chromosome	207341	C,A
Chromosome	207592	G,A
Chromosome	208004	G,A
Chromosome	208710	C,A
Chromosome	208782	A,C
Chromosome	209054	G,A
Chromosome	209055	G,A
Chromosome	209387	T,G
Chromosome	209411	C,A
Chromosome	209484	G,C
Chromosome	209582	C,T
Chromosome	211126	C,A
Chromosome	211485	G,A
Chromosome	211548	C,A
Chromosome	211576	C,A
Chromosome	211685	G,T
Chromosome	211788	C,T
Chromosome	212040	C,T
Chromosome	212165	G,A
Chromosome	212244	G,A
Chromosome	212418	G,A
Chromosome	212512	C,A
Chromosome	212674	T,G
Chromosome	214036	C,T
Chromosome	214930	C,T
Chromosome	215045	C,G
Chromosome	215613	G,A
Chromosome	216469	C,T
Chromosome	216619	G,A
Chromosome	217206	A,G
Chromosome	217306	C,G
Chromosome	217779	T,G
Chromosome	217794	T,C
Chromosome	217863	C,G
Chromosome	217883	G,T
Chromosome	218204	C,T
Chromosome	219489	A,C
Chromosome	219755	G,T
Chromosome	220104	C,T
Chromosome	220295	C,T
Chromosome	220448	C,T
Chromosome	220479	G,T
Chromosome	221190	G,T
Chromosome	221561	C,A
Chromosome	221591	C,T
Chromosome	221767	T,C
Chromosome	222868	C,G
Chromosome	222965	T,C
Chromosome	223627	C,A
Chromosome	223942	T,C
Chromosome	224012	C,T
Chromosome	224414	A,G
Chromosome	224901	C,G
Chromosome	225039	G,A
Chromosome	225274	T,C
Chromosome	225495	T,C
Chromosome	225657	G,A
Chromosome	227022	A,G
Chromosome	227098	T,C
Chromosome	227367	C,G
Chromosome	227386	G,T
Chromosome	227466	G,A
Chromosome	227468	C,T
Chromosome	227697	A,G
Chromosome	227976	G,A
Chromosome	228257	T,G
Chromosome	228263	G,A
Chromosome	228731	C,T
Chromosome	229048	T,C
Chromosome	229448	G,C
Chromosome	229756	C,T
Chromosome	230101	C,T
Chromosome	230258	C,T
Chromosome	231261	G,A
Chromosome	231284	G,A
Chromosome	231411	G,C
Chromosome	231929	G,A
Chromosome	232110	C,T
Chromosome	232985	T,C
Chromosome	233314	G,A
Chromosome	233374	G,C
Chromosome	233377	C,T
Chromosome	233562	G,C
Chromosome	233751	A,G
Chromosome	233979	C,T
Chromosome	234268	G,T
Chromosome	234427	C,G
Chromosome	234695	G,T
Chromosome	234966	A,G
Chromosome	235157	C,G
Chromosome	235681	G,A
Chromosome	236104	A,C
Chromosome	236512	C,T
Chromosome	237215	G,C
Chromosome	237265	C,G
Chromosome	237762	C,T
Chromosome	238202	C,T
Chromosome	238576	C,A
Chromosome	238803	C,T
Chromosome	239733	G,T
Chromosome	239791	C,G
Chromosome	239882	C,A
Chromosome	240360	C,T
Chromosome	240754	T,G
Chromosome	240791	C,T
Chromosome	241119	C,T
Chromosome	241150	T,G
Chromosome	241758	G,A
Chromosome	241776	A,C
Chromosome	241967	A,G
Chromosome	242138	G,A
Chromosome	243118	G,A
Chromosome	243607	C,A
Chromosome	244497	T,C
Chromosome	244719	G,A
Chromosome	244911	G,C
Chromosome	246359	C,T
Chromosome	247300	G,T
Chromosome	247732	T,G
Chromosome	248946	C,T
Chromosome	249146	C,T
Chromosome	249350	G,A
Chromosome	249468	T,C
Chromosome	250368	C,T
Chromosome	250454	A,G
Chromosome	251224	G,A
Chromosome	251575	G,A
Chromosome	251795	C,T
Chromosome	252105	G,A
Chromosome	252236	T,C
Chromosome	252495	G,A
Chromosome	252900	C,T
Chromosome	253032	C,T
Chromosome	253457	C,T
Chromosome	253969	G,A
Chromosome	254160	C,A
Chromosome	254488	C,T
Chromosome	254676	C,A
Chromosome	255200	C,T
Chromosome	255225	G,A
Chromosome	255280	T,C
Chromosome	255373	T,C
Chromosome	255950	T,G
Chromosome	256640	T,G
Chromosome	256862	G,A
Chromosome	257041	C,T
Chromosome	257594	T,G
Chromosome	257982	T,G
Chromosome	258121	T,C
Chromosome	258470	A,G
Chromosome	258993	G,T
Chromosome	260307	C,T
Chromosome	260610	C,T
Chromosome	260674	A,G
Chromosome	260802	C,A
Chromosome	261628	G,C
Chromosome	261680	G,A
Chromosome	261716	G,T
Chromosome	261761	C,T
Chromosome	261869	T,C
Chromosome	262868	A,G
Chromosome	263057	T,G
Chromosome	264021	T,C
Chromosome	264298	C,A
Chromosome	264535	C,T
Chromosome	264992	T,C
Chromosome	265154	G,C
Chromosome	265244	C,T
Chromosome	265621	G,A
Chromosome	265968	C,G
Chromosome	266115	C,T
Chromosome	266859	G,A
Chromosome	267329	G,A
Chromosome	267751	G,C
Chromosome	268277	G,C
Chromosome	268953	C,T
Chromosome	270069	G,A
Chromosome	270362	C,A
Chromosome	270889	C,A
Chromosome	271188	C,A
Chromosome	271357	C,A
Chromosome	272315	T,C
Chromosome	272678	C,T
Chromosome	272740	T,C
Chromosome	272753	G,C
Chromosome	273568	G,T
Chromosome	273581	C,T
Chromosome	274210	C,T
Chromosome	274463	C,A
Chromosome	274584	A,G
Chromosome	274930	G,A
Chromosome	275327	C,T
Chromosome	276314	T,G
Chromosome	276363	C,T
Chromosome	276472	C,A
Chromosome	276539	G,C
Chromosome	277022	A,G
Chromosome	277266	T,C
Chromosome	277855	G,A
Chromosome	277862	G,T
Chromosome	277865	G,C
Chromosome	278189	T,C
Chromosome	278755	C,T
Chromosome	279595	C,T
Chromosome	279803	G,T
Chromosome	279987	C,T
Chromosome	280294	C,T
Chromosome	280519	C,T
Chromosome	281208	C,T
Chromosome	281316	C,T
Chromosome	281405	G,T
Chromosome	281526	T,C
Chromosome	281628	C,A
Chromosome	281664	A,G
Chromosome	282184	G,A
Chromosome	282188	G,A
Chromosome	282486	G,A
Chromosome	282533	A,T
Chromosome	282604	A,T
Chromosome	282892	C,T
Chromosome	283239	G,C
Chromosome	283251	T,G
Chromosome	283313	G,A
Chromosome	283436	T,G
Chromosome	283496	G,A
Chromosome	283694	T,G
Chromosome	284051	T,G
Chromosome	284623	G,A
Chromosome	285096	G,T
Chromosome	285330	G,A
Chromosome	285789	C,T
Chromosome	285970	C,T
Chromosome	286300	C,A
Chromosome	286485	C,T
Chromosome	286580	A,T
Chromosome	287510	A,C
Chromosome	287747	A,C
Chromosome	287904	T,C
Chromosome	288231	C,G
Chromosome	288715	C,T
Chromosome	288952	C,T
Chromosome	289095	A,G
Chromosome	289300	C,T
Chromosome	290374	T,C
Chromosome	290650	G,C
Chromosome	290983	G,T
Chromosome	291282	C,T
Chromosome	291977	G,A
Chromosome	292598	C,T
Chromosome	292634	A,G
Chromosome	293874	G,C
Chromosome	294052	C,A
Chromosome	294127	C,T
Chromosome	294170	G,A
Chromosome	294311	C,T
Chromosome	294374	T,G
Chromosome	294453	T,C
Chromosome	294514	T,C
Chromosome	294596	T,G
Chromosome	294775	G,A
Chromosome	294935	G,A
Chromosome	295324	T,C
Chromosome	295403	C,T
Chromosome	295719	A,G
Chromosome	295731	T,C
Chromosome	295746	C,T
Chromosome	295953	T,C
Chromosome	297396	G,A
Chromosome	298713	G,A
Chromosome	300111	C,G
Chromosome	300317	C,G
Chromosome	301341	C,A
Chromosome	302010	G,A
Chromosome	302034	G,A
Chromosome	302191	G,T
Chromosome	302241	C,T
Chromosome	302245	C,T
Chromosome	302660	T,C
Chromosome	302889	C,A
Chromosome	303111	G,A
Chromosome	303414	C,T
Chromosome	304050	T,C
Chromosome	304635	G,T
Chromosome	305346	C,T
Chromosome	305455	G,A
Chromosome	305707	C,T
Chromosome	305824	C,G
Chromosome	306113	C,T
Chromosome	306201	T,C
Chromosome	306639	T,C
Chromosome	306814	C,G
Chromosome	307190	C,T
Chromosome	307534	C,G
Chromosome	307555	C,T
Chromosome	308121	C,T
Chromosome	308257	C,T
Chromosome	308661	A,G
Chromosome	308716	C,T
Chromosome	309129	T,C
Chromosome	309847	A,G
Chromosome	310314	C,T
Chromosome	311094	A,G
Chromosome	311316	C,A
Chromosome	311380	G,C
Chromosome	311613	G,T
Chromosome	311666	G,C
Chromosome	311696	G,A
Chromosome	312539	C,G
Chromosome	312851	G,A
Chromosome	312944	C,T
Chromosome	313086	C,T
Chromosome	313152	C,A
Chromosome	313154	T,G
Chromosome	313425	G,T
Chromosome	313605	C,A
Chromosome	313869	G,A
Chromosome	313927	C,T
Chromosome	314338	A,G
Chromosome	314616	T,C
Chromosome	315610	C,A
Chromosome	315654	G,A
Chromosome	316058	T,C
Chromosome	316566	T,C
Chromosome	316886	C,T
Chromosome	317045	G,A
Chromosome	317540	G,C
Chromosome	317963	G,A
Chromosome	318068	C,T
Chromosome	320038	G,A
Chromosome	320226	G,A
Chromosome	320356	T,G
Chromosome	320588	C,G
Chromosome	321403	G,A
Chromosome	321492	G,A
Chromosome	321515	T,C
Chromosome	321558	C,T
Chromosome	322687	C,A
Chromosome	323526	A,G
Chromosome	323785	G,A
Chromosome	324662	C,T
Chromosome	324809	C,G
Chromosome	324812	C,T
Chromosome	324902	C,G
Chromosome	324907	T,C
Chromosome	325038	G,A
Chromosome	325185	G,A
Chromosome	325615	A,C
Chromosome	325703	C,T
Chromosome	326002	A,G
Chromosome	326039	C,T
Chromosome	326122	A,C
Chromosome	326857	G,T
Chromosome	327175	C,G
Chromosome	327232	A,C
Chromosome	327312	T,C
Chromosome	327469	C,T
Chromosome	328569	G,C
Chromosome	328641	G,T
Chromosome	328899	C,T
Chromosome	330257	G,T
Chromosome	330560	C,T
Chromosome	330737	G,A
Chromosome	330965	G,C
Chromosome	331042	G,A
Chromosome	331340	T,G
Chromosome	331384	G,C
Chromosome	331976	C,T
Chromosome	332006	C,T
Chromosome	332639	C,A
Chromosome	332746	G,A
Chromosome	332984	T,A
Chromosome	333375	C,T
Chromosome	334862	C,G
Chromosome	334989	C,A
Chromosome	336408	A,G
Chromosome	337784	G,A
Chromosome	339188	C,T
Chromosome	340675	C,T
Chromosome	340707	G,T
Chromosome	340712	T,C
Chromosome	341082	G,A
Chromosome	342061	G,C
Chromosome	342111	A,C
Chromosome	342146	A,C
Chromosome	342191	C,T
Chromosome	342194	C,T
Chromosome	342201	C,G
Chromosome	342340	C,T
Chromosome	342873	C,T
Chromosome	343103	C,G
Chromosome	343314	C,T
Chromosome	344288	C,G
Chromosome	344329	G,C
Chromosome	344352	T,G
Chromosome	344414	G,C
Chromosome	344952	A,G
Chromosome	345317	G,C
Chromosome	345525	C,A
Chromosome	345697	C,T
Chromosome	345719	G,C
Chromosome	346034	A,G
Chromosome	346693	G,T
Chromosome	347274	C,T
Chromosome	347456	C,A
Chromosome	347977	A,C
Chromosome	348431	T,C
Chromosome	349081	G,A
Chromosome	349200	G,A
Chromosome	351064	C,T
Chromosome	351167	G,A
Chromosome	351503	A,G
Chromosome	352646	G,A
Chromosome	352804	G,C
Chromosome	353026	A,C
Chromosome	353365	G,A
Chromosome	353766	T,C
Chromosome	353767	C,T
Chromosome	353833	G,A
Chromosome	354234	G,A
Chromosome	354364	C,T
Chromosome	355181	G,A
Chromosome	355803	G,T
Chromosome	356009	G,A
Chromosome	356645	G,A
Chromosome	357311	G,C
Chromosome	357582	G,A
Chromosome	358173	G,C
Chromosome	358926	A,C
Chromosome	360809	G,A
Chromosome	361145	T,C
Chromosome	361161	T,C
Chromosome	361596	C,T
Chromosome	363375	C,T
Chromosome	363467	G,A
Chromosome	363563	G,A
Chromosome	363645	A,G
Chromosome	363781	C,T
Chromosome	364496	C,T
Chromosome	364563	A,C
Chromosome	364869	C,A
Chromosome	365026	G,T
Chromosome	366639	G,A
Chromosome	367440	G,T
Chromosome	367527	G,A
Chromosome	367824	A,G
Chromosome	368353	C,T
Chromosome	368437	G,A
Chromosome	368948	T,C
Chromosome	369527	T,G
Chromosome	369627	C,A
Chromosome	370056	G,A
Chromosome	370229	C,T
Chromosome	370269	G,A
Chromosome	370782	G,T
Chromosome	370963	T,C
Chromosome	371502	G,A
Chromosome	372259	C,T
Chromosome	372679	G,T
Chromosome	373176	G,A
Chromosome	375095	C,G
Chromosome	375177	A,G
Chromosome	375315	T,C
Chromosome	378032	G,A
Chromosome	378159	A,G
Chromosome	378357	T,G
Chromosome	378404	G,A
Chromosome	378407	G,T
Chromosome	379417	A,G
Chromosome	379528	G,T
Chromosome	379687	C,T
Chromosome	379724	C,T
Chromosome	379953	C,T
Chromosome	380314	A,C
Chromosome	380772	G,A
Chromosome	381053	C,T
Chromosome	381278	T,C
Chromosome	382356	A,G
Chromosome	382991	A,G
Chromosome	383081	A,G
Chromosome	384380	A,C
Chromosome	385296	C,T
Chromosome	386574	C,T
Chromosome	386726	C,T
Chromosome	386956	C,T
Chromosome	387275	C,T
Chromosome	387368	G,C
Chromosome	387604	G,A
Chromosome	387911	G,A
Chromosome	388176	C,T
Chromosome	389774	G,A
Chromosome	389880	G,C
Chromosome	390576	G,C
Chromosome	390810	A,G
Chromosome	391119	A,G
Chromosome	391465	G,A
Chromosome	392168	G,T
Chromosome	392261	T,C
Chromosome	392282	A,G
Chromosome	392423	C,A
Chromosome	392506	A,G
Chromosome	392914	C,T
Chromosome	392990	G,T
Chromosome	393387	C,T
Chromosome	393748	G,A
Chromosome	393780	T,G
Chromosome	393941	C,T
Chromosome	394900	G,A
Chromosome	394922	G,T
Chromosome	395537	A,C
Chromosome	396137	C,G
Chromosome	396634	A,G
Chromosome	396750	G,A
Chromosome	397026	A,G
Chromosome	397203	A,G
Chromosome	397275	G,C
Chromosome	397680	A,C
Chromosome	398579	C,T
Chromosome	399102	G,A
Chromosome	399660	T,G
Chromosome	399862	G,T
Chromosome	402427	T,C
Chromosome	402959	C,T
Chromosome	403032	G,A
Chromosome	403155	T,C
Chromosome	403295	G,A
Chromosome	403481	C,T
Chromosome	403920	C,T
Chromosome	404496	G,A
Chromosome	404809	C,G
Chromosome	405709	C,T
Chromosome	405866	C,T
Chromosome	406274	T,C
Chromosome	406389	G,A
Chromosome	406599	G,A
Chromosome	406848	C,G
Chromosome	407167	C,T
Chromosome	407225	G,C
Chromosome	407507	T,C
Chromosome	407858	C,T
Chromosome	407877	T,C
Chromosome	408006	G,T
Chromosome	408935	C,T
Chromosome	409079	G,A
Chromosome	409296	C,T
Chromosome	412017	C,G
Chromosome	412484	C,G
Chromosome	412842	A,G
Chromosome	413066	G,A
Chromosome	413411	C,T
Chromosome	414539	A,G
Chromosome	414606	G,A
Chromosome	414876	G,C
Chromosome	415129	A,G
Chromosome	415677	A,G
Chromosome	415693	G,A
Chromosome	415993	T,G
Chromosome	416008	G,A
Chromosome	417288	C,T
Chromosome	417606	G,T
Chromosome	418195	G,A
Chromosome	418942	G,A
Chromosome	418998	G,A
Chromosome	419281	T,G
Chromosome	419526	C,A
Chromosome	419744	A,C
Chromosome	420008	A,G
Chromosome	420243	G,A
Chromosome	420405	C,T
Chromosome	421187	C,T
Chromosome	422182	G,A
Chromosome	422379	C,T
Chromosome	422879	G,A
Chromosome	423289	A,G
Chromosome	423334	G,A
Chromosome	423516	C,T
Chromosome	423722	C,T
Chromosome	424250	A,G
Chromosome	424506	G,T
Chromosome	424623	G,A
Chromosome	424890	C,G
Chromosome	425600	A,C
Chromosome	426181	G,T
Chromosome	426272	T,G
Chromosome	426422	C,T
Chromosome	428384	C,T
Chromosome	429247	C,T
Chromosome	429981	T,C
Chromosome	430580	G,A
Chromosome	430896	C,A
Chromosome	431101	C,T
Chromosome	431219	C,G
Chromosome	431871	C,T
Chromosome	432339	C,T
Chromosome	433440	A,C
Chromosome	433515	G,A
Chromosome	433539	T,C
Chromosome	434285	G,A
Chromosome	434327	A,G
Chromosome	435190	C,T
Chromosome	435708	G,A
Chromosome	436203	C,G
Chromosome	437247	A,G
Chromosome	438158	T,G
Chromosome	438444	T,C
Chromosome	438470	C,T
Chromosome	439711	T,C
Chromosome	439975	G,A
Chromosome	440018	C,T
Chromosome	440365	G,A
Chromosome	440510	G,T
Chromosome	440878	C,T
Chromosome	441891	T,C
Chromosome	442072	C,A
Chromosome	442244	T,C
Chromosome	442278	C,G
Chromosome	442283	G,A
Chromosome	442468	G,A
Chromosome	442473	G,A
Chromosome	442613	C,T
Chromosome	442971	A,C
Chromosome	442986	C,T
Chromosome	443264	C,T
Chromosome	443277	A,C
Chromosome	443559	C,A
Chromosome	443897	G,A
Chromosome	444355	T,C
Chromosome	444856	C,T
Chromosome	445400	C,T
Chromosome	445696	G,T
Chromosome	445768	G,A
Chromosome	445780	C,T
Chromosome	446165	G,C
Chromosome	446427	G,A
Chromosome	447411	G,T
Chromosome	447525	G,C
Chromosome	447642	G,C
Chromosome	449194	G,A
Chromosome	449625	C,T
Chromosome	449704	C,T
Chromosome	449936	C,G
Chromosome	449967	C,T
Chromosome	450595	C,A
Chromosome	451029	C,A
Chromosome	451439	A,G
Chromosome	452063	T,G
Chromosome	452288	C,T
Chromosome	452375	G,A
Chromosome	452730	T,C
Chromosome	452754	G,T
Chromosome	453299	A,G
Chromosome	453561	T,C
Chromosome	453646	C,T
Chromosome	454165	C,T
Chromosome	454418	T,G
Chromosome	454782	T,G
Chromosome	454924	C,A
Chromosome	455255	G,A
Chromosome	455557	G,A
Chromosome	455759	T,G
Chromosome	456186	G,A
Chromosome	456189	C,A
Chromosome	456281	C,T
Chromosome	456487	C,A
Chromosome	456511	G,A
Chromosome	456731	C,T
Chromosome	457032	T,C
Chromosome	457392	G,A
Chromosome	457731	G,A
Chromosome	458048	A,C
Chromosome	458116	C,T
Chromosome	458833	G,A
Chromosome	458948	A,T
Chromosome	459239	C,A
Chromosome	459600	C,A
Chromosome	461439	G,A
Chromosome	462052	C,T
Chromosome	463503	G,A
Chromosome	463750	C,T
Chromosome	464480	G,A
Chromosome	464679	G,T
Chromosome	465562	C,T
Chromosome	465697	G,C
Chromosome	465837	G,A
Chromosome	466096	C,T
Chromosome	466947	C,G
Chromosome	468221	G,A
Chromosome	469042	C,T
Chromosome	471576	T,C
Chromosome	472080	C,A
Chromosome	472124	C,T
Chromosome	472224	T,A
Chromosome	472597	G,A
Chromosome	472994	T,C
Chromosome	473352	A,G
Chromosome	473589	C,T
Chromosome	473737	C,G
Chromosome	473760	C,T
Chromosome	475651	C,T
Chromosome	475994	G,A
Chromosome	476396	G,C
Chromosome	477214	G,T
Chromosome	477331	C,T
Chromosome	477648	C,A
Chromosome	477737	C,T
Chromosome	478571	G,A
Chromosome	479350	T,C
Chromosome	479632	G,T
Chromosome	479779	G,A
Chromosome	480416	T,C
Chromosome	480532	G,A
Chromosome	480890	C,G
Chromosome	481140	A,G
Chromosome	481247	G,T
Chromosome	481569	G,A
Chromosome	481880	A,G
Chromosome	482049	C,A
Chromosome	482106	G,A
Chromosome	482570	A,C
Chromosome	482789	C,A
Chromosome	483005	G,A
Chromosome	483489	G,A
Chromosome	483874	C,T
Chromosome	484039	G,T
Chromosome	484596	C,T
Chromosome	484659	G,T
Chromosome	484874	G,T
Chromosome	485424	C,A
Chromosome	485434	G,A
Chromosome	485631	C,T
Chromosome	485633	C,G
Chromosome	485893	G,T
Chromosome	486141	T,C
Chromosome	486511	T,C
Chromosome	487246	G,C
Chromosome	487388	C,A
Chromosome	487463	A,G
Chromosome	487475	C,A
Chromosome	488359	C,T
Chromosome	488445	G,A
Chromosome	488689	C,T
Chromosome	488796	G,A
Chromosome	489073	C,G
Chromosome	489240	A,G
Chromosome	489503	G,C
Chromosome	489514	G,A
Chromosome	489928	C,T
Chromosome	490376	C,T
Chromosome	490398	G,A
Chromosome	490972	C,A
Chromosome	491522	G,T
Chromosome	491668	A,G
Chromosome	491742	T,C
Chromosome	491749	C,T
Chromosome	492150	G,C
Chromosome	492655	G,A
Chromosome	492739	C,T
Chromosome	492769	G,T
Chromosome	492915	A,G
Chromosome	493324	C,G
Chromosome	494270	C,T
Chromosome	494360	C,T
Chromosome	494702	G,A
Chromosome	494915	C,A
Chromosome	495104	C,T
Chromosome	495108	G,T
Chromosome	495198	A,G
Chromosome	495322	C,T
Chromosome	495423	G,A
Chromosome	495473	C,T
Chromosome	496284	G,T
Chromosome	496592	T,C
Chromosome	496840	G,A
Chromosome	497126	G,A
Chromosome	497393	G,A
Chromosome	497491	G,A
Chromosome	498010	T,C
Chromosome	498531	A,G
Chromosome	498771	G,A
Chromosome	498932	G,T
Chromosome	499196	C,T
Chromosome	499535	T,C
Chromosome	500223	G,T
Chromosome	500710	G,A
Chromosome	500807	G,A
Chromosome	501407	A,G
Chromosome	501517	G,A
Chromosome	501620	C,T
Chromosome	501694	C,T
Chromosome	502347	G,C
Chromosome	502881	G,A
Chromosome	503534	C,T
Chromosome	503710	A,G
Chromosome	503934	G,T
Chromosome	504324	G,C
Chromosome	505302	G,A
Chromosome	505314	T,G
Chromosome	505681	C,T
Chromosome	506386	T,C
Chromosome	506553	G,T
Chromosome	506693	G,C
Chromosome	507669	G,A
Chromosome	507989	C,T
Chromosome	508435	C,T
Chromosome	508454	C,T
Chromosome	508723	G,A
Chromosome	510015	G,A
Chromosome	510675	G,T
Chromosome	510801	C,T
Chromosome	511040	T,C
Chromosome	511350	G,A
Chromosome	511781	T,C
Chromosome	511891	T,C
Chromosome	512355	C,T
Chromosome	512610	C,T
Chromosome	514098	C,T
Chromosome	514115	T,C
Chromosome	514245	C,T
Chromosome	515110	T,G
Chromosome	515123	A,C
Chromosome	515125	T,G
Chromosome	515527	G,A
Chromosome	515676	G,A
Chromosome	516532	C,T
Chromosome	516640	A,T
Chromosome	516641	C,T
Chromosome	517025	C,A
Chromosome	517358	T,C
Chromosome	517389	C,A
Chromosome	517458	C,T
Chromosome	519806	G,A
Chromosome	519844	C,T
Chromosome	519872	C,T
Chromosome	521539	T,G
Chromosome	521870	G,T
Chromosome	522053	C,A
Chromosome	522299	C,T
Chromosome	522303	A,G
Chromosome	523654	C,T
Chromosome	524095	A,G
Chromosome	524758	C,T
Chromosome	524802	G,A
Chromosome	525205	G,A
Chromosome	525540	T,G
Chromosome	526255	G,A
Chromosome	526406	G,A
Chromosome	526533	T,G
Chromosome	527270	G,T
Chromosome	527895	T,C
Chromosome	528477	G,T
Chromosome	528669	C,G
Chromosome	528781	G,A
Chromosome	528935	G,A
Chromosome	529363	C,T
Chromosome	529600	C,T
Chromosome	530485	T,C
Chromosome	530810	G,T
Chromosome	531352	C,G
Chromosome	531395	A,G
Chromosome	531775	C,G
Chromosome	531837	C,T
Chromosome	532127	C,G
Chromosome	532420	C,G
Chromosome	532557	C,T
Chromosome	533092	C,G
Chromosome	533239	C,T
Chromosome	533328	C,A
Chromosome	534342	C,A
Chromosome	534691	C,T
Chromosome	534864	G,T
Chromosome	535695	C,T
Chromosome	536722	C,T
Chromosome	537051	T,C
Chromosome	538706	C,G
Chromosome	539019	G,A
Chromosome	539488	G,A
Chromosome	540126	C,T
Chromosome	540349	C,T
Chromosome	540424	G,T
Chromosome	540940	T,C
Chromosome	541048	T,G
Chromosome	541201	A,G
Chromosome	541869	C,T
Chromosome	542980	A,C
Chromosome	543266	C,T
Chromosome	544584	C,T
Chromosome	544683	A,G
Chromosome	545117	C,A
Chromosome	545403	C,T
Chromosome	545800	G,C
Chromosome	545911	A,G
Chromosome	545960	C,T
Chromosome	546019	C,T
Chromosome	546357	A,G
Chromosome	546602	A,C
Chromosome	546878	G,A
Chromosome	546914	G,A
Chromosome	547585	G,A
Chromosome	548326	T,C
Chromosome	549671	T,C
Chromosome	549784	T,C
Chromosome	550559	C,T
Chromosome	550573	A,C
Chromosome	550657	C,A
Chromosome	550693	T,C
Chromosome	550941	A,G
Chromosome	550976	T,G
Chromosome	551249	G,C
Chromosome	551419	C,G
Chromosome	551637	A,G
Chromosome	551999	C,T
Chromosome	552086	G,A
Chromosome	552361	G,A
Chromosome	552367	C,T
Chromosome	553220	C,T
Chromosome	553613	G,T
Chromosome	553868	C,T
Chromosome	554093	C,G
Chromosome	554366	C,T
Chromosome	554742	G,A
Chromosome	555366	C,T
Chromosome	555492	G,A
Chromosome	555621	T,G
Chromosome	555945	T,C
Chromosome	555991	A,G
Chromosome	556089	A,G
Chromosome	556222	C,T
Chromosome	556313	G,C
Chromosome	556961	G,T
Chromosome	558289	C,A
Chromosome	558720	C,T
Chromosome	559153	C,T
Chromosome	559234	G,A
Chromosome	559350	G,A
Chromosome	559469	T,C
Chromosome	559970	C,T
Chromosome	560231	T,C
Chromosome	560504	C,T
Chromosome	560615	A,C
Chromosome	560666	A,G
Chromosome	561021	G,A
Chromosome	561984	C,T
Chromosome	562002	T,C
Chromosome	562059	C,T
Chromosome	562311	C,T
Chromosome	562497	C,T
Chromosome	562943	C,T
Chromosome	563420	T,C
Chromosome	563965	C,T
Chromosome	564723	C,T
Chromosome	564734	G,A
Chromosome	565415	C,T
Chromosome	565451	C,T
Chromosome	565745	C,T
Chromosome	567065	C,G
Chromosome	567446	G,A
Chromosome	567915	G,A
Chromosome	568389	C,A
Chromosome	568708	G,A
Chromosome	569045	C,T
Chromosome	569088	G,A
Chromosome	570032	T,A
Chromosome	570311	G,C
Chromosome	570641	C,A
Chromosome	571943	G,A
Chromosome	572826	C,A
Chromosome	572945	G,A
Chromosome	573190	G,A
Chromosome	573264	C,T
Chromosome	574139	C,T
Chromosome	574900	G,C
Chromosome	575368	T,C
Chromosome	575679	A,G
Chromosome	576077	C,T
Chromosome	577289	C,T
Chromosome	577535	G,C
Chromosome	577798	C,T
Chromosome	578032	C,T
Chromosome	578399	G,A
Chromosome	578707	C,T
Chromosome	579674	T,C
Chromosome	580008	A,G
Chromosome	580063	T,G
Chromosome	580336	C,A
Chromosome	580638	G,A
Chromosome	580860	G,A
Chromosome	581672	G,T
Chromosome	581821	G,A
Chromosome	582221	T,C
Chromosome	582730	T,C
Chromosome	583818	C,T
Chromosome	583979	G,T
Chromosome	584104	T,G
Chromosome	584171	T,C
Chromosome	585891	C,G
Chromosome	586030	C,A
Chromosome	586111	G,A
Chromosome	586206	G,C
Chromosome	586597	C,T
Chromosome	586644	C,T
Chromosome	587203	A,G
Chromosome	587305	C,T
Chromosome	587534	A,C
Chromosome	587601	G,A
Chromosome	587974	G,A
Chromosome	588160	G,T
Chromosome	589404	C,A
Chromosome	589461	T,C
Chromosome	590250	G,T
Chromosome	590595	G,A
Chromosome	590905	G,A
Chromosome	590986	C,T
Chromosome	591412	G,A
Chromosome	591505	C,A
Chromosome	591965	G,A
Chromosome	592013	C,T
Chromosome	592059	C,A
Chromosome	592130	C,T
Chromosome	592494	G,A
Chromosome	592584	A,G
Chromosome	594027	C,T
Chromosome	594057	G,A
Chromosome	594351	T,C
Chromosome	595051	G,T
Chromosome	595131	C,T
Chromosome	595232	C,T
Chromosome	595321	T,G
Chromosome	595501	G,A
Chromosome	595914	C,T
Chromosome	596475	C,T
Chromosome	597689	A,T
Chromosome	597749	C,T
Chromosome	598910	G,T
Chromosome	598972	A,G
Chromosome	599165	A,C
Chromosome	599577	C,T
Chromosome	599868	A,G
Chromosome	601402	C,T
Chromosome	602567	G,T
Chromosome	602831	C,T
Chromosome	602982	C,T
Chromosome	604599	C,T
Chromosome	604674	G,A
Chromosome	604716	T,C
Chromosome	605338	A,G
Chromosome	606376	G,A
Chromosome	608179	C,T
Chromosome	609003	C,G
Chromosome	609254	C,T
Chromosome	609511	G,A
Chromosome	609514	G,A
Chromosome	610120	T,G
Chromosome	610787	G,A
Chromosome	611424	C,T
Chromosome	611463	G,A
Chromosome	611543	A,C
Chromosome	611733	G,C
Chromosome	611977	C,T
Chromosome	612629	A,C
Chromosome	613149	A,C
Chromosome	613957	G,T
Chromosome	615077	G,A
Chromosome	615382	C,T
Chromosome	615938	G,A
Chromosome	616408	C,G
Chromosome	616595	G,T
Chromosome	617750	G,A
Chromosome	617988	G,T
Chromosome	619695	G,A
Chromosome	620029	C,T
Chromosome	621160	T,C
Chromosome	621390	G,A
Chromosome	622361	G,A
Chromosome	622547	C,T
Chromosome	622789	T,G
Chromosome	623021	G,T
Chromosome	623163	C,T
Chromosome	625303	A,T
Chromosome	625536	A,G
Chromosome	625912	T,C
Chromosome	626380	C,A
Chromosome	627350	C,G
Chromosome	627396	G,C
Chromosome	627485	G,A
Chromosome	628113	C,T
Chromosome	628864	T,C
Chromosome	628902	G,A
Chromosome	629680	C,G
Chromosome	629714	G,A
Chromosome	629794	C,A
Chromosome	629925	C,A
Chromosome	630300	C,A
Chromosome	631279	G,A
Chromosome	631689	A,G
Chromosome	632330	G,T
Chromosome	633147	C,T
Chromosome	633631	C,T
Chromosome	633729	T,C
Chromosome	634348	G,A
Chromosome	634575	T,C
Chromosome	634586	C,T
Chromosome	635775	C,T
Chromosome	636120	C,A
Chromosome	636624	C,T
Chromosome	636670	G,A
Chromosome	637014	T,C
Chromosome	637273	G,A
Chromosome	637585	A,C
Chromosome	637730	C,T
Chromosome	638212	G,T
Chromosome	638558	A,C
Chromosome	638899	C,A
Chromosome	639835	C,T
Chromosome	640954	A,G
Chromosome	641411	G,A
Chromosome	641791	G,T
Chromosome	642018	C,T
Chromosome	643217	G,T
Chromosome	643267	C,T
Chromosome	643449	C,T
Chromosome	643813	C,T
Chromosome	643928	A,G
Chromosome	644263	C,T
Chromosome	644597	G,A
Chromosome	645011	C,T
Chromosome	646163	C,A
Chromosome	646243	T,C
Chromosome	646294	A,C
Chromosome	646531	A,T
Chromosome	648321	C,T
Chromosome	648465	A,G
Chromosome	648647	G,T
Chromosome	648756	C,T
Chromosome	649047	A,G
Chromosome	649345	C,T
Chromosome	649515	G,T
Chromosome	649585	G,A
Chromosome	650106	G,T
Chromosome	650432	A,G
Chromosome	651474	C,T
Chromosome	651501	A,G
Chromosome	651772	C,A
Chromosome	652018	G,A
Chromosome	652950	T,C
Chromosome	653287	G,A
Chromosome	653826	G,A
Chromosome	653955	T,C
Chromosome	654376	G,A
Chromosome	654490	G,A
Chromosome	654543	C,T
Chromosome	654719	G,A
Chromosome	654996	C,T
Chromosome	655155	T,C
Chromosome	655382	T,C
Chromosome	655559	G,A
Chromosome	655707	G,A
Chromosome	655986	T,G
Chromosome	656432	C,T
Chromosome	656656	G,A
Chromosome	657142	C,T
Chromosome	657425	C,T
Chromosome	659019	C,T
Chromosome	659098	G,A
Chromosome	660153	T,G
Chromosome	660652	C,T
Chromosome	660854	G,A
Chromosome	661106	C,A
Chromosome	661438	A,C
Chromosome	661759	C,A
Chromosome	662911	T,C
Chromosome	663077	G,A
Chromosome	664045	G,T
Chromosome	664343	G,C
Chromosome	664347	C,T
Chromosome	664791	C,T
Chromosome	665220	T,C
Chromosome	665588	G,A
Chromosome	666427	A,C
Chromosome	666713	A,C
Chromosome	666745	G,A
Chromosome	667950	G,A
Chromosome	668245	C,T
Chromosome	668308	G,A
Chromosome	669225	T,C
Chromosome	669231	T,G
Chromosome	669565	T,G
Chromosome	669984	C,T
Chromosome	670804	G,A
Chromosome	670805	G,T
Chromosome	671385	C,G
Chromosome	671718	G,A
Chromosome	671794	C,T
Chromosome	673031	C,T
Chromosome	673066	C,G
Chromosome	673364	G,T
Chromosome	673652	G,A
Chromosome	674416	C,T
Chromosome	675673	C,T
Chromosome	675949	C,T
Chromosome	675976	A,G
Chromosome	676769	C,T
Chromosome	676773	A,G
Chromosome	677213	C,T
Chromosome	677616	T,G
Chromosome	678440	C,T
Chromosome	678673	C,T
Chromosome	678934	C,A
Chromosome	679048	T,C
Chromosome	679280	G,A
Chromosome	680146	C,T
Chromosome	680521	C,T
Chromosome	680728	T,C
Chromosome	681164	T,G
Chromosome	681313	C,T
Chromosome	681326	G,A
Chromosome	681775	G,A
Chromosome	682156	A,C
Chromosome	682712	G,T
Chromosome	682800	G,T
Chromosome	682964	T,C
Chromosome	684214	C,T
Chromosome	684411	T,C
Chromosome	685153	A,G
Chromosome	685578	C,A
Chromosome	685869	G,A
Chromosome	685955	G,A
Chromosome	686146	C,T
Chromosome	686655	C,T
Chromosome	687189	C,G
Chromosome	687333	G,A
Chromosome	688130	C,G
Chromosome	688260	G,A
Chromosome	688415	G,A
Chromosome	688558	T,A
Chromosome	688748	G,A
Chromosome	688749	G,A
Chromosome	689062	A,G
Chromosome	689300	G,T
Chromosome	690951	T,G
Chromosome	693521	G,T
Chromosome	693742	T,C
Chromosome	694954	C,T
Chromosome	695527	G,C
Chromosome	696118	C,T
Chromosome	696802	T,G
Chromosome	696931	T,C
Chromosome	697086	C,T
Chromosome	697606	G,A
Chromosome	698131	C,T
Chromosome	698875	C,T
Chromosome	698949	A,G
Chromosome	699431	T,G
Chromosome	700226	T,G
Chromosome	700316	C,G
Chromosome	700943	C,T
Chromosome	701159	C,G
Chromosome	701336	C,T
Chromosome	701867	C,T
Chromosome	701878	T,G
Chromosome	703156	C,T
Chromosome	703499	C,T
Chromosome	703722	C,G
Chromosome	703945	A,T
Chromosome	704034	C,G
Chromosome	704240	G,C
Chromosome	705043	A,G
Chromosome	705062	G,C
Chromosome	705570	C,T
Chromosome	705595	C,T
Chromosome	706429	C,T
Chromosome	706809	C,T
Chromosome	707272	C,T
Chromosome	707334	T,C
Chromosome	707844	A,G
Chromosome	708263	A,G
Chromosome	708688	C,T
Chromosome	708733	G,T
Chromosome	708762	G,T
Chromosome	708999	G,A
Chromosome	709150	G,A
Chromosome	709200	C,A
Chromosome	709226	G,A
Chromosome	709306	C,A
Chromosome	709493	G,T
Chromosome	709525	C,G
Chromosome	709657	T,C
Chromosome	709722	T,C
Chromosome	709952	C,G
Chromosome	710391	T,G
Chromosome	710748	G,T
Chromosome	711155	G,A
Chromosome	711687	T,C
Chromosome	711767	C,T
Chromosome	711870	C,G
Chromosome	712143	C,A
Chromosome	712773	T,C
Chromosome	712958	G,A
Chromosome	713440	T,G
Chromosome	713829	T,G
Chromosome	714884	G,A
Chromosome	715075	C,T
Chromosome	715517	C,T
Chromosome	715542	A,G
Chromosome	715634	G,A
Chromosome	716025	C,T
Chromosome	716126	G,A
Chromosome	716280	A,G
Chromosome	716918	G,A
Chromosome	717537	C,T
Chromosome	717558	G,C
Chromosome	717612	C,T
Chromosome	717730	G,A
Chromosome	717879	G,A
Chromosome	718229	A,G
Chromosome	718630	C,T
Chromosome	718690	C,T
Chromosome	719136	C,T
Chromosome	719387	A,C
Chromosome	719545	A,G
Chromosome	720409	A,G
Chromosome	720750	A,C
Chromosome	720863	G,T
Chromosome	721200	G,A
Chromosome	721208	C,T
Chromosome	721322	G,A
Chromosome	721581	A,G
Chromosome	721594	C,T
Chromosome	722515	G,C
Chromosome	722751	C,G
Chromosome	722838	C,T
Chromosome	722852	G,A
Chromosome	723361	C,T
Chromosome	723565	G,C
Chromosome	723807	C,T
Chromosome	724288	C,T
Chromosome	724339	C,T
Chromosome	724695	G,A
Chromosome	724794	C,A
Chromosome	725774	C,T
Chromosome	726198	G,A
Chromosome	726498	C,A
Chromosome	726765	C,T
Chromosome	726857	G,C
Chromosome	726870	C,T
Chromosome	727020	G,T
Chromosome	727605	G,T
Chromosome	727843	C,G
Chromosome	728248	G,C
Chromosome	728532	A,C
Chromosome	728897	C,T
Chromosome	729357	C,T
Chromosome	730087	G,A
Chromosome	731015	A,G
Chromosome	731167	G,A
Chromosome	731750	G,C
Chromosome	731910	A,G
Chromosome	732145	C,T
Chromosome	732330	T,C
Chromosome	732552	A,G
Chromosome	732691	C,G
Chromosome	734354	C,T
Chromosome	734562	G,A
Chromosome	735252	C,T
Chromosome	737363	C,A
Chromosome	738603	C,T
Chromosome	738902	C,T
Chromosome	740038	G,C
Chromosome	740285	C,T
Chromosome	740617	G,C
Chromosome	740855	G,C
Chromosome	741333	C,A
Chromosome	741458	C,T
Chromosome	742176	A,G
Chromosome	742270	G,T
Chromosome	743409	G,A
Chromosome	743667	G,T
Chromosome	743807	C,T
Chromosome	745345	C,G
Chromosome	745777	C,A
Chromosome	745835	C,G
Chromosome	745876	C,G
Chromosome	745926	C,A
Chromosome	746166	T,G
Chromosome	746790	A,G
Chromosome	747095	C,T
Chromosome	747448	G,T
Chromosome	747640	G,A
Chromosome	748085	G,T
Chromosome	748320	G,A
Chromosome	748923	C,T
Chromosome	749176	A,G
Chromosome	750033	C,G
Chromosome	750788	G,C
Chromosome	750856	A,C
Chromosome	751213	T,G
Chromosome	751736	A,G
Chromosome	752014	C,T
Chromosome	752046	C,T
Chromosome	752134	C,T
Chromosome	752141	A,G
Chromosome	752343	A,G
Chromosome	752802	A,C
Chromosome	753088	C,T
Chromosome	753174	C,A
Chromosome	753384	C,T
Chromosome	753392	T,C
Chromosome	753562	A,G
Chromosome	753668	C,T
Chromosome	754754	G,A
Chromosome	755470	C,T
Chromosome	755868	C,G
Chromosome	755907	G,A
Chromosome	756216	A,G
Chromosome	757182	A,G
Chromosome	758122	C,T
Chromosome	758571	G,A
Chromosome	759956	C,A
Chromosome	760969	C,T
Chromosome	761723	A,C
Chromosome	762434	T,G
Chromosome	763094	G,T
Chromosome	763531	G,C
Chromosome	763575	G,C
Chromosome	764013	A,C
Chromosome	764181	A,G
Chromosome	764995	C,G
Chromosome	765150	G,A
Chromosome	765230	G,A
Chromosome	766955	G,A
Chromosome	767516	G,T
Chromosome	767609	A,G
Chromosome	767670	T,C
Chromosome	767673	C,T
Chromosome	767910	C,T
Chromosome	768998	G,C
Chromosome	769162	A,G
Chromosome	769320	G,A
Chromosome	769663	T,G
Chromosome	770657	G,A
Chromosome	771092	G,A
Chromosome	771094	C,A
Chromosome	771326	C,T
Chromosome	771378	T,C
Chromosome	771468	A,G
Chromosome	771654	A,G
Chromosome	771723	G,A
Chromosome	772089	C,T
Chromosome	772313	G,T
Chromosome	772316	A,G
Chromosome	772345	G,A
Chromosome	772400	G,C
Chromosome	772740	C,T
Chromosome	772803	C,G
Chromosome	772896	G,A
Chromosome	773021	G,A
Chromosome	773776	G,A
Chromosome	773809	G,A
Chromosome	774072	C,T
Chromosome	774301	C,T
Chromosome	774771	C,T
Chromosome	774924	G,A
Chromosome	775611	G,T
Chromosome	775746	A,G
Chromosome	776100	G,A
Chromosome	776202	C,G
Chromosome	776891	C,A
Chromosome	777793	C,T
Chromosome	778298	C,T
Chromosome	778673	G,A
Chromosome	779536	C,T
Chromosome	780175	A,C
Chromosome	780714	G,A
Chromosome	781488	G,A
Chromosome	781568	C,T
Chromosome	782148	C,A
Chromosome	782398	C,G
Chromosome	782977	A,G
Chromosome	783601	A,C
Chromosome	783826	T,C
Chromosome	784143	A,C
Chromosome	784440	G,T
Chromosome	784581	G,C
Chromosome	786137	A,C
Chromosome	786685	G,T
Chromosome	786932	A,G
Chromosome	786966	C,A
Chromosome	787745	T,G
Chromosome	788070	C,A
Chromosome	788167	C,A
Chromosome	788324	C,T
Chromosome	788433	T,G
Chromosome	788493	C,T
Chromosome	789117	C,T
Chromosome	789561	A,T
Chromosome	790160	T,C
Chromosome	791330	C,T
Chromosome	792629	C,G
Chromosome	793082	C,G
Chromosome	793428	A,G
Chromosome	793696	C,G
Chromosome	793702	C,T
Chromosome	793907	G,A
Chromosome	794047	A,G
Chromosome	794122	A,G
Chromosome	794482	G,C
Chromosome	794620	C,T
Chromosome	794624	G,C
Chromosome	795563	C,T
Chromosome	795844	T,C
Chromosome	795991	T,G
Chromosome	796509	G,T
Chromosome	796515	G,A
Chromosome	796578	A,G
Chromosome	796876	A,G
Chromosome	797597	C,T
Chromosome	797736	C,T
Chromosome	798355	G,C
Chromosome	798769	C,G
Chromosome	798779	T,C
Chromosome	798808	G,T
Chromosome	799002	C,T
Chromosome	799237	C,T
Chromosome	799764	G,C
Chromosome	800357	C,A
Chromosome	800793	G,C
Chromosome	801697	G,A
Chromosome	801959	C,T
Chromosome	803298	C,T
Chromosome	806605	C,T
Chromosome	806630	T,C
Chromosome	806841	C,T
Chromosome	807405	C,T
Chromosome	807795	G,A
Chromosome	808099	A,G
Chromosome	808432	A,T
Chromosome	808434	T,G
Chromosome	809646	T,C
Chromosome	809670	A,C
Chromosome	809806	C,T
Chromosome	809813	G,C
Chromosome	809958	G,T
Chromosome	809981	G,A
Chromosome	810287	C,G
Chromosome	810423	A,G
Chromosome	811492	C,G
Chromosome	811621	C,T
Chromosome	811637	C,A
Chromosome	811642	C,T
Chromosome	811753	C,T
Chromosome	812065	A,G
Chromosome	812502	C,T
Chromosome	812808	G,A
Chromosome	813375	G,T
Chromosome	813467	A,G
Chromosome	813628	C,T
Chromosome	814213	A,G
Chromosome	814443	A,C
Chromosome	814641	T,C
Chromosome	815103	C,T
Chromosome	815179	G,A
Chromosome	815409	T,G
Chromosome	815440	G,A
Chromosome	815713	G,A
Chromosome	816409	G,T
Chromosome	816791	T,G
Chromosome	816862	G,T
Chromosome	816925	T,G
Chromosome	818798	G,T
Chromosome	819213	T,C
Chromosome	820538	G,A
Chromosome	820822	T,C
Chromosome	821023	C,A
Chromosome	821057	G,A
Chromosome	821102	C,T
Chromosome	821286	G,A
Chromosome	821437	G,A
Chromosome	821565	T,C
Chromosome	821918	G,A
Chromosome	822260	G,A
Chromosome	822822	T,C
Chromosome	823420	C,G
Chromosome	823724	C,T
Chromosome	824429	C,T
Chromosome	824591	C,T
Chromosome	825088	G,T
Chromosome	825480	C,T
Chromosome	825585	T,C
Chromosome	825655	C,A
Chromosome	826066	A,G
Chromosome	828516	C,T
Chromosome	828606	T,C
Chromosome	828706	C,T
Chromosome	829407	C,T
Chromosome	829698	C,A
Chromosome	831206	C,T
Chromosome	831388	C,A
Chromosome	831525	A,C
Chromosome	831566	A,G
Chromosome	831594	T,A
Chromosome	832072	G,C
Chromosome	832708	A,C
Chromosome	833488	T,C
Chromosome	834408	G,A
Chromosome	834824	C,T
Chromosome	835375	C,T
Chromosome	835526	G,A
Chromosome	835556	G,T
Chromosome	835647	G,A
Chromosome	835716	G,A
Chromosome	835778	C,T
Chromosome	837666	G,C
Chromosome	838636	C,A
Chromosome	838738	G,A
Chromosome	838790	C,T
Chromosome	838799	A,C
Chromosome	841139	C,T
Chromosome	841252	C,T
Chromosome	841962	G,T
Chromosome	843909	A,G
Chromosome	844350	C,A
Chromosome	844629	A,C
Chromosome	844930	C,T
Chromosome	845487	A,G
Chromosome	846012	C,T
Chromosome	846256	C,A
Chromosome	846311	C,T
Chromosome	846996	G,A
Chromosome	847371	T,G
Chromosome	847566	C,T
Chromosome	847825	C,T
Chromosome	847995	T,C
Chromosome	848363	C,A
Chromosome	848652	A,G
Chromosome	848909	C,T
Chromosome	849182	C,T
Chromosome	849486	G,C
Chromosome	849633	G,A
Chromosome	849895	A,G
Chromosome	849983	C,T
Chromosome	849986	C,T
Chromosome	850047	C,T
Chromosome	850303	G,T
Chromosome	850343	T,C
Chromosome	850590	T,C
Chromosome	850591	C,T
Chromosome	850985	A,G
Chromosome	851133	T,G
Chromosome	851797	C,A
Chromosome	851912	A,C
Chromosome	852381	G,T
Chromosome	852640	A,C
Chromosome	852641	C,T
Chromosome	852799	C,T
Chromosome	853469	C,A
Chromosome	853506	G,C
Chromosome	854080	T,C
Chromosome	854101	G,T
Chromosome	854518	T,G
Chromosome	855407	C,T
Chromosome	855557	C,T
Chromosome	856563	G,T
Chromosome	858137	C,T
Chromosome	858670	G,A
Chromosome	858753	C,T
Chromosome	859649	C,T
Chromosome	859769	A,G
Chromosome	860034	G,A
Chromosome	860627	C,T
Chromosome	861279	A,C
Chromosome	861390	A,G
Chromosome	861931	A,G
Chromosome	862664	C,T
Chromosome	862747	G,T
Chromosome	863340	T,C
Chromosome	863975	G,T
Chromosome	864166	C,T
Chromosome	864468	A,G
Chromosome	864571	C,T
Chromosome	865006	G,A
Chromosome	865058	T,C
Chromosome	865761	C,T
Chromosome	866827	T,C
Chromosome	867579	T,A
Chromosome	867664	C,A
Chromosome	867893	A,G
Chromosome	868006	C,T
Chromosome	868271	T,C
Chromosome	868600	T,C
Chromosome	868861	C,T
Chromosome	869440	C,T
Chromosome	869567	C,G
Chromosome	869679	C,T
Chromosome	869893	G,A
Chromosome	870112	C,T
Chromosome	870187	C,T
Chromosome	872087	C,G
Chromosome	872261	A,T
Chromosome	872431	A,G
Chromosome	872505	G,A
Chromosome	872710	C,T
Chromosome	872863	T,G
Chromosome	873164	G,C
Chromosome	873303	C,A
Chromosome	873464	T,C
Chromosome	873676	C,G
Chromosome	874323	T,A
Chromosome	874957	G,T
Chromosome	875561	A,G
Chromosome	875682	G,A
Chromosome	876378	T,C
Chromosome	877055	A,C
Chromosome	877224	C,A
Chromosome	877363	G,C
Chromosome	878016	C,T
Chromosome	878051	G,A
Chromosome	879045	A,G
Chromosome	879323	G,C
Chromosome	879532	T,C
Chromosome	880856	A,G
Chromosome	884233	A,C
Chromosome	884266	C,G
Chromosome	884744	G,A
Chromosome	885032	G,A
Chromosome	885228	G,A
Chromosome	885634	G,A
Chromosome	886115	T,C
Chromosome	886348	A,G
Chromosome	886351	G,A
Chromosome	888214	G,A
Chromosome	888647	C,T
Chromosome	888919	A,G
Chromosome	891756	A,G
Chromosome	892488	G,A
Chromosome	892659	G,A
Chromosome	893119	T,G
Chromosome	893653	C,A
Chromosome	894079	C,T
Chromosome	894552	C,T
Chromosome	894843	G,C
Chromosome	895082	A,G
Chromosome	895120	C,T
Chromosome	895130	C,T
Chromosome	895250	G,C
Chromosome	895504	T,C
Chromosome	895563	G,A
Chromosome	895771	G,A
Chromosome	896119	C,T
Chromosome	896152	C,T
Chromosome	896356	C,T
Chromosome	896431	G,A
Chromosome	896933	A,G
Chromosome	897197	C,G
Chromosome	897209	G,C
Chromosome	898137	C,T
Chromosome	898477	A,G
Chromosome	898612	C,T
Chromosome	899175	G,A
Chromosome	899319	C,G
Chromosome	899510	C,T
Chromosome	900215	C,G
Chromosome	901102	G,T
Chromosome	901358	G,A
Chromosome	902413	C,T
Chromosome	903226	C,T
Chromosome	903262	C,A
Chromosome	903633	C,T
Chromosome	903913	T,C
Chromosome	904085	G,A
Chromosome	904090	T,C
Chromosome	904367	G,C
Chromosome	904403	G,A
Chromosome	905344	C,A
Chromosome	906217	C,T
Chromosome	906742	T,C
Chromosome	907649	A,C
Chromosome	907673	T,C
Chromosome	907828	G,A
Chromosome	907834	T,C
Chromosome	907906	C,T
Chromosome	908033	G,C
Chromosome	909819	C,T
Chromosome	910015	C,A
Chromosome	910305	C,T
Chromosome	911498	A,G
Chromosome	911655	G,A
Chromosome	912040	A,C
Chromosome	912175	C,T
Chromosome	912467	G,A
Chromosome	912545	C,G
Chromosome	912830	C,G
Chromosome	913927	G,C
Chromosome	916659	A,G
Chromosome	917586	C,T
Chromosome	918558	C,T
Chromosome	918562	A,G
Chromosome	918646	G,A
Chromosome	918685	C,T
Chromosome	918795	T,G
Chromosome	919351	A,C
Chromosome	919393	G,C
Chromosome	919551	C,T
Chromosome	920189	G,T
Chromosome	920875	C,T
Chromosome	922256	G,A
Chromosome	922864	C,T
Chromosome	923065	T,A
Chromosome	923075	G,A
Chromosome	923164	T,C
Chromosome	923169	C,G
Chromosome	923267	G,A
Chromosome	923310	C,T
Chromosome	923464	G,C
Chromosome	923597	T,G
Chromosome	924294	C,T
Chromosome	928076	T,C
Chromosome	928098	G,T
Chromosome	928229	C,T
Chromosome	928401	G,A
Chromosome	928451	C,T
Chromosome	928483	C,T
Chromosome	930496	C,G
Chromosome	930593	C,T
Chromosome	930759	G,C
Chromosome	930984	T,C
Chromosome	931123	T,C
Chromosome	931240	G,T
Chromosome	932753	G,C
Chromosome	933882	A,C
Chromosome	934023	C,G
Chromosome	934250	C,G
Chromosome	934769	T,G
Chromosome	935201	C,T
Chromosome	936189	G,A
Chromosome	936869	T,G
Chromosome	937614	C,A
Chromosome	938146	A,G
Chromosome	938153	A,G
Chromosome	938316	G,T
Chromosome	938330	G,T
Chromosome	939017	C,G
Chromosome	939231	C,T
Chromosome	940454	A,C
Chromosome	940486	G,A
Chromosome	940591	G,T
Chromosome	940602	C,T
Chromosome	940678	C,G
Chromosome	940745	G,A
Chromosome	941719	C,T
Chromosome	941722	T,G
Chromosome	941849	A,C
Chromosome	942322	G,A
Chromosome	942479	T,C
Chromosome	943868	C,T
Chromosome	944433	C,T
Chromosome	944626	C,T
Chromosome	944754	T,G
Chromosome	944933	C,A
Chromosome	946958	C,T
Chromosome	947294	T,C
Chromosome	947756	A,G
Chromosome	948270	G,A
Chromosome	948743	A,C
Chromosome	949008	C,G
Chromosome	949019	C,G
Chromosome	949892	T,G
Chromosome	950010	G,A
Chromosome	950872	T,C
Chromosome	951567	A,G
Chromosome	951568	T,C
Chromosome	951976	T,C
Chromosome	952438	C,T
Chromosome	952597	C,T
Chromosome	952865	C,T
Chromosome	952984	G,A
Chromosome	953397	C,T
Chromosome	953748	G,A
Chromosome	953861	G,A
Chromosome	954906	C,T
Chromosome	955127	A,C
Chromosome	955631	C,T
Chromosome	955721	G,C
Chromosome	956055	A,G
Chromosome	956621	A,G
Chromosome	957306	C,T
Chromosome	958808	G,A
Chromosome	958925	T,G
Chromosome	959346	C,T
Chromosome	959369	C,T
Chromosome	959882	C,T
Chromosome	960367	A,G
Chromosome	960369	C,T
Chromosome	960652	C,T
Chromosome	961520	C,T
Chromosome	961917	G,A
Chromosome	961941	C,G
Chromosome	962133	G,T
Chromosome	962668	C,A
Chromosome	962872	A,G
Chromosome	963022	T,C
Chromosome	963473	C,A
Chromosome	964099	T,C
Chromosome	964363	G,C
Chromosome	964400	G,T
Chromosome	965798	G,A
Chromosome	966639	C,G
Chromosome	966746	T,C
Chromosome	967288	G,A
Chromosome	967387	A,G
Chromosome	967706	A,G
Chromosome	968863	C,T
Chromosome	969302	C,G
Chromosome	969810	G,A
Chromosome	970476	C,G
Chromosome	971699	G,T
Chromosome	971902	G,A
Chromosome	972070	G,C
Chromosome	972247	C,T
Chromosome	972484	C,T
Chromosome	972653	G,A
Chromosome	972980	C,T
Chromosome	973290	G,A
Chromosome	973502	C,T
Chromosome	973932	G,C
Chromosome	973938	G,A
Chromosome	974431	T,C
Chromosome	976043	G,T
Chromosome	977196	G,A
Chromosome	977472	G,A
Chromosome	977915	C,A
Chromosome	978259	C,T
Chromosome	978278	C,G
Chromosome	978373	T,C
Chromosome	978422	C,T
Chromosome	979314	C,T
Chromosome	979704	G,C
Chromosome	979859	T,C
Chromosome	980100	C,T
Chromosome	980360	G,T
Chromosome	980399	C,T
Chromosome	980505	G,A
Chromosome	981671	C,T
Chromosome	982363	G,T
Chromosome	982639	C,T
Chromosome	982739	A,G
Chromosome	983462	C,T
Chromosome	985287	G,A
Chromosome	986388	C,G
Chromosome	986515	C,T
Chromosome	986563	C,T
Chromosome	987413	A,G
Chromosome	987601	C,T
Chromosome	988043	T,C
Chromosome	988194	A,G
Chromosome	988416	A,G
Chromosome	988604	G,C
Chromosome	989121	C,A
Chromosome	989287	C,G
Chromosome	989400	C,T
Chromosome	989418	T,C
Chromosome	990383	G,A
Chromosome	990533	T,C
Chromosome	990711	G,A
Chromosome	991740	T,C
Chromosome	991939	G,A
Chromosome	991959	A,G
Chromosome	992206	C,T
Chromosome	993016	G,A
Chromosome	993253	G,T
Chromosome	993346	A,C
Chromosome	993795	T,C
Chromosome	993988	C,A
Chromosome	994091	G,A
Chromosome	994229	C,T
Chromosome	994233	A,T
Chromosome	994382	C,T
Chromosome	994543	G,T
Chromosome	994568	T,G
Chromosome	995018	A,C
Chromosome	995100	C,T
Chromosome	995661	T,C
Chromosome	996215	C,G
Chromosome	996219	G,A
Chromosome	996284	C,T
Chromosome	996871	G,A
Chromosome	997124	C,T
Chromosome	998007	G,A
Chromosome	999736	T,G
Chromosome	1000167	C,T
Chromosome	1001257	G,A
Chromosome	1001291	G,A
Chromosome	1001662	G,A
Chromosome	1002172	G,A
Chromosome	1002342	T,C
Chromosome	1003545	A,G
Chromosome	1004177	A,C
Chromosome	1004547	G,A
Chromosome	1005061	G,T
Chromosome	1006080	G,A
Chromosome	1006538	T,G
Chromosome	1006659	G,T
Chromosome	1007198	A,G
Chromosome	1007461	C,G
Chromosome	1007777	C,A
Chromosome	1007974	A,G
Chromosome	1008384	G,T
Chromosome	1008460	C,T
Chromosome	1008942	T,C
Chromosome	1009261	C,G
Chromosome	1009490	C,T
Chromosome	1009500	C,T
Chromosome	1010532	G,A
Chromosome	1010996	C,T
Chromosome	1011096	C,A
Chromosome	1011206	C,G
Chromosome	1011286	T,C
Chromosome	1011349	T,C
Chromosome	1012060	A,G
Chromosome	1012748	G,A
Chromosome	1012815	C,G
Chromosome	1013635	C,T
Chromosome	1014058	G,A
Chromosome	1014722	C,T
Chromosome	1015373	C,T
Chromosome	1015633	C,T
Chromosome	1015811	C,A
Chromosome	1016101	C,G
Chromosome	1016131	C,A
Chromosome	1016154	T,C
Chromosome	1016856	C,G
Chromosome	1017292	A,G
Chromosome	1017420	A,G
Chromosome	1017729	A,G
Chromosome	1017836	A,C
Chromosome	1017867	A,G
Chromosome	1018028	G,A
Chromosome	1018173	C,T
Chromosome	1018811	G,A
Chromosome	1019277	C,T
Chromosome	1019632	A,G
Chromosome	1019727	T,C
Chromosome	1020044	C,T
Chromosome	1020202	C,T
Chromosome	1020452	G,A
Chromosome	1020615	C,G
Chromosome	1020732	T,C
Chromosome	1020758	G,C
Chromosome	1020952	C,T
Chromosome	1021392	G,A
Chromosome	1021717	T,C
Chromosome	1021776	A,G
Chromosome	1021791	G,C
Chromosome	1022003	A,C
Chromosome	1022014	C,T
Chromosome	1022501	C,T
Chromosome	1022613	G,A
Chromosome	1023167	G,A
Chromosome	1023277	G,A
Chromosome	1023567	C,T
Chromosome	1023659	G,A
Chromosome	1023911	C,G
Chromosome	1024346	A,G
Chromosome	1024385	C,T
Chromosome	1024413	C,G
Chromosome	1025135	T,C
Chromosome	1025394	G,A
Chromosome	1025517	G,A
Chromosome	1025614	G,T
Chromosome	1025885	G,C
Chromosome	1027455	G,A
Chromosome	1027496	C,T
Chromosome	1028944	C,T
Chromosome	1029955	G,A
Chromosome	1029997	A,G
Chromosome	1030188	C,A
Chromosome	1030368	C,G
Chromosome	1030934	C,T
Chromosome	1031285	G,A
Chromosome	1031572	G,A
Chromosome	1032300	G,A
Chromosome	1032476	T,A
Chromosome	1032524	T,C
Chromosome	1032764	C,T
Chromosome	1032978	A,G
Chromosome	1033573	A,G
Chromosome	1033705	C,T
Chromosome	1036484	G,A
Chromosome	1037024	C,T
Chromosome	1037299	G,C
Chromosome	1037355	T,C
Chromosome	1038350	G,C
Chromosome	1038485	T,C
Chromosome	1038500	T,G
Chromosome	1038677	C,T
Chromosome	1038813	G,A
Chromosome	1039180	G,C
Chromosome	1039467	C,T
Chromosome	1039887	A,G
Chromosome	1039981	T,C
Chromosome	1040256	C,T
Chromosome	1040921	C,T
Chromosome	1041175	C,T
Chromosome	1041579	C,T
Chromosome	1042103	G,T
Chromosome	1043136	C,T
Chromosome	1043493	C,T
Chromosome	1043959	A,C
Chromosome	1044437	C,A
Chromosome	1044618	G,T
Chromosome	1044773	C,G
Chromosome	1045716	T,G
Chromosome	1046259	G,A
Chromosome	1047051	G,A
Chromosome	1047173	C,T
Chromosome	1047661	A,C
Chromosome	1047683	G,T
Chromosome	1048102	G,A
Chromosome	1048808	T,G
Chromosome	1049460	A,T
Chromosome	1049905	C,T
Chromosome	1049923	C,G
Chromosome	1050367	C,T
Chromosome	1050498	G,T
Chromosome	1050523	G,T
Chromosome	1050900	G,A
Chromosome	1051949	G,A
Chromosome	1052188	T,G
Chromosome	1052899	C,T
Chromosome	1052950	C,T
Chromosome	1053104	C,A
Chromosome	1053308	C,T
Chromosome	1053357	T,C
Chromosome	1053538	A,G
Chromosome	1053912	T,C
Chromosome	1054007	G,C
Chromosome	1054645	C,A
Chromosome	1054784	C,G
Chromosome	1055049	C,T
Chromosome	1055126	C,T
Chromosome	1055663	G,A
Chromosome	1055672	C,A
Chromosome	1055937	C,A
Chromosome	1056094	C,T
Chromosome	1056469	G,A
Chromosome	1056710	G,A
Chromosome	1056916	T,G
Chromosome	1056987	A,C
Chromosome	1057293	G,A
Chromosome	1057990	G,A
Chromosome	1058251	T,C
Chromosome	1058309	A,G
Chromosome	1059154	A,G
Chromosome	1059348	T,G
Chromosome	1059827	C,T
Chromosome	1059920	C,T
Chromosome	1060878	C,T
Chromosome	1061386	T,C
Chromosome	1061858	C,T
Chromosome	1063387	T,C
Chromosome	1064489	G,A
Chromosome	1064934	C,G
Chromosome	1065205	G,A
Chromosome	1065611	C,A
Chromosome	1066025	G,A
Chromosome	1066038	A,G
Chromosome	1066921	G,T
Chromosome	1067386	C,T
Chromosome	1067609	G,A
Chromosome	1069146	C,T
Chromosome	1069305	G,C
Chromosome	1070381	A,G
Chromosome	1071349	G,C
Chromosome	1071539	C,T
Chromosome	1072342	A,G
Chromosome	1072628	G,A
Chromosome	1073031	G,T
Chromosome	1073309	A,C
Chromosome	1073716	C,T
Chromosome	1074474	C,T
Chromosome	1074902	C,T
Chromosome	1074929	G,C
Chromosome	1075269	C,T
Chromosome	1075326	C,T
Chromosome	1075904	T,C
Chromosome	1076907	G,A
Chromosome	1077102	C,T
Chromosome	1077524	C,T
Chromosome	1077626	C,A
Chromosome	1077713	C,T
Chromosome	1077947	T,G
Chromosome	1077981	A,G
Chromosome	1078777	C,A
Chromosome	1079120	G,C
Chromosome	1079681	C,T
Chromosome	1079834	C,T
Chromosome	1079897	C,T
Chromosome	1080013	C,T
Chromosome	1080027	A,T
Chromosome	1080528	G,A
Chromosome	1081608	T,C
Chromosome	1081629	C,T
Chromosome	1081783	C,T
Chromosome	1081882	A,G
Chromosome	1082167	C,T
Chromosome	1082445	T,A
Chromosome	1082578	T,G
Chromosome	1082983	G,A
Chromosome	1082989	G,A
Chromosome	1083043	C,A
Chromosome	1083082	G,T
Chromosome	1083147	C,G
Chromosome	1083274	A,G
Chromosome	1083755	A,G
Chromosome	1084048	G,C
Chromosome	1084515	G,C
Chromosome	1084567	T,C
Chromosome	1085567	C,T
Chromosome	1085623	A,G
Chromosome	1086648	C,A
Chromosome	1087802	A,G
Chromosome	1088446	G,C
Chromosome	1088600	T,C
Chromosome	1088804	C,T
Chromosome	1089464	C,A
Chromosome	1090172	G,A
Chromosome	1090292	C,G
Chromosome	1090722	G,A
Chromosome	1094812	C,G
Chromosome	1095085	G,T
Chromosome	1096847	A,T
Chromosome	1098141	C,T
Chromosome	1098523	T,A
Chromosome	1098698	C,G
Chromosome	1098984	G,A
Chromosome	1099212	C,T
Chromosome	1099228	C,T
Chromosome	1099689	C,T
Chromosome	1099736	C,A
Chromosome	1099797	C,A
Chromosome	1100414	G,A
Chromosome	1101047	C,A
Chromosome	1101516	G,T
Chromosome	1102273	T,G
Chromosome	1102289	C,T
Chromosome	1102468	C,A
Chromosome	1103046	G,C
Chromosome	1103786	G,T
Chromosome	1104586	C,A
Chromosome	1104944	C,T
Chromosome	1105177	G,A
Chromosome	1105253	C,T
Chromosome	1105607	G,A
Chromosome	1105739	G,C
Chromosome	1105923	T,C
Chromosome	1106464	G,A
Chromosome	1106492	C,T
Chromosome	1106571	G,A
Chromosome	1106580	T,C
Chromosome	1106614	G,T
Chromosome	1106649	T,C
Chromosome	1106838	G,C
Chromosome	1106877	T,C
Chromosome	1107024	T,C
Chromosome	1107320	G,A
Chromosome	1107897	G,A
Chromosome	1107917	G,T
Chromosome	1107940	A,C
Chromosome	1108769	C,T
Chromosome	1108855	A,C
Chromosome	1109128	G,A
Chromosome	1109278	C,T
Chromosome	1109535	G,A
Chromosome	1109886	C,T
Chromosome	1110234	G,A
Chromosome	1111448	A,G
Chromosome	1111469	C,T
Chromosome	1111518	T,C
Chromosome	1111925	A,G
Chromosome	1112130	G,A
Chromosome	1112994	C,A
Chromosome	1113267	T,A
Chromosome	1113326	T,C
Chromosome	1113821	G,T
Chromosome	1114129	T,G
Chromosome	1115075	G,A
Chromosome	1115509	C,T
Chromosome	1115796	C,A
Chromosome	1116600	C,G
Chromosome	1116612	G,A
Chromosome	1117405	C,T
Chromosome	1117773	C,G
Chromosome	1117848	G,T
Chromosome	1118026	T,C
Chromosome	1118550	C,T
Chromosome	1119739	C,T
Chromosome	1119948	C,T
Chromosome	1120159	G,A
Chromosome	1120928	G,C
Chromosome	1121071	G,A
Chromosome	1123562	A,G
Chromosome	1123727	G,T
Chromosome	1124337	C,T
Chromosome	1124532	G,T
Chromosome	1124743	C,T
Chromosome	1125468	C,T
Chromosome	1125845	G,A
Chromosome	1125894	A,C
Chromosome	1126895	G,A
Chromosome	1127469	C,T
Chromosome	1128048	C,G
Chromosome	1128619	G,A
Chromosome	1128665	T,C
Chromosome	1128814	G,A
Chromosome	1128935	G,A
Chromosome	1129158	T,G
Chromosome	1130261	G,A
Chromosome	1130526	G,A
Chromosome	1131309	A,G
Chromosome	1131396	C,T
Chromosome	1131565	C,T
Chromosome	1132368	C,T
Chromosome	1132437	C,T
Chromosome	1134118	G,A
Chromosome	1134143	C,T
Chromosome	1135498	C,T
Chromosome	1135798	C,T
Chromosome	1135842	A,C
Chromosome	1135855	G,A
Chromosome	1136017	A,G
Chromosome	1136628	G,A
Chromosome	1137518	G,A
Chromosome	1137582	T,C
Chromosome	1138636	G,T
Chromosome	1138747	C,T
Chromosome	1139102	G,A
Chromosome	1139103	C,T
Chromosome	1139222	G,A
Chromosome	1139698	A,G
Chromosome	1139747	C,A
Chromosome	1140078	T,C
Chromosome	1140371	C,T
Chromosome	1140774	C,T
Chromosome	1141069	G,T
Chromosome	1141176	C,T
Chromosome	1141526	C,T
Chromosome	1142266	A,C
Chromosome	1142543	C,G
Chromosome	1143126	C,T
Chromosome	1143756	G,T
Chromosome	1144032	C,T
Chromosome	1144221	G,A
Chromosome	1144409	T,G
Chromosome	1144585	A,G
Chromosome	1144664	G,A
Chromosome	1144870	T,G
Chromosome	1145442	C,G
Chromosome	1145736	T,A
Chromosome	1146224	C,T
Chromosome	1146909	C,G
Chromosome	1147672	G,T
Chromosome	1147708	G,A
Chromosome	1148255	G,A
Chromosome	1149058	A,C
Chromosome	1149128	C,T
Chromosome	1149361	T,C
Chromosome	1149463	C,T
Chromosome	1149547	C,T
Chromosome	1149548	T,A
Chromosome	1149932	C,T
Chromosome	1151304	C,A
Chromosome	1151440	G,A
Chromosome	1152085	G,A
Chromosome	1152315	G,A
Chromosome	1152481	T,C
Chromosome	1152701	C,T
Chromosome	1152805	T,A
Chromosome	1152863	A,G
Chromosome	1153214	G,A
Chromosome	1153388	C,T
Chromosome	1153539	A,G
Chromosome	1153676	C,G
Chromosome	1153920	C,T
Chromosome	1154174	G,A
Chromosome	1154368	A,C
Chromosome	1154672	G,T
Chromosome	1155494	A,G
Chromosome	1155518	C,T
Chromosome	1155700	C,T
Chromosome	1155819	T,C
Chromosome	1155868	C,T
Chromosome	1155884	T,C
Chromosome	1156224	C,T
Chromosome	1156962	C,T
Chromosome	1157010	A,G
Chromosome	1157089	C,G
Chromosome	1157219	G,A
Chromosome	1157583	G,A
Chromosome	1157768	A,C
Chromosome	1157771	G,C
Chromosome	1158434	G,A
Chromosome	1158720	C,T
Chromosome	1159141	G,A
Chromosome	1159850	G,A
Chromosome	1160503	G,T
Chromosome	1161948	G,T
Chromosome	1162095	C,T
Chromosome	1162140	C,G
Chromosome	1163134	T,C
Chromosome	1163404	C,G
Chromosome	1163797	T,C
Chromosome	1165597	T,C
Chromosome	1165626	C,T
Chromosome	1167009	C,T
Chromosome	1167237	T,C
Chromosome	1167695	C,T
Chromosome	1168776	T,G
Chromosome	1169028	G,A
Chromosome	1169179	A,G
Chromosome	1169307	C,T
Chromosome	1170861	C,T
Chromosome	1171107	G,C
Chromosome	1171368	A,G
Chromosome	1171637	C,T
Chromosome	1171856	C,T
Chromosome	1172044	T,G
Chromosome	1172079	A,G
Chromosome	1172328	A,G
Chromosome	1172771	A,G
Chromosome	1173047	G,C
Chromosome	1173222	G,A
Chromosome	1173236	T,G
Chromosome	1173430	T,G
Chromosome	1173836	C,A
Chromosome	1174655	C,T
Chromosome	1175021	C,G
Chromosome	1175498	T,G
Chromosome	1177000	G,A
Chromosome	1177184	C,A
Chromosome	1177815	A,G
Chromosome	1177819	G,T
Chromosome	1178772	G,A
Chromosome	1179360	G,T
Chromosome	1179870	G,A
Chromosome	1180200	G,T
Chromosome	1181132	A,G
Chromosome	1182145	G,T
Chromosome	1182192	G,A
Chromosome	1182226	C,T
Chromosome	1183362	G,C
Chromosome	1183847	A,G
Chromosome	1184605	C,A
Chromosome	1184798	C,T
Chromosome	1184826	G,T
Chromosome	1185154	T,G
Chromosome	1186287	G,T
Chromosome	1186669	G,A
Chromosome	1187902	G,A
Chromosome	1188232	G,A
Chromosome	1188325	G,A
Chromosome	1191907	G,A
Chromosome	1191976	T,C
Chromosome	1192128	C,T
Chromosome	1192223	C,T
Chromosome	1192343	G,T
Chromosome	1192641	G,T
Chromosome	1192832	G,A
Chromosome	1193012	G,T
Chromosome	1193578	C,T
Chromosome	1193608	C,A
Chromosome	1193668	G,A
Chromosome	1195238	C,T
Chromosome	1195358	T,G
Chromosome	1195878	G,A
Chromosome	1196194	C,T
Chromosome	1196508	C,T
Chromosome	1197157	T,G
Chromosome	1197185	C,A
Chromosome	1197302	G,A
Chromosome	1197567	G,C
Chromosome	1198313	C,G
Chromosome	1198341	C,T
Chromosome	1198656	C,T
Chromosome	1199019	T,C
Chromosome	1199547	G,A
Chromosome	1199722	C,T
Chromosome	1200107	A,G
Chromosome	1200108	G,C
Chromosome	1200341	G,C
Chromosome	1200642	C,T
Chromosome	1200672	A,C
Chromosome	1200899	A,G
Chromosome	1201291	A,G
Chromosome	1201530	C,T
Chromosome	1201581	A,C
Chromosome	1201893	T,C
Chromosome	1202094	C,T
Chromosome	1202350	G,C
Chromosome	1202752	C,T
Chromosome	1203046	C,T
Chromosome	1204546	A,G
Chromosome	1205269	C,T
Chromosome	1205308	G,C
Chromosome	1205577	T,G
Chromosome	1205849	A,G
Chromosome	1206209	C,A
Chromosome	1206334	C,A
Chromosome	1206681	G,C
Chromosome	1207340	C,T
Chromosome	1208181	G,A
Chromosome	1208631	C,T
Chromosome	1208652	G,A
Chromosome	1208850	C,T
Chromosome	1210022	C,A
Chromosome	1211274	C,T
Chromosome	1211369	A,C
Chromosome	1211385	T,G
Chromosome	1212613	C,T
Chromosome	1212681	G,A
Chromosome	1213925	C,T
Chromosome	1214118	A,G
Chromosome	1214488	G,A
Chromosome	1214578	C,T
Chromosome	1214717	G,T
Chromosome	1215049	G,A
Chromosome	1215076	C,A
Chromosome	1215474	G,A
Chromosome	1215581	A,C
Chromosome	1215627	G,A
Chromosome	1215822	G,T
Chromosome	1216670	C,T
Chromosome	1216908	G,A
Chromosome	1217278	C,G
Chromosome	1219683	G,A
Chromosome	1220034	C,T
Chromosome	1220180	G,A
Chromosome	1220478	G,A
Chromosome	1221164	G,A
Chromosome	1221479	C,T
Chromosome	1222866	T,C
Chromosome	1223969	C,T
Chromosome	1225126	G,A
Chromosome	1225409	G,A
Chromosome	1225462	T,C
Chromosome	1225785	G,C
Chromosome	1226021	G,T
Chromosome	1226077	G,A
Chromosome	1226129	C,T
Chromosome	1226167	C,T
Chromosome	1227217	C,T
Chromosome	1227518	G,A
Chromosome	1227994	T,G
Chromosome	1228067	G,A
Chromosome	1228116	A,G
Chromosome	1228471	C,T
Chromosome	1229123	C,G
Chromosome	1230028	A,G
Chromosome	1230555	T,C
Chromosome	1230778	G,A
Chromosome	1231349	G,A
Chromosome	1231396	C,T
Chromosome	1231683	C,T
Chromosome	1232037	C,A
Chromosome	1232071	C,T
Chromosome	1232468	A,G
Chromosome	1232496	T,C
Chromosome	1232540	G,T
Chromosome	1233285	G,A
Chromosome	1233417	C,G
Chromosome	1233422	G,A
Chromosome	1233751	A,G
Chromosome	1234657	G,A
Chromosome	1234999	G,A
Chromosome	1235220	G,C
Chromosome	1235455	G,A
Chromosome	1236745	G,C
Chromosome	1236776	G,A
Chromosome	1237312	T,G
Chromosome	1237354	T,G
Chromosome	1237403	G,A
Chromosome	1237562	G,C
Chromosome	1237743	G,A
Chromosome	1238598	T,C
Chromosome	1239078	C,A
Chromosome	1239357	C,A
Chromosome	1239709	C,A
Chromosome	1239845	G,A
Chromosome	1240481	A,C
Chromosome	1240578	C,T
Chromosome	1240744	C,A
Chromosome	1240893	C,T
Chromosome	1240961	A,G
Chromosome	1241950	C,T
Chromosome	1242007	C,T
Chromosome	1242043	C,T
Chromosome	1242267	C,T
Chromosome	1242416	T,C
Chromosome	1242471	G,T
Chromosome	1243509	G,T
Chromosome	1243724	T,C
Chromosome	1243792	C,T
Chromosome	1243942	C,T
Chromosome	1244259	A,C
Chromosome	1244655	G,T
Chromosome	1244768	G,A
Chromosome	1245045	T,G
Chromosome	1245061	A,G
Chromosome	1245275	C,T
Chromosome	1246311	G,A
Chromosome	1246500	C,T
Chromosome	1247391	A,C
Chromosome	1247494	C,T
Chromosome	1248232	T,C
Chromosome	1248382	A,G
Chromosome	1249771	G,A
Chromosome	1249980	C,T
Chromosome	1250131	A,G
Chromosome	1250340	A,G
Chromosome	1250404	C,T
Chromosome	1250415	C,A
Chromosome	1250907	G,A
Chromosome	1250931	G,A
Chromosome	1251071	A,C
Chromosome	1251955	C,T
Chromosome	1253028	C,T
Chromosome	1253062	G,A
Chromosome	1253599	C,T
Chromosome	1253707	T,G
Chromosome	1254136	T,G
Chromosome	1255177	G,A
Chromosome	1255685	C,T
Chromosome	1255928	C,T
Chromosome	1256176	A,G
Chromosome	1256794	G,T
Chromosome	1256806	C,T
Chromosome	1256895	A,C
Chromosome	1257032	G,A
Chromosome	1257355	A,G
Chromosome	1257390	C,T
Chromosome	1257452	T,C
Chromosome	1257744	C,A
Chromosome	1258972	G,T
Chromosome	1259573	C,A
Chromosome	1260255	C,T
Chromosome	1261056	C,T
Chromosome	1261650	T,G
Chromosome	1262230	C,T
Chromosome	1263084	C,T
Chromosome	1264352	G,T
Chromosome	1264533	G,T
Chromosome	1265434	T,C
Chromosome	1265828	G,A
Chromosome	1266130	G,A
Chromosome	1266565	C,T
Chromosome	1268540	A,G
Chromosome	1268653	G,A
Chromosome	1268760	C,T
Chromosome	1268776	C,T
Chromosome	1269642	T,C
Chromosome	1269937	T,C
Chromosome	1270175	C,T
Chromosome	1270331	A,C
Chromosome	1270813	G,T
Chromosome	1272811	A,G
Chromosome	1272843	C,T
Chromosome	1272855	C,T
Chromosome	1272947	A,C
Chromosome	1273071	T,C
Chromosome	1273368	C,T
Chromosome	1273709	A,G
Chromosome	1274335	G,A
Chromosome	1274955	G,A
Chromosome	1275025	T,A
Chromosome	1275084	C,T
Chromosome	1275303	G,C
Chromosome	1275333	A,G
Chromosome	1275411	G,A
Chromosome	1276131	G,T
Chromosome	1276232	C,A
Chromosome	1276344	G,A
Chromosome	1276448	A,G
Chromosome	1276450	A,G
Chromosome	1276453	G,T
Chromosome	1276456	A,G
Chromosome	1276533	C,T
Chromosome	1276641	A,G
Chromosome	1276683	T,G
Chromosome	1276684	G,C
Chromosome	1276689	G,T
Chromosome	1276756	G,A
Chromosome	1277785	A,G
Chromosome	1279620	C,T
Chromosome	1279968	G,C
Chromosome	1280079	C,T
Chromosome	1280508	C,T
Chromosome	1280689	T,C
Chromosome	1280741	C,T
Chromosome	1280747	G,C
Chromosome	1281055	C,T
Chromosome	1281307	C,T
Chromosome	1281650	C,T
Chromosome	1281682	C,T
Chromosome	1281771	T,C
Chromosome	1281984	G,A
Chromosome	1283430	T,C
Chromosome	1283757	C,T
Chromosome	1283821	A,G
Chromosome	1283851	C,T
Chromosome	1285799	G,A
Chromosome	1286172	C,T
Chromosome	1286203	C,T
Chromosome	1286666	G,A
Chromosome	1286702	C,A
Chromosome	1287074	G,A
Chromosome	1287100	G,A
Chromosome	1287160	A,C
Chromosome	1287533	C,T
Chromosome	1288065	C,T
Chromosome	1288083	C,T
Chromosome	1288126	G,C
Chromosome	1288698	G,A
Chromosome	1288833	C,T
Chromosome	1288923	A,C
Chromosome	1289401	A,G
Chromosome	1289555	C,G
Chromosome	1289789	A,G
Chromosome	1290326	G,A
Chromosome	1291650	T,G
Chromosome	1292464	C,T
Chromosome	1293121	C,T
Chromosome	1294398	C,T
Chromosome	1295399	A,C
Chromosome	1295651	C,G
Chromosome	1296834	A,C
Chromosome	1297084	G,A
Chromosome	1297327	G,A
Chromosome	1297929	C,T
Chromosome	1297981	G,C
Chromosome	1298713	C,A
Chromosome	1298834	C,A
Chromosome	1298893	G,A
Chromosome	1299130	G,A
Chromosome	1299558	C,A
Chromosome	1300096	G,A
Chromosome	1301200	C,A
Chromosome	1301208	G,C
Chromosome	1301571	C,T
Chromosome	1301873	A,C
Chromosome	1302475	C,A
Chromosome	1302667	G,A
Chromosome	1304265	C,T
Chromosome	1305129	C,T
Chromosome	1305657	G,A
Chromosome	1305866	C,T
Chromosome	1305971	C,T
Chromosome	1306209	C,T
Chromosome	1306444	T,C
Chromosome	1306874	C,T
Chromosome	1307140	C,T
Chromosome	1308026	G,T
Chromosome	1308317	T,C
Chromosome	1308600	C,T
Chromosome	1309117	A,G
Chromosome	1309494	A,G
Chromosome	1309840	C,A
Chromosome	1310743	C,G
Chromosome	1310756	G,C
Chromosome	1310960	C,T
Chromosome	1310963	T,G
Chromosome	1311086	A,G
Chromosome	1311443	C,T
Chromosome	1312065	A,C
Chromosome	1312138	C,G
Chromosome	1312473	C,T
Chromosome	1313055	T,C
Chromosome	1313384	T,C
Chromosome	1313430	G,A
Chromosome	1313459	C,T
Chromosome	1313596	T,C
Chromosome	1314261	G,A
Chromosome	1314617	C,T
Chromosome	1315186	G,A
Chromosome	1315359	C,A
Chromosome	1315746	G,A
Chromosome	1316480	G,C
Chromosome	1316651	A,G
Chromosome	1317045	C,T
Chromosome	1317369	C,T
Chromosome	1317655	C,T
Chromosome	1317796	C,T
Chromosome	1317991	G,C
Chromosome	1318106	G,T
Chromosome	1319586	C,T
Chromosome	1320508	G,A
Chromosome	1320614	C,G
Chromosome	1320675	G,A
Chromosome	1320985	C,T
Chromosome	1321096	G,A
Chromosome	1321202	G,C
Chromosome	1321210	C,T
Chromosome	1323374	T,C
Chromosome	1323589	G,T
Chromosome	1323639	A,T
Chromosome	1324292	T,G
Chromosome	1324422	G,A
Chromosome	1324724	C,A
Chromosome	1324918	C,G
Chromosome	1325249	T,G
Chromosome	1325647	T,C
Chromosome	1325954	T,C
Chromosome	1325990	T,G
Chromosome	1326348	C,T
Chromosome	1326796	T,G
Chromosome	1327407	T,C
Chromosome	1328222	T,C
Chromosome	1328913	G,A
Chromosome	1329168	C,T
Chromosome	1329328	T,G
Chromosome	1329365	T,A
Chromosome	1329368	C,T
Chromosome	1330443	G,A
Chromosome	1331187	G,C
Chromosome	1331659	C,T
Chromosome	1333028	T,C
Chromosome	1333051	C,G
Chromosome	1333833	C,A
Chromosome	1334260	C,A
Chromosome	1334310	C,T
Chromosome	1334999	A,G
Chromosome	1335596	G,A
Chromosome	1335651	G,A
Chromosome	1335913	C,G
Chromosome	1336072	C,T
Chromosome	1338172	G,C
Chromosome	1338675	C,T
Chromosome	1338678	C,A
Chromosome	1338837	A,G
Chromosome	1340049	A,G
Chromosome	1340207	C,T
Chromosome	1341120	A,G
Chromosome	1341152	C,T
Chromosome	1341174	T,C
Chromosome	1343189	T,G
Chromosome	1343728	C,T
Chromosome	1344741	A,G
Chromosome	1344807	G,A
Chromosome	1344964	C,T
Chromosome	1345104	G,A
Chromosome	1345335	G,A
Chromosome	1346228	G,A
Chromosome	1346422	C,T
Chromosome	1346702	C,T
Chromosome	1347201	C,T
Chromosome	1347615	G,A
Chromosome	1349002	T,C
Chromosome	1349601	C,T
Chromosome	1351172	A,G
Chromosome	1352350	C,T
Chromosome	1352604	C,T
Chromosome	1353462	G,A
Chromosome	1353773	C,G
Chromosome	1354643	A,C
Chromosome	1354765	C,G
Chromosome	1354912	C,T
Chromosome	1355203	G,A
Chromosome	1355424	T,C
Chromosome	1355438	G,A
Chromosome	1355616	C,T
Chromosome	1355688	G,T
Chromosome	1356648	C,T
Chromosome	1357605	C,T
Chromosome	1358197	C,T
Chromosome	1358359	G,T
Chromosome	1358406	C,G
Chromosome	1358422	C,T
Chromosome	1358592	G,A
Chromosome	1358885	T,C
Chromosome	1358934	T,G
Chromosome	1359225	C,A
Chromosome	1359271	C,G
Chromosome	1361220	C,T
Chromosome	1361251	A,G
Chromosome	1361350	A,C
Chromosome	1362109	G,A
Chromosome	1363023	C,G
Chromosome	1363151	C,T
Chromosome	1363194	G,A
Chromosome	1363986	C,T
Chromosome	1364112	G,C
Chromosome	1364345	A,G
Chromosome	1364434	C,T
Chromosome	1364706	G,A
Chromosome	1364961	A,C
Chromosome	1365061	A,G
Chromosome	1365242	T,A
Chromosome	1365243	C,A
Chromosome	1365430	G,C
Chromosome	1365748	C,T
Chromosome	1365818	C,A
Chromosome	1365895	G,A
Chromosome	1366166	G,A
Chromosome	1366403	T,C
Chromosome	1366937	G,A
Chromosome	1367484	T,G
Chromosome	1368133	C,A
Chromosome	1368469	G,T
Chromosome	1369016	A,T
Chromosome	1369060	G,T
Chromosome	1369389	C,T
Chromosome	1369735	G,A
Chromosome	1369927	C,T
Chromosome	1371187	G,A
Chromosome	1371338	T,G
Chromosome	1371470	G,A
Chromosome	1371697	G,A
Chromosome	1371923	C,A
Chromosome	1372002	C,T
Chromosome	1372301	G,C
Chromosome	1372975	G,C
Chromosome	1373170	G,C
Chromosome	1373216	C,A
Chromosome	1373502	G,A
Chromosome	1373735	C,A
Chromosome	1373909	A,G
Chromosome	1374578	C,T
Chromosome	1374639	T,A
Chromosome	1374685	C,G
Chromosome	1375071	C,A
Chromosome	1375114	G,A
Chromosome	1375542	G,A
Chromosome	1376033	C,G
Chromosome	1376624	C,T
Chromosome	1376642	T,C
Chromosome	1376886	G,T
Chromosome	1377185	C,G
Chromosome	1377568	A,G
Chromosome	1377801	T,C
Chromosome	1377919	C,A
Chromosome	1379202	G,A
Chromosome	1379777	T,C
Chromosome	1380932	G,A
Chromosome	1383185	A,C
Chromosome	1383672	T,G
Chromosome	1383800	G,A
Chromosome	1384188	C,A
Chromosome	1384198	T,C
Chromosome	1384291	T,G
Chromosome	1386041	C,T
Chromosome	1386496	G,T
Chromosome	1386936	C,G
Chromosome	1387211	G,A
Chromosome	1387478	G,C
Chromosome	1388427	C,T
Chromosome	1388517	C,T
Chromosome	1388539	G,A
Chromosome	1388627	A,G
Chromosome	1388682	G,A
Chromosome	1388711	G,A
Chromosome	1388741	T,G
Chromosome	1389866	C,T
Chromosome	1390528	G,T
Chromosome	1391056	T,G
Chromosome	1391728	C,T
Chromosome	1391766	C,T
Chromosome	1391868	G,A
Chromosome	1391967	G,A
Chromosome	1392054	C,G
Chromosome	1393132	G,A
Chromosome	1393507	A,G
Chromosome	1393527	G,A
Chromosome	1393729	A,T
Chromosome	1393782	C,T
Chromosome	1394040	G,C
Chromosome	1395331	A,T
Chromosome	1395587	C,T
Chromosome	1395854	C,A
Chromosome	1396792	G,T
Chromosome	1396922	T,C
Chromosome	1397199	G,A
Chromosome	1397215	C,G
Chromosome	1397989	A,C
Chromosome	1398329	C,A
Chromosome	1398759	G,A
Chromosome	1399084	C,T
Chromosome	1399129	C,T
Chromosome	1399311	G,A
Chromosome	1399526	C,T
Chromosome	1399589	T,G
Chromosome	1400646	A,C
Chromosome	1400830	G,T
Chromosome	1401050	C,T
Chromosome	1401206	G,A
Chromosome	1401599	C,G
Chromosome	1401782	C,G
Chromosome	1402895	C,T
Chromosome	1403266	C,G
Chromosome	1405848	C,T
Chromosome	1406312	A,G
Chromosome	1409019	G,C
Chromosome	1409766	C,T
Chromosome	1410063	G,A
Chromosome	1410354	C,T
Chromosome	1410646	G,A
Chromosome	1411712	T,C
Chromosome	1412686	G,A
Chromosome	1412928	T,C
Chromosome	1413242	G,T
Chromosome	1413285	T,G
Chromosome	1414009	T,C
Chromosome	1414044	G,C
Chromosome	1414381	T,G
Chromosome	1414528	G,A
Chromosome	1414759	C,T
Chromosome	1415259	G,A
Chromosome	1416410	A,C
Chromosome	1416702	A,G
Chromosome	1416977	T,C
Chromosome	1417019	C,T
Chromosome	1417464	G,A
Chromosome	1417793	G,A
Chromosome	1418091	A,G
Chromosome	1418234	C,T
Chromosome	1419373	T,C
Chromosome	1419623	G,T
Chromosome	1419658	C,T
Chromosome	1420138	C,A
Chromosome	1421109	A,G
Chromosome	1421309	G,A
Chromosome	1421398	G,A
Chromosome	1422079	C,G
Chromosome	1423083	T,C
Chromosome	1423209	A,G
Chromosome	1423826	C,T
Chromosome	1425039	C,T
Chromosome	1425511	A,G
Chromosome	1426079	C,T
Chromosome	1427067	C,G
Chromosome	1428629	C,T
Chromosome	1429541	A,G
Chromosome	1430009	G,A
Chromosome	1430203	C,T
Chromosome	1430596	C,T
Chromosome	1430989	T,G
Chromosome	1431021	C,A
Chromosome	1431097	G,T
Chromosome	1432258	C,T
Chromosome	1432945	C,T
Chromosome	1433143	G,A
Chromosome	1433412	C,T
Chromosome	1433787	A,G
Chromosome	1434298	C,T
Chromosome	1434318	G,T
Chromosome	1434319	A,T
Chromosome	1434648	C,T
Chromosome	1434990	C,T
Chromosome	1435089	G,A
Chromosome	1435481	C,A
Chromosome	1435763	C,T
Chromosome	1435831	T,C
Chromosome	1436230	A,G
Chromosome	1436284	A,G
Chromosome	1436348	C,T
Chromosome	1436571	C,T
Chromosome	1436780	C,G
Chromosome	1436782	G,A
Chromosome	1437284	G,A
Chromosome	1437497	C,T
Chromosome	1437841	C,T
Chromosome	1437906	T,C
Chromosome	1438578	A,G
Chromosome	1438989	C,T
Chromosome	1439318	C,T
Chromosome	1439332	C,T
Chromosome	1439504	C,G
Chromosome	1440150	T,C
Chromosome	1440409	G,A
Chromosome	1440496	T,G
Chromosome	1440771	T,G
Chromosome	1441334	G,A
Chromosome	1441794	A,G
Chromosome	1442109	C,T
Chromosome	1442141	C,G
Chromosome	1442227	T,C
Chromosome	1442492	C,T
Chromosome	1443354	C,T
Chromosome	1443507	A,G
Chromosome	1443899	T,C
Chromosome	1444202	C,G
Chromosome	1444492	C,T
Chromosome	1444655	C,T
Chromosome	1445091	T,G
Chromosome	1445416	C,T
Chromosome	1445430	C,A
Chromosome	1445922	A,G
Chromosome	1445977	C,T
Chromosome	1446159	G,T
Chromosome	1446484	C,A
Chromosome	1446697	G,A
Chromosome	1446846	C,T
Chromosome	1447655	T,C
Chromosome	1448088	G,A
Chromosome	1448092	G,A
Chromosome	1449011	G,A
Chromosome	1449038	C,T
Chromosome	1450204	T,G
Chromosome	1450316	C,T
Chromosome	1450463	C,T
Chromosome	1451405	G,A
Chromosome	1451491	G,A
Chromosome	1451542	C,T
Chromosome	1452071	C,A
Chromosome	1452717	C,T
Chromosome	1452918	T,C
Chromosome	1453165	C,G
Chromosome	1453183	C,A
Chromosome	1453460	C,T
Chromosome	1453896	C,A
Chromosome	1454192	A,G
Chromosome	1454432	C,T
Chromosome	1455207	C,G
Chromosome	1455780	T,C
Chromosome	1456926	C,G
Chromosome	1458106	C,A
Chromosome	1458137	C,T
Chromosome	1459257	C,T
Chromosome	1461173	C,T
Chromosome	1461309	C,T
Chromosome	1461451	T,C
Chromosome	1462183	C,T
Chromosome	1462220	G,C
Chromosome	1462270	A,G
Chromosome	1462787	C,A
Chromosome	1463143	C,T
Chromosome	1463776	C,T
Chromosome	1463923	C,T
Chromosome	1465155	C,T
Chromosome	1465317	C,T
Chromosome	1465535	A,G
Chromosome	1466408	C,T
Chromosome	1466779	C,T
Chromosome	1467208	C,A
Chromosome	1467505	C,T
Chromosome	1467695	C,T
Chromosome	1467753	G,A
Chromosome	1469852	G,T
Chromosome	1470109	G,A
Chromosome	1470261	G,A
Chromosome	1470283	T,G
Chromosome	1470315	G,A
Chromosome	1471628	C,T
Chromosome	1472770	C,T
Chromosome	1476664	T,G
Chromosome	1477588	G,C
Chromosome	1478222	C,G
Chromosome	1478277	T,G
Chromosome	1478357	G,T
Chromosome	1478425	C,A
Chromosome	1478850	A,G
Chromosome	1479325	C,A
Chromosome	1480813	C,T
Chromosome	1480868	T,C
Chromosome	1481731	C,T
Chromosome	1482185	C,T
Chromosome	1482563	C,T
Chromosome	1482721	C,G
Chromosome	1482803	G,C
Chromosome	1483186	T,G
Chromosome	1485309	C,T
Chromosome	1485363	G,T
Chromosome	1485541	G,C
Chromosome	1487084	C,T
Chromosome	1487485	G,A
Chromosome	1487674	G,A
Chromosome	1487796	C,A
Chromosome	1488041	C,T
Chromosome	1488286	G,T
Chromosome	1489664	A,C
Chromosome	1489842	C,A
Chromosome	1489912	C,T
Chromosome	1490140	C,T
Chromosome	1490905	A,G
Chromosome	1491275	G,A
Chromosome	1492049	C,T
Chromosome	1492961	G,A
Chromosome	1493562	C,T
Chromosome	1494172	C,T
Chromosome	1494231	G,A
Chromosome	1494456	T,G
Chromosome	1495150	A,G
Chromosome	1495160	G,A
Chromosome	1495326	A,G
Chromosome	1495341	G,A
Chromosome	1495836	G,A
Chromosome	1496034	C,T
Chromosome	1496158	A,G
Chromosome	1496663	G,T
Chromosome	1496863	C,T
Chromosome	1498304	A,C
Chromosome	1498691	A,C
Chromosome	1498862	C,A
Chromosome	1499248	C,T
Chromosome	1499291	C,T
Chromosome	1500080	G,A
Chromosome	1501153	C,T
Chromosome	1501186	T,C
Chromosome	1501448	G,T
Chromosome	1502795	T,C
Chromosome	1502798	C,T
Chromosome	1503186	G,C
Chromosome	1504334	A,G
Chromosome	1504511	C,G
Chromosome	1505002	A,T
Chromosome	1505028	G,A
Chromosome	1505182	C,T
Chromosome	1505535	G,T
Chromosome	1505806	C,T
Chromosome	1505829	C,T
Chromosome	1506094	G,A
Chromosome	1507101	T,C
Chromosome	1507342	C,T
Chromosome	1507546	C,A
Chromosome	1507920	G,A
Chromosome	1508301	C,G
Chromosome	1508817	G,A
Chromosome	1509067	C,T
Chromosome	1509093	C,G
Chromosome	1509360	C,G
Chromosome	1509924	C,T
Chromosome	1510157	G,A
Chromosome	1511460	C,T
Chromosome	1512864	G,T
Chromosome	1512937	A,G
Chromosome	1513250	C,T
Chromosome	1514010	G,T
Chromosome	1515003	G,A
Chromosome	1515388	A,C
Chromosome	1516601	G,C
Chromosome	1516704	C,T
Chromosome	1517101	C,T
Chromosome	1517316	G,C
Chromosome	1517377	G,A
Chromosome	1517912	C,T
Chromosome	1518078	G,A
Chromosome	1518164	T,A
Chromosome	1518165	C,G
Chromosome	1518271	G,A
Chromosome	1518365	C,T
Chromosome	1518463	T,A
Chromosome	1518681	C,G
Chromosome	1519164	C,T
Chromosome	1519844	C,T
Chromosome	1519897	T,C
Chromosome	1519924	A,C
Chromosome	1520669	G,A
Chromosome	1521892	T,C
Chromosome	1521911	G,T
Chromosome	1521997	T,G
Chromosome	1522142	T,G
Chromosome	1522361	C,T
Chromosome	1522385	G,A
Chromosome	1522386	G,A
Chromosome	1522404	C,A
Chromosome	1524716	C,T
Chromosome	1524890	C,T
Chromosome	1524904	A,G
Chromosome	1525102	A,C
Chromosome	1525160	G,A
Chromosome	1525390	G,C
Chromosome	1525437	G,A
Chromosome	1526100	A,G
Chromosome	1526754	G,C
Chromosome	1526839	G,A
Chromosome	1526904	A,G
Chromosome	1527632	C,T
Chromosome	1527844	G,A
Chromosome	1527936	A,C
Chromosome	1528558	A,G
Chromosome	1529179	G,A
Chromosome	1529952	G,A
Chromosome	1530439	T,C
Chromosome	1531216	G,A
Chromosome	1531299	A,G
Chromosome	1531453	T,C
Chromosome	1531813	G,A
Chromosome	1532173	A,G
Chromosome	1532357	A,C
Chromosome	1532902	C,T
Chromosome	1533623	A,G
Chromosome	1533993	G,T
Chromosome	1533999	G,C
Chromosome	1534538	C,T
Chromosome	1534548	G,A
Chromosome	1534767	T,G
Chromosome	1534820	A,G
Chromosome	1534929	G,T
Chromosome	1535499	C,T
Chromosome	1535643	C,T
Chromosome	1536424	C,T
Chromosome	1537075	C,T
Chromosome	1538651	C,G
Chromosome	1538720	C,T
Chromosome	1538862	G,T
Chromosome	1539110	C,T
Chromosome	1539232	A,G
Chromosome	1539299	C,T
Chromosome	1540352	G,A
Chromosome	1540364	G,A
Chromosome	1540808	C,A
Chromosome	1541129	C,T
Chromosome	1541214	T,C
Chromosome	1541348	C,T
Chromosome	1543495	A,G
Chromosome	1543874	G,T
Chromosome	1544349	T,G
Chromosome	1544411	G,T
Chromosome	1544460	A,G
Chromosome	1545119	C,T
Chromosome	1545125	A,G
Chromosome	1545139	G,T
Chromosome	1545472	C,T
Chromosome	1545720	A,G
Chromosome	1546130	A,C
Chromosome	1546541	A,C
Chromosome	1546596	C,T
Chromosome	1547426	C,G
Chromosome	1547498	G,A
Chromosome	1547568	C,T
Chromosome	1548127	C,G
Chromosome	1549182	G,T
Chromosome	1549307	G,T
Chromosome	1549646	C,T
Chromosome	1549838	C,T
Chromosome	1550755	G,A
Chromosome	1550928	G,T
Chromosome	1550945	T,G
Chromosome	1551253	G,C
Chromosome	1552163	A,C
Chromosome	1552501	C,T
Chromosome	1552630	C,T
Chromosome	1552837	C,T
Chromosome	1553399	C,T
Chromosome	1553855	C,T
Chromosome	1553876	C,G
Chromosome	1554087	T,G
Chromosome	1555342	C,T
Chromosome	1555432	C,T
Chromosome	1555736	C,T
Chromosome	1555801	C,T
Chromosome	1555872	A,G
Chromosome	1555979	A,T
Chromosome	1556018	C,T
Chromosome	1556626	T,C
Chromosome	1556787	T,C
Chromosome	1557212	C,T
Chromosome	1557518	A,G
Chromosome	1557554	C,G
Chromosome	1558894	T,C
Chromosome	1560777	G,A
Chromosome	1560912	G,A
Chromosome	1561245	C,T
Chromosome	1561400	T,G
Chromosome	1561475	A,C
Chromosome	1561671	G,T
Chromosome	1561802	G,T
Chromosome	1562390	A,G
Chromosome	1562776	G,T
Chromosome	1562918	G,C
Chromosome	1563784	C,T
Chromosome	1564170	G,A
Chromosome	1564381	G,A
Chromosome	1564490	C,G
Chromosome	1564506	A,G
Chromosome	1564640	C,A
Chromosome	1564799	C,T
Chromosome	1564845	C,G
Chromosome	1565566	C,T
Chromosome	1565739	C,T
Chromosome	1565767	C,T
Chromosome	1566144	A,G
Chromosome	1566665	A,C
Chromosome	1567056	A,C
Chromosome	1567092	T,C
Chromosome	1567109	C,T
Chromosome	1567408	G,A
Chromosome	1567479	A,G
Chromosome	1567524	G,A
Chromosome	1567533	G,C
Chromosome	1567985	A,G
Chromosome	1568018	C,T
Chromosome	1568178	C,T
Chromosome	1568756	C,A
Chromosome	1568891	G,C
Chromosome	1569602	G,A
Chromosome	1569845	C,T
Chromosome	1569878	G,T
Chromosome	1570300	G,T
Chromosome	1570380	G,A
Chromosome	1570437	C,T
Chromosome	1570483	C,G
Chromosome	1570771	G,A
Chromosome	1570997	G,A
Chromosome	1571642	G,T
Chromosome	1572224	G,C
Chromosome	1572332	G,T
Chromosome	1572432	C,G
Chromosome	1573968	C,T
Chromosome	1574120	G,A
Chromosome	1574501	C,G
Chromosome	1574707	C,T
Chromosome	1575095	G,C
Chromosome	1575188	C,T
Chromosome	1575275	C,A
Chromosome	1575674	G,C
Chromosome	1575793	A,G
Chromosome	1575811	G,A
Chromosome	1576844	C,T
Chromosome	1577241	G,A
Chromosome	1577475	C,A
Chromosome	1577560	G,C
Chromosome	1578212	A,C
Chromosome	1578829	T,G
Chromosome	1579197	C,T
Chromosome	1579482	G,A
Chromosome	1580116	C,T
Chromosome	1580181	G,A
Chromosome	1580283	A,G
Chromosome	1581377	C,T
Chromosome	1581419	C,A
Chromosome	1581704	G,C
Chromosome	1581727	G,A
Chromosome	1582356	C,T
Chromosome	1582418	G,T
Chromosome	1583387	C,T
Chromosome	1584108	C,T
Chromosome	1584217	C,T
Chromosome	1584520	A,G
Chromosome	1585032	C,T
Chromosome	1585248	C,T
Chromosome	1585900	C,T
Chromosome	1588746	C,T
Chromosome	1588861	G,A
Chromosome	1588887	T,C
Chromosome	1589096	C,T
Chromosome	1589352	C,T
Chromosome	1589383	A,G
Chromosome	1589420	A,G
Chromosome	1589496	G,A
Chromosome	1589739	C,T
Chromosome	1589948	C,T
Chromosome	1590555	C,T
Chromosome	1591039	G,A
Chromosome	1592015	C,T
Chromosome	1592453	T,C
Chromosome	1593112	C,G
Chromosome	1593264	C,T
Chromosome	1593536	T,C
Chromosome	1593952	G,A
Chromosome	1594788	G,A
Chromosome	1594848	G,A
Chromosome	1594906	G,A
Chromosome	1595197	C,T
Chromosome	1595934	G,C
Chromosome	1596515	C,T
Chromosome	1596656	T,C
Chromosome	1596734	C,T
Chromosome	1597137	C,T
Chromosome	1597190	C,T
Chromosome	1597377	G,A
Chromosome	1597405	G,A
Chromosome	1597696	G,A
Chromosome	1598218	C,G
Chromosome	1598580	C,T
Chromosome	1598857	A,G
Chromosome	1598969	A,C
Chromosome	1599076	C,T
Chromosome	1599128	T,C
Chromosome	1599996	C,T
Chromosome	1600164	C,T
Chromosome	1600514	C,T
Chromosome	1600586	C,T
Chromosome	1600648	G,C
Chromosome	1601416	C,T
Chromosome	1601428	G,T
Chromosome	1601528	C,T
Chromosome	1601551	G,A
Chromosome	1601722	C,T
Chromosome	1602233	G,A
Chromosome	1603185	C,T
Chromosome	1603232	C,T
Chromosome	1603637	T,C
Chromosome	1603815	G,A
Chromosome	1604013	C,T
Chromosome	1604290	A,T
Chromosome	1604512	C,T
Chromosome	1604602	G,T
Chromosome	1604677	C,T
Chromosome	1604736	A,G
Chromosome	1604835	C,A
Chromosome	1605016	C,T
Chromosome	1605202	G,C
Chromosome	1605512	A,G
Chromosome	1605802	G,A
Chromosome	1606673	G,T
Chromosome	1607415	C,A
Chromosome	1608276	A,C
Chromosome	1608427	G,A
Chromosome	1608935	A,G
Chromosome	1609646	G,T
Chromosome	1610350	C,T
Chromosome	1611024	C,T
Chromosome	1612514	G,A
Chromosome	1612704	C,T
Chromosome	1613708	C,T
Chromosome	1613927	C,A
Chromosome	1614557	C,T
Chromosome	1614979	G,C
Chromosome	1615163	A,G
Chromosome	1616069	T,C
Chromosome	1616354	T,G
Chromosome	1617302	G,T
Chromosome	1617833	C,T
Chromosome	1618299	A,G
Chromosome	1618857	G,A
Chromosome	1618999	C,T
Chromosome	1619134	G,A
Chromosome	1619317	C,G
Chromosome	1619841	G,A
Chromosome	1620192	C,T
Chromosome	1620287	C,T
Chromosome	1620582	T,C
Chromosome	1621055	G,A
Chromosome	1622373	T,C
Chromosome	1622499	C,T
Chromosome	1622580	C,A
Chromosome	1622641	C,T
Chromosome	1623789	C,T
Chromosome	1624013	G,C
Chromosome	1624388	C,T
Chromosome	1624992	G,A
Chromosome	1625019	G,A
Chromosome	1625336	G,C
Chromosome	1625676	G,A
Chromosome	1625769	G,A
Chromosome	1626022	T,C
Chromosome	1626655	T,C
Chromosome	1626656	C,T
Chromosome	1626862	A,G
Chromosome	1627489	T,C
Chromosome	1627772	G,A
Chromosome	1629038	G,A
Chromosome	1629058	G,A
Chromosome	1629090	C,G
Chromosome	1630018	T,C
Chromosome	1631659	C,G
Chromosome	1633199	C,T
Chromosome	1634806	C,T
Chromosome	1634843	C,G
Chromosome	1635527	G,A
Chromosome	1635582	T,C
Chromosome	1635877	G,T
Chromosome	1636770	C,T
Chromosome	1638840	G,T
Chromosome	1639002	G,A
Chromosome	1639006	A,G
Chromosome	1639579	A,G
Chromosome	1639699	A,C
Chromosome	1639894	A,C
Chromosome	1639943	G,A
Chromosome	1640244	C,T
Chromosome	1640446	G,C
Chromosome	1640695	C,T
Chromosome	1642075	C,T
Chromosome	1642714	C,A
Chromosome	1643053	G,A
Chromosome	1643148	G,A
Chromosome	1643864	T,C
Chromosome	1644657	C,T
Chromosome	1644830	A,G
Chromosome	1645173	C,A
Chromosome	1645334	C,T
Chromosome	1645599	C,T
Chromosome	1645620	G,A
Chromosome	1646283	C,T
Chromosome	1646777	A,T
Chromosome	1646863	G,T
Chromosome	1647436	G,A
Chromosome	1647800	A,G
Chromosome	1647807	T,C
Chromosome	1647830	G,A
Chromosome	1648746	A,C
Chromosome	1649265	G,A
Chromosome	1649476	G,T
Chromosome	1649678	C,G
Chromosome	1650265	T,C
Chromosome	1650406	C,A
Chromosome	1650786	C,T
Chromosome	1651063	C,G
Chromosome	1651164	G,A
Chromosome	1651308	A,G
Chromosome	1652216	A,G
Chromosome	1652272	A,C
Chromosome	1652798	G,A
Chromosome	1652839	G,C
Chromosome	1653347	C,G
Chromosome	1654031	T,C
Chromosome	1654689	C,T
Chromosome	1654730	T,G
Chromosome	1654736	T,C
Chromosome	1655137	G,T
Chromosome	1655560	A,G
Chromosome	1655606	C,A
Chromosome	1656178	C,T
Chromosome	1656339	T,G
Chromosome	1656881	C,T
Chromosome	1656971	G,T
Chromosome	1657843	G,A
Chromosome	1658030	C,T
Chromosome	1658626	G,C
Chromosome	1658863	T,A
Chromosome	1659472	G,T
Chromosome	1659666	G,A
Chromosome	1659902	T,C
Chromosome	1660045	A,G
Chromosome	1660292	C,A
Chromosome	1660440	G,A
Chromosome	1661723	G,A
Chromosome	1661870	G,A
Chromosome	1662331	G,T
Chromosome	1662897	G,A
Chromosome	1663221	T,G
Chromosome	1664167	A,G
Chromosome	1664286	G,A
Chromosome	1665285	C,A
Chromosome	1665634	T,C
Chromosome	1666203	G,A
Chromosome	1666696	G,A
Chromosome	1666796	C,A
Chromosome	1667070	G,A
Chromosome	1667112	A,G
Chromosome	1667548	G,A
Chromosome	1667653	C,T
Chromosome	1668900	C,T
Chromosome	1668914	C,G
Chromosome	1668943	C,A
Chromosome	1669158	T,C
Chromosome	1669296	G,A
Chromosome	1669358	C,A
Chromosome	1669556	G,T
Chromosome	1670814	C,T
Chromosome	1671845	A,G
Chromosome	1672097	A,G
Chromosome	1672136	A,G
Chromosome	1672389	T,C
Chromosome	1672681	C,T
Chromosome	1672808	G,A
Chromosome	1673254	A,C
Chromosome	1673680	C,G
Chromosome	1673766	C,T
Chromosome	1674481	T,G
Chromosome	1675080	C,G
Chromosome	1676308	T,C
Chromosome	1676662	C,G
Chromosome	1676742	G,T
Chromosome	1676880	A,G
Chromosome	1677267	G,A
Chromosome	1677603	G,A
Chromosome	1677765	C,T
Chromosome	1678035	G,C
Chromosome	1678309	C,T
Chromosome	1678639	C,G
Chromosome	1678706	A,C
Chromosome	1678778	T,C
Chromosome	1679097	T,G
Chromosome	1679214	G,A
Chromosome	1679643	A,G
Chromosome	1679883	C,G
Chromosome	1680083	G,A
Chromosome	1680115	A,G
Chromosome	1680330	T,C
Chromosome	1681147	G,A
Chromosome	1681310	C,T
Chromosome	1681722	G,A
Chromosome	1682922	G,A
Chromosome	1683916	A,G
Chromosome	1684546	T,C
Chromosome	1686305	C,T
Chromosome	1686313	C,T
Chromosome	1686414	C,T
Chromosome	1686538	C,T
Chromosome	1686737	C,T
Chromosome	1687287	T,C
Chromosome	1688300	T,C
Chromosome	1688649	G,C
Chromosome	1689879	C,T
Chromosome	1690091	G,T
Chromosome	1690140	A,C
Chromosome	1690252	T,C
Chromosome	1690407	G,A
Chromosome	1690855	C,T
Chromosome	1690970	G,T
Chromosome	1690984	C,G
Chromosome	1691520	T,G
Chromosome	1692101	T,C
Chromosome	1692186	C,A
Chromosome	1692531	G,A
Chromosome	1692640	C,T
Chromosome	1692670	C,G
Chromosome	1692824	A,G
Chromosome	1692877	G,T
Chromosome	1693461	A,G
Chromosome	1693903	C,T
Chromosome	1694058	G,C
Chromosome	1694277	A,G
Chromosome	1694385	C,G
Chromosome	1695364	C,G
Chromosome	1695603	A,C
Chromosome	1695791	G,T
Chromosome	1696370	T,C
Chromosome	1696464	C,G
Chromosome	1696612	C,G
Chromosome	1697242	C,T
Chromosome	1697309	A,G
Chromosome	1697460	C,T
Chromosome	1697726	G,A
Chromosome	1697779	G,C
Chromosome	1698180	G,T
Chromosome	1698192	T,C
Chromosome	1698204	C,G
Chromosome	1698290	G,A
Chromosome	1699495	C,T
Chromosome	1700316	A,C
Chromosome	1700470	G,T
Chromosome	1701130	A,G
Chromosome	1701477	C,G
Chromosome	1702733	C,T
Chromosome	1702747	A,C
Chromosome	1703142	C,G
Chromosome	1703193	C,G
Chromosome	1703289	C,T
Chromosome	1703568	C,T
Chromosome	1703723	T,G
Chromosome	1705823	G,T
Chromosome	1706262	T,C
Chromosome	1707420	C,A
Chromosome	1707800	G,T
Chromosome	1708095	C,T
Chromosome	1708141	C,T
Chromosome	1708170	A,G
Chromosome	1708697	G,A
Chromosome	1708843	G,A
Chromosome	1708846	C,T
Chromosome	1708893	T,C
Chromosome	1710085	G,C
Chromosome	1710243	T,C
Chromosome	1710248	A,G
Chromosome	1710354	C,G
Chromosome	1711336	G,A
Chromosome	1711676	A,C
Chromosome	1712320	T,C
Chromosome	1712655	T,G
Chromosome	1712671	G,A
Chromosome	1712814	C,T
Chromosome	1713460	C,G
Chromosome	1713875	G,C
Chromosome	1713918	G,T
Chromosome	1714363	C,T
Chromosome	1714553	C,G
Chromosome	1714678	T,C
Chromosome	1714913	C,T
Chromosome	1715216	G,T
Chromosome	1715799	C,A
Chromosome	1715828	G,C
Chromosome	1716649	C,T
Chromosome	1716872	G,A
Chromosome	1717003	T,C
Chromosome	1718087	T,G
Chromosome	1718152	T,C
Chromosome	1718813	G,C
Chromosome	1719909	C,T
Chromosome	1720134	A,G
Chromosome	1721370	C,T
Chromosome	1721372	A,C
Chromosome	1721490	C,G
Chromosome	1721745	C,T
Chromosome	1721987	C,T
Chromosome	1722036	C,A
Chromosome	1722138	G,A
Chromosome	1723697	C,A
Chromosome	1724095	A,G
Chromosome	1724120	G,A
Chromosome	1724800	C,T
Chromosome	1725375	C,T
Chromosome	1726148	G,A
Chromosome	1726541	G,A
Chromosome	1726973	C,T
Chromosome	1727875	T,C
Chromosome	1728022	C,G
Chromosome	1728154	C,G
Chromosome	1728324	C,A
Chromosome	1728407	C,T
Chromosome	1728460	A,C
Chromosome	1728603	C,T
Chromosome	1728837	A,G
Chromosome	1729178	C,T
Chromosome	1729548	T,G
Chromosome	1730367	A,G
Chromosome	1730524	G,A
Chromosome	1730926	C,T
Chromosome	1731459	C,A
Chromosome	1731563	A,T
Chromosome	1731931	C,A
Chromosome	1732204	A,G
Chromosome	1732248	G,T
Chromosome	1732305	C,T
Chromosome	1732361	C,T
Chromosome	1732719	C,G
Chromosome	1733198	T,C
Chromosome	1733563	A,G
Chromosome	1734398	G,C
Chromosome	1734985	C,T
Chromosome	1735757	G,C
Chromosome	1735903	A,G
Chromosome	1736030	C,T
Chromosome	1736577	A,G
Chromosome	1736595	A,C
Chromosome	1736653	G,T
Chromosome	1738011	G,A
Chromosome	1738446	G,T
Chromosome	1738751	C,A
Chromosome	1739294	C,G
Chromosome	1739390	A,G
Chromosome	1739559	T,C
Chromosome	1740050	G,T
Chromosome	1740291	A,G
Chromosome	1740535	G,A
Chromosome	1740762	T,G
Chromosome	1740771	A,C
Chromosome	1741100	G,A
Chromosome	1741224	G,A
Chromosome	1741423	T,C
Chromosome	1742284	C,T
Chromosome	1743003	G,C
Chromosome	1744722	C,T
Chromosome	1745446	T,A
Chromosome	1745708	C,T
Chromosome	1746009	A,C
Chromosome	1746233	A,C
Chromosome	1746252	G,A
Chromosome	1746781	G,A
Chromosome	1747327	C,T
Chromosome	1748125	C,T
Chromosome	1748439	C,T
Chromosome	1749146	T,C
Chromosome	1750386	C,T
Chromosome	1750457	A,G
Chromosome	1750465	T,C
Chromosome	1750602	A,G
Chromosome	1750843	G,A
Chromosome	1750921	C,A
Chromosome	1751042	C,T
Chromosome	1751346	A,G
Chromosome	1751449	C,T
Chromosome	1751493	C,T
Chromosome	1751958	G,C
Chromosome	1751960	C,G
Chromosome	1752003	C,T
Chromosome	1752567	T,C
Chromosome	1753421	C,A
Chromosome	1753483	T,C
Chromosome	1754572	T,C
Chromosome	1754786	G,A
Chromosome	1754814	G,A
Chromosome	1755519	G,T
Chromosome	1756802	G,A
Chromosome	1757105	A,C
Chromosome	1757265	A,C
Chromosome	1757463	C,G
Chromosome	1757634	T,C
Chromosome	1757727	G,A
Chromosome	1757741	A,G
Chromosome	1758588	A,G
Chromosome	1758732	T,C
Chromosome	1759230	T,C
Chromosome	1759252	G,T
Chromosome	1759914	G,A
Chromosome	1759915	G,A
Chromosome	1760345	G,T
Chromosome	1761081	A,G
Chromosome	1761299	G,T
Chromosome	1761813	G,C
Chromosome	1762216	C,G
Chromosome	1762381	G,A
Chromosome	1763201	G,A
Chromosome	1763564	C,T
Chromosome	1763855	A,G
Chromosome	1764225	C,T
Chromosome	1764808	C,T
Chromosome	1765767	T,C
Chromosome	1766300	C,A
Chromosome	1766556	A,T
Chromosome	1766620	C,T
Chromosome	1766769	A,C
Chromosome	1768151	C,G
Chromosome	1768994	C,T
Chromosome	1769099	C,A
Chromosome	1769321	C,T
Chromosome	1769780	C,T
Chromosome	1770137	C,T
Chromosome	1770593	G,T
Chromosome	1770945	C,T
Chromosome	1771320	G,A
Chromosome	1771565	C,T
Chromosome	1771756	C,G
Chromosome	1771864	A,C
Chromosome	1772288	T,G
Chromosome	1772498	T,G
Chromosome	1772820	C,G
Chromosome	1772932	G,C
Chromosome	1772966	C,T
Chromosome	1773021	A,G
Chromosome	1773429	A,G
Chromosome	1773840	T,C
Chromosome	1774002	C,T
Chromosome	1775117	G,A
Chromosome	1775185	T,C
Chromosome	1776885	G,A
Chromosome	1776898	C,A
Chromosome	1777168	T,C
Chromosome	1778259	C,T
Chromosome	1778350	A,G
Chromosome	1778557	C,T
Chromosome	1778883	C,G
Chromosome	1778902	G,A
Chromosome	1781880	G,T
Chromosome	1783650	G,A
Chromosome	1786584	C,T
Chromosome	1787018	G,A
Chromosome	1789785	C,G
Chromosome	1789821	G,A
Chromosome	1789860	T,C
Chromosome	1789867	A,T
Chromosome	1790479	C,G
Chromosome	1790815	G,A
Chromosome	1791504	C,T
Chromosome	1791537	G,A
Chromosome	1791823	T,C
Chromosome	1791961	G,A
Chromosome	1792096	C,T
Chromosome	1792221	G,A
Chromosome	1792386	G,C
Chromosome	1793715	C,T
Chromosome	1793790	A,C
Chromosome	1793805	G,A
Chromosome	1793945	G,A
Chromosome	1795708	G,T
Chromosome	1796683	G,T
Chromosome	1797027	C,T
Chromosome	1797375	T,C
Chromosome	1798561	C,T
Chromosome	1798570	C,A
Chromosome	1798690	C,T
Chromosome	1799178	G,A
Chromosome	1799476	G,A
Chromosome	1799774	C,T
Chromosome	1799806	C,T
Chromosome	1799921	C,A
Chromosome	1801706	G,T
Chromosome	1802047	C,G
Chromosome	1802381	T,C
Chromosome	1802893	G,A
Chromosome	1802964	C,T
Chromosome	1803959	G,T
Chromosome	1804273	C,T
Chromosome	1804585	T,C
Chromosome	1804742	C,T
Chromosome	1804790	C,T
Chromosome	1805152	C,T
Chromosome	1805690	G,A
Chromosome	1806196	C,A
Chromosome	1806205	G,A
Chromosome	1806730	G,T
Chromosome	1808124	A,C
Chromosome	1809552	G,T
Chromosome	1810169	T,G
Chromosome	1810237	G,A
Chromosome	1810253	C,T
Chromosome	1810542	G,A
Chromosome	1810757	A,G
Chromosome	1811061	G,A
Chromosome	1811964	C,A
Chromosome	1812321	A,G
Chromosome	1813255	T,A
Chromosome	1813910	C,T
Chromosome	1813927	G,A
Chromosome	1814135	A,G
Chromosome	1814285	A,G
Chromosome	1814628	C,A
Chromosome	1814855	G,C
Chromosome	1815604	G,A
Chromosome	1816107	C,T
Chromosome	1816370	C,T
Chromosome	1817692	G,A
Chromosome	1817856	A,C
Chromosome	1818286	C,T
Chromosome	1818608	C,T
Chromosome	1819031	G,C
Chromosome	1819488	G,A
Chromosome	1819974	C,T
Chromosome	1819985	G,C
Chromosome	1820976	C,T
Chromosome	1821774	C,T
Chromosome	1821891	G,C
Chromosome	1822656	T,G
Chromosome	1823649	G,A
Chromosome	1823703	G,A
Chromosome	1823738	C,T
Chromosome	1824487	C,T
Chromosome	1824531	T,C
Chromosome	1824845	A,G
Chromosome	1824963	C,T
Chromosome	1826343	C,T
Chromosome	1826523	C,T
Chromosome	1826624	G,A
Chromosome	1826775	C,A
Chromosome	1827304	C,T
Chromosome	1827468	C,A
Chromosome	1827492	G,C
Chromosome	1827553	C,G
Chromosome	1827833	G,A
Chromosome	1827929	C,T
Chromosome	1829045	C,T
Chromosome	1829576	C,T
Chromosome	1829836	G,A
Chromosome	1829921	G,T
Chromosome	1830007	C,A
Chromosome	1830284	G,A
Chromosome	1830295	G,A
Chromosome	1831226	A,G
Chromosome	1831531	G,A
Chromosome	1832293	G,C
Chromosome	1832642	G,T
Chromosome	1833025	C,T
Chromosome	1834177	A,C
Chromosome	1834363	G,A
Chromosome	1834916	A,C
Chromosome	1835884	A,G
Chromosome	1836199	C,T
Chromosome	1836454	T,C
Chromosome	1836540	G,T
Chromosome	1836974	C,G
Chromosome	1837125	C,T
Chromosome	1837734	C,T
Chromosome	1837879	G,T
Chromosome	1838153	G,A
Chromosome	1838287	A,T
Chromosome	1838408	A,C
Chromosome	1838646	C,T
Chromosome	1839306	A,G
Chromosome	1839329	G,A
Chromosome	1839362	C,T
Chromosome	1839759	G,C
Chromosome	1840168	G,T
Chromosome	1840543	C,T
Chromosome	1840760	T,G
Chromosome	1840945	G,A
Chromosome	1841073	G,A
Chromosome	1841175	G,A
Chromosome	1841313	G,A
Chromosome	1841538	C,T
Chromosome	1841961	G,A
Chromosome	1842237	A,G
Chromosome	1842280	C,T
Chromosome	1842354	G,A
Chromosome	1842494	A,C
Chromosome	1842828	A,G
Chromosome	1843620	T,C
Chromosome	1843648	G,T
Chromosome	1843658	G,A
Chromosome	1843954	C,G
Chromosome	1843956	G,C
Chromosome	1844071	C,T
Chromosome	1844436	C,T
Chromosome	1844722	A,C
Chromosome	1844943	G,C
Chromosome	1846080	G,A
Chromosome	1846439	T,C
Chromosome	1846627	C,T
Chromosome	1846854	G,A
Chromosome	1846994	T,G
Chromosome	1847570	C,T
Chromosome	1847792	T,C
Chromosome	1847811	A,C
Chromosome	1848147	C,A
Chromosome	1848272	C,A
Chromosome	1848974	C,T
Chromosome	1849034	T,C
Chromosome	1849051	C,T
Chromosome	1849381	G,A
Chromosome	1849609	T,C
Chromosome	1849729	G,T
Chromosome	1849814	A,G
Chromosome	1850082	T,C
Chromosome	1850119	C,T
Chromosome	1851048	A,C
Chromosome	1851162	A,G
Chromosome	1851520	G,C
Chromosome	1851835	A,C
Chromosome	1851932	C,A
Chromosome	1852372	G,T
Chromosome	1853565	G,A
Chromosome	1853674	G,A
Chromosome	1853922	C,A
Chromosome	1853974	C,T
Chromosome	1854268	C,G
Chromosome	1854367	T,C
Chromosome	1855067	A,C
Chromosome	1855260	C,T
Chromosome	1855456	A,C
Chromosome	1855625	C,T
Chromosome	1855698	A,C
Chromosome	1855867	C,T
Chromosome	1856259	A,G
Chromosome	1856360	T,G
Chromosome	1856438	C,T
Chromosome	1856578	T,G
Chromosome	1856617	C,T
Chromosome	1857687	C,A
Chromosome	1857799	A,C
Chromosome	1858585	T,G
Chromosome	1858921	C,G
Chromosome	1859559	C,A
Chromosome	1862066	T,A
Chromosome	1862291	G,A
Chromosome	1862335	A,G
Chromosome	1862521	C,T
Chromosome	1863084	G,A
Chromosome	1863660	C,T
Chromosome	1864544	T,C
Chromosome	1864698	C,T
Chromosome	1865039	C,A
Chromosome	1865906	G,A
Chromosome	1867707	C,T
Chromosome	1867838	G,A
Chromosome	1867937	C,T
Chromosome	1868578	C,T
Chromosome	1870194	G,C
Chromosome	1871069	C,T
Chromosome	1872211	G,A
Chromosome	1873033	G,A
Chromosome	1873954	G,T
Chromosome	1874985	A,C
Chromosome	1875067	G,A
Chromosome	1875207	C,T
Chromosome	1875295	C,T
Chromosome	1875691	G,C
Chromosome	1875843	G,T
Chromosome	1876393	C,T
Chromosome	1876739	T,G
Chromosome	1876842	G,A
Chromosome	1876899	C,A
Chromosome	1877267	A,C
Chromosome	1877744	A,C
Chromosome	1877862	G,T
Chromosome	1878221	T,C
Chromosome	1878222	G,C
Chromosome	1878460	G,T
Chromosome	1878555	G,T
Chromosome	1878608	G,C
Chromosome	1879023	C,G
Chromosome	1879905	C,T
Chromosome	1880292	G,A
Chromosome	1880850	G,A
Chromosome	1881051	G,C
Chromosome	1881553	G,A
Chromosome	1881947	G,A
Chromosome	1881950	C,T
Chromosome	1881982	C,T
Chromosome	1882348	G,T
Chromosome	1882365	A,G
Chromosome	1882467	A,G
Chromosome	1882533	G,A
Chromosome	1882573	C,G
Chromosome	1883958	C,G
Chromosome	1884305	T,G
Chromosome	1885073	A,G
Chromosome	1885495	G,A
Chromosome	1885612	C,G
Chromosome	1886077	G,A
Chromosome	1886109	A,G
Chromosome	1886263	C,G
Chromosome	1886677	A,G
Chromosome	1886745	G,T
Chromosome	1886773	G,A
Chromosome	1886859	C,A
Chromosome	1886993	C,T
Chromosome	1887060	C,G
Chromosome	1887284	G,A
Chromosome	1887684	C,T
Chromosome	1888116	G,A
Chromosome	1888300	A,G
Chromosome	1888893	A,C
Chromosome	1889579	C,T
Chromosome	1889908	C,T
Chromosome	1890146	G,C
Chromosome	1890886	T,C
Chromosome	1890898	T,G
Chromosome	1891256	T,G
Chromosome	1891326	A,G
Chromosome	1892059	C,A
Chromosome	1892420	C,T
Chromosome	1893431	A,G
Chromosome	1894193	C,T
Chromosome	1894638	C,T
Chromosome	1894639	T,G
Chromosome	1894765	G,A
Chromosome	1896274	A,G
Chromosome	1896387	T,C
Chromosome	1896923	C,T
Chromosome	1897045	C,A
Chromosome	1897489	A,C
Chromosome	1897938	G,A
Chromosome	1899810	C,T
Chromosome	1900405	C,T
Chromosome	1900732	G,A
Chromosome	1900897	C,A
Chromosome	1900919	G,A
Chromosome	1900943	A,G
Chromosome	1900958	C,T
Chromosome	1901146	G,A
Chromosome	1901171	T,C
Chromosome	1901623	G,T
Chromosome	1901861	T,G
Chromosome	1901924	T,C
Chromosome	1902156	G,A
Chromosome	1902383	C,A
Chromosome	1902550	C,T
Chromosome	1903050	C,T
Chromosome	1903197	G,T
Chromosome	1903547	C,T
Chromosome	1904204	C,G
Chromosome	1904706	C,G
Chromosome	1904740	C,T
Chromosome	1904811	C,G
Chromosome	1904816	T,C
Chromosome	1904947	C,T
Chromosome	1904950	C,T
Chromosome	1904951	G,C
Chromosome	1904982	C,A
Chromosome	1905429	C,G
Chromosome	1907095	C,T
Chromosome	1907177	C,T
Chromosome	1907296	G,C
Chromosome	1907562	A,G
Chromosome	1907794	G,A
Chromosome	1908084	G,A
Chromosome	1908598	G,A
Chromosome	1908737	C,T
Chromosome	1908787	G,A
Chromosome	1908975	C,T
Chromosome	1909220	G,A
Chromosome	1909456	C,T
Chromosome	1909789	C,T
Chromosome	1910450	A,G
Chromosome	1911301	C,T
Chromosome	1911534	A,G
Chromosome	1912050	G,C
Chromosome	1912268	T,C
Chromosome	1912317	T,C
Chromosome	1912842	G,C
Chromosome	1913177	C,A
Chromosome	1914217	C,A
Chromosome	1914246	C,T
Chromosome	1914859	G,A
Chromosome	1915427	G,A
Chromosome	1916605	C,T
Chromosome	1916707	A,C
Chromosome	1916982	C,G
Chromosome	1917289	C,T
Chromosome	1917542	C,T
Chromosome	1917642	C,T
Chromosome	1917786	G,A
Chromosome	1918281	A,C
Chromosome	1918811	A,G
Chromosome	1919627	G,A
Chromosome	1919736	T,G
Chromosome	1919886	T,C
Chromosome	1919901	C,T
Chromosome	1922231	C,T
Chromosome	1923320	C,T
Chromosome	1923599	G,T
Chromosome	1923985	G,A
Chromosome	1924484	C,T
Chromosome	1924765	T,C
Chromosome	1925136	G,A
Chromosome	1926029	T,C
Chromosome	1926500	C,T
Chromosome	1926906	C,T
Chromosome	1927417	A,T
Chromosome	1927528	A,C
Chromosome	1927637	G,A
Chromosome	1929580	C,T
Chromosome	1929786	T,C
Chromosome	1929979	G,A
Chromosome	1930428	T,C
Chromosome	1930745	C,T
Chromosome	1930898	A,G
Chromosome	1931093	C,T
Chromosome	1931219	G,A
Chromosome	1931339	A,G
Chromosome	1931907	C,T
Chromosome	1932925	G,A
Chromosome	1933043	C,T
Chromosome	1933481	G,T
Chromosome	1933730	C,T
Chromosome	1933770	A,G
Chromosome	1933823	C,G
Chromosome	1933953	A,G
Chromosome	1934002	C,T
Chromosome	1934436	A,G
Chromosome	1934827	C,T
Chromosome	1934944	G,A
Chromosome	1934970	C,T
Chromosome	1935437	C,T
Chromosome	1935554	G,A
Chromosome	1935832	C,G
Chromosome	1936190	G,T
Chromosome	1936194	G,A
Chromosome	1937374	C,A
Chromosome	1937571	C,G
Chromosome	1937727	G,T
Chromosome	1938678	G,C
Chromosome	1939044	G,A
Chromosome	1939192	G,C
Chromosome	1939763	G,A
Chromosome	1939945	A,C
Chromosome	1940307	G,T
Chromosome	1940611	G,C
Chromosome	1941228	T,C
Chromosome	1941256	C,A
Chromosome	1941828	G,T
Chromosome	1942121	C,T
Chromosome	1942136	A,G
Chromosome	1942672	A,G
Chromosome	1943969	G,A
Chromosome	1943991	A,T
Chromosome	1944723	G,T
Chromosome	1944728	T,C
Chromosome	1945383	C,A
Chromosome	1945715	G,A
Chromosome	1945754	C,T
Chromosome	1945801	A,G
Chromosome	1946476	G,C
Chromosome	1946590	G,A
Chromosome	1946926	C,G
Chromosome	1946975	C,G
Chromosome	1947742	C,T
Chromosome	1947903	G,T
Chromosome	1947951	G,A
Chromosome	1947980	G,A
Chromosome	1948332	G,A
Chromosome	1948644	G,A
Chromosome	1949559	C,T
Chromosome	1949894	C,G
Chromosome	1950172	C,T
Chromosome	1950484	G,A
Chromosome	1951438	G,A
Chromosome	1951736	G,A
Chromosome	1951811	C,T
Chromosome	1952121	C,A
Chromosome	1952357	C,G
Chromosome	1952601	C,T
Chromosome	1952606	C,T
Chromosome	1952724	C,G
Chromosome	1952999	C,T
Chromosome	1953335	A,T
Chromosome	1953648	T,C
Chromosome	1954269	C,A
Chromosome	1955083	C,T
Chromosome	1955339	T,G
Chromosome	1955359	A,C
Chromosome	1955686	G,A
Chromosome	1955755	G,A
Chromosome	1955941	G,C
Chromosome	1956085	G,T
Chromosome	1956381	C,T
Chromosome	1956397	C,T
Chromosome	1956709	A,G
Chromosome	1956867	C,A
Chromosome	1956930	T,G
Chromosome	1958149	A,C
Chromosome	1958709	G,A
Chromosome	1959159	A,C
Chromosome	1959694	A,T
Chromosome	1959947	C,T
Chromosome	1959986	C,T
Chromosome	1960912	G,T
Chromosome	1961706	C,G
Chromosome	1961730	G,A
Chromosome	1963829	G,C
Chromosome	1964837	G,A
Chromosome	1964880	T,G
Chromosome	1964913	C,T
Chromosome	1965133	C,T
Chromosome	1965267	T,C
Chromosome	1965548	G,C
Chromosome	1965815	C,T
Chromosome	1966265	T,C
Chromosome	1966825	G,T
Chromosome	1967026	C,T
Chromosome	1967306	A,G
Chromosome	1967783	A,G
Chromosome	1967975	G,A
Chromosome	1969154	C,A
Chromosome	1969204	C,T
Chromosome	1969465	T,C
Chromosome	1970306	C,T
Chromosome	1970346	G,A
Chromosome	1970407	G,T
Chromosome	1970432	G,A
Chromosome	1970545	T,C
Chromosome	1971093	T,C
Chromosome	1971291	C,T
Chromosome	1971401	C,T
Chromosome	1971461	G,T
Chromosome	1971609	A,G
Chromosome	1971673	G,A
Chromosome	1971725	G,C
Chromosome	1971965	T,G
Chromosome	1973114	T,C
Chromosome	1973138	A,G
Chromosome	1973572	T,C
Chromosome	1974133	C,T
Chromosome	1974388	C,T
Chromosome	1974456	G,A
Chromosome	1974662	G,T
Chromosome	1976014	C,T
Chromosome	1976092	C,T
Chromosome	1976755	G,T
Chromosome	1977568	G,A
Chromosome	1977646	G,A
Chromosome	1977977	C,A
Chromosome	1978431	G,T
Chromosome	1978807	G,T
Chromosome	1979026	C,T
Chromosome	1979299	G,A
Chromosome	1979969	C,T
Chromosome	1979979	A,T
Chromosome	1980196	C,G
Chromosome	1980325	G,A
Chromosome	1980652	G,T
Chromosome	1980719	C,T
Chromosome	1980807	A,G
Chromosome	1980859	C,T
Chromosome	1980871	G,C
Chromosome	1980935	G,C
Chromosome	1981056	C,T
Chromosome	1981604	C,T
Chromosome	1981605	C,G
Chromosome	1982628	G,T
Chromosome	1983528	G,T
Chromosome	1983653	C,T
Chromosome	1985034	T,C
Chromosome	1985124	T,G
Chromosome	1985573	C,A
Chromosome	1986451	A,G
Chromosome	1993786	C,T
Chromosome	1995688	A,G
Chromosome	1998986	G,C
Chromosome	1999553	C,T
Chromosome	1999763	C,T
Chromosome	2000234	C,T
Chromosome	2000499	C,T
Chromosome	2000536	C,T
Chromosome	2001494	A,G
Chromosome	2001846	G,C
Chromosome	2002379	G,A
Chromosome	2002663	G,A
Chromosome	2002724	C,T
Chromosome	2003252	C,T
Chromosome	2003594	T,G
Chromosome	2003684	G,A
Chromosome	2003888	C,A
Chromosome	2003952	A,G
Chromosome	2004701	G,C
Chromosome	2004917	A,C
Chromosome	2005152	G,A
Chromosome	2005558	C,T
Chromosome	2005607	T,G
Chromosome	2005758	G,C
Chromosome	2005944	A,C
Chromosome	2006013	T,G
Chromosome	2006602	C,T
Chromosome	2006954	C,T
Chromosome	2007015	C,G
Chromosome	2007098	G,T
Chromosome	2007280	C,G
Chromosome	2007502	G,A
Chromosome	2007872	G,C
Chromosome	2008140	A,C
Chromosome	2008410	C,T
Chromosome	2008669	T,A
Chromosome	2008870	C,G
Chromosome	2009230	A,C
Chromosome	2009848	C,G
Chromosome	2009881	T,C
Chromosome	2010159	C,T
Chromosome	2010396	G,C
Chromosome	2010704	C,T
Chromosome	2011421	T,C
Chromosome	2011542	T,C
Chromosome	2011568	G,C
Chromosome	2011627	C,G
Chromosome	2012767	C,T
Chromosome	2012868	A,G
Chromosome	2013552	T,C
Chromosome	2013872	A,C
Chromosome	2013943	G,C
Chromosome	2015882	C,T
Chromosome	2016256	C,T
Chromosome	2016286	C,A
Chromosome	2016998	G,C
Chromosome	2017113	C,T
Chromosome	2017232	T,G
Chromosome	2017386	C,A
Chromosome	2017422	T,C
Chromosome	2017560	A,T
Chromosome	2018860	G,A
Chromosome	2018883	G,C
Chromosome	2019942	A,G
Chromosome	2020026	C,G
Chromosome	2020144	G,A
Chromosome	2020828	G,T
Chromosome	2021645	A,G
Chromosome	2022098	G,C
Chromosome	2022126	G,C
Chromosome	2022643	G,T
Chromosome	2022784	G,T
Chromosome	2022868	T,C
Chromosome	2023211	G,T
Chromosome	2023976	C,T
Chromosome	2024377	G,T
Chromosome	2024413	C,T
Chromosome	2024723	A,G
Chromosome	2024990	C,T
Chromosome	2025032	C,T
Chromosome	2026751	C,T
Chromosome	2027617	G,A
Chromosome	2029189	A,G
Chromosome	2029436	T,G
Chromosome	2029729	G,A
Chromosome	2032848	C,T
Chromosome	2033124	G,A
Chromosome	2033748	G,C
Chromosome	2033757	G,A
Chromosome	2033890	G,T
Chromosome	2034052	C,T
Chromosome	2034662	A,G
Chromosome	2034676	C,T
Chromosome	2035718	G,T
Chromosome	2035937	G,A
Chromosome	2035938	C,A
Chromosome	2038094	G,T
Chromosome	2038662	G,A
Chromosome	2038913	T,G
Chromosome	2038922	G,A
Chromosome	2038971	G,T
Chromosome	2039944	C,T
Chromosome	2040746	A,G
Chromosome	2041797	C,A
Chromosome	2042148	T,C
Chromosome	2043050	G,C
Chromosome	2043086	C,T
Chromosome	2043096	G,C
Chromosome	2045105	T,C
Chromosome	2045266	C,T
Chromosome	2045396	C,T
Chromosome	2046578	A,G
Chromosome	2046615	C,G
Chromosome	2047343	C,G
Chromosome	2047454	G,A
Chromosome	2047820	C,T
Chromosome	2047861	C,T
Chromosome	2047874	G,A
Chromosome	2047893	G,T
Chromosome	2048284	C,T
Chromosome	2048815	T,G
Chromosome	2048959	C,T
Chromosome	2049495	C,T
Chromosome	2050251	G,A
Chromosome	2050347	A,G
Chromosome	2050382	T,C
Chromosome	2050822	G,C
Chromosome	2050829	C,G
Chromosome	2051227	G,A
Chromosome	2053091	C,G
Chromosome	2053116	A,G
Chromosome	2053320	G,T
Chromosome	2053411	G,C
Chromosome	2053560	G,A
Chromosome	2053561	C,T
Chromosome	2053682	C,T
Chromosome	2053701	G,A
Chromosome	2053726	C,T
Chromosome	2053833	C,T
Chromosome	2054002	G,A
Chromosome	2054026	C,A
Chromosome	2054805	G,A
Chromosome	2055040	C,G
Chromosome	2055550	A,C
Chromosome	2055726	C,T
Chromosome	2055969	G,T
Chromosome	2056184	C,T
Chromosome	2056805	G,A
Chromosome	2056882	C,T
Chromosome	2057274	C,A
Chromosome	2057434	C,T
Chromosome	2057591	C,T
Chromosome	2057593	G,A
Chromosome	2057834	G,T
Chromosome	2058282	A,G
Chromosome	2058447	G,A
Chromosome	2060328	A,C
Chromosome	2060377	C,T
Chromosome	2060557	C,T
Chromosome	2060962	C,T
Chromosome	2060983	G,A
Chromosome	2062267	T,G
Chromosome	2062328	G,A
Chromosome	2062805	C,G
Chromosome	2063106	C,T
Chromosome	2063303	G,A
Chromosome	2063685	C,T
Chromosome	2063900	A,G
Chromosome	2063911	A,G
Chromosome	2064597	C,A
Chromosome	2065837	A,T
Chromosome	2066227	G,T
Chromosome	2066253	G,C
Chromosome	2066471	T,C
Chromosome	2066474	T,C
Chromosome	2066599	G,A
Chromosome	2066633	C,G
Chromosome	2066828	G,A
Chromosome	2067164	A,G
Chromosome	2068353	G,A
Chromosome	2068730	G,A
Chromosome	2069383	T,C
Chromosome	2069546	T,C
Chromosome	2069602	G,A
Chromosome	2069849	G,T
Chromosome	2069882	T,C
Chromosome	2069929	G,A
Chromosome	2070327	A,G
Chromosome	2072313	C,A
Chromosome	2072432	A,C
Chromosome	2072470	T,C
Chromosome	2073283	C,T
Chromosome	2073605	G,C
Chromosome	2074092	C,T
Chromosome	2074695	C,T
Chromosome	2074711	T,A
Chromosome	2074781	C,T
Chromosome	2074806	A,G
Chromosome	2076037	C,T
Chromosome	2076520	T,C
Chromosome	2076692	G,A
Chromosome	2077110	C,A
Chromosome	2077253	G,A
Chromosome	2078024	G,A
Chromosome	2078567	T,C
Chromosome	2078644	G,C
Chromosome	2078963	C,G
Chromosome	2080182	G,T
Chromosome	2080594	C,T
Chromosome	2080611	T,C
Chromosome	2080941	G,A
Chromosome	2081714	A,G
Chromosome	2082987	G,T
Chromosome	2083124	T,C
Chromosome	2083683	C,T
Chromosome	2084450	C,T
Chromosome	2084697	G,T
Chromosome	2086202	C,G
Chromosome	2086736	G,A
Chromosome	2087453	A,G
Chromosome	2087652	C,T
Chromosome	2088226	G,A
Chromosome	2088878	G,T
Chromosome	2089230	C,G
Chromosome	2089349	G,A
Chromosome	2089861	C,T
Chromosome	2090306	G,A
Chromosome	2090366	A,G
Chromosome	2090579	A,C
Chromosome	2090580	C,T
Chromosome	2090754	G,A
Chromosome	2090921	C,T
Chromosome	2091024	C,T
Chromosome	2091151	C,T
Chromosome	2091389	G,A
Chromosome	2091597	C,T
Chromosome	2092154	G,A
Chromosome	2092391	G,T
Chromosome	2093158	C,T
Chromosome	2093412	A,T
Chromosome	2093618	C,A
Chromosome	2093681	G,T
Chromosome	2093998	C,T
Chromosome	2094281	A,G
Chromosome	2094960	G,A
Chromosome	2095234	C,A
Chromosome	2095876	A,G
Chromosome	2096094	C,T
Chromosome	2096395	A,G
Chromosome	2096430	A,C
Chromosome	2096450	T,C
Chromosome	2097066	A,G
Chromosome	2097128	C,T
Chromosome	2097189	C,T
Chromosome	2097368	A,C
Chromosome	2097435	C,A
Chromosome	2098345	A,C
Chromosome	2098574	A,G
Chromosome	2099007	T,C
Chromosome	2099224	G,A
Chromosome	2099402	T,G
Chromosome	2099631	C,T
Chromosome	2099641	C,T
Chromosome	2101030	G,T
Chromosome	2101240	G,A
Chromosome	2101565	G,A
Chromosome	2101921	C,T
Chromosome	2102106	C,G
Chromosome	2102218	G,A
Chromosome	2102990	A,G
Chromosome	2103112	C,A
Chromosome	2104479	C,T
Chromosome	2105065	C,T
Chromosome	2105602	C,T
Chromosome	2107050	G,A
Chromosome	2107264	C,T
Chromosome	2108164	C,T
Chromosome	2108291	G,A
Chromosome	2108386	G,T
Chromosome	2108890	A,C
Chromosome	2108980	A,T
Chromosome	2109381	A,G
Chromosome	2109694	T,C
Chromosome	2110074	C,T
Chromosome	2110338	C,G
Chromosome	2110812	G,T
Chromosome	2113058	C,A
Chromosome	2114738	T,C
Chromosome	2114845	C,T
Chromosome	2115064	C,T
Chromosome	2115075	C,G
Chromosome	2115746	C,G
Chromosome	2115776	C,T
Chromosome	2116663	C,T
Chromosome	2117191	G,A
Chromosome	2117298	C,A
Chromosome	2117339	G,A
Chromosome	2117686	G,A
Chromosome	2118936	G,A
Chromosome	2119208	A,G
Chromosome	2119323	C,T
Chromosome	2119694	C,T
Chromosome	2119821	C,T
Chromosome	2120686	A,G
Chromosome	2120842	G,C
Chromosome	2120953	C,G
Chromosome	2121742	C,G
Chromosome	2122395	C,T
Chromosome	2122443	C,A
Chromosome	2122674	G,T
Chromosome	2122866	G,A
Chromosome	2123079	C,T
Chromosome	2123181	C,T
Chromosome	2123242	C,T
Chromosome	2123696	C,G
Chromosome	2123847	C,T
Chromosome	2123850	C,T
Chromosome	2123987	G,A
Chromosome	2124303	G,C
Chromosome	2125422	A,C
Chromosome	2125968	G,C
Chromosome	2125977	G,A
Chromosome	2126338	A,C
Chromosome	2126352	G,A
Chromosome	2127504	T,C
Chromosome	2127760	C,T
Chromosome	2127800	C,G
Chromosome	2127942	C,A
Chromosome	2128003	G,A
Chromosome	2128540	C,G
Chromosome	2128908	C,T
Chromosome	2129004	C,T
Chromosome	2129750	G,T
Chromosome	2131184	C,T
Chromosome	2131540	C,T
Chromosome	2131886	T,G
Chromosome	2132152	T,C
Chromosome	2132334	C,T
Chromosome	2132403	C,T
Chromosome	2133668	C,A
Chromosome	2133817	C,T
Chromosome	2133877	G,T
Chromosome	2134329	G,T
Chromosome	2134373	G,A
Chromosome	2134439	A,G
Chromosome	2134512	C,T
Chromosome	2134602	G,A
Chromosome	2135010	G,A
Chromosome	2135230	C,T
Chromosome	2136090	G,T
Chromosome	2136619	A,G
Chromosome	2136627	A,G
Chromosome	2137009	G,A
Chromosome	2137267	C,T
Chromosome	2137764	C,T
Chromosome	2138547	G,A
Chromosome	2138767	G,C
Chromosome	2139130	C,G
Chromosome	2139766	C,T
Chromosome	2139941	T,C
Chromosome	2140076	G,A
Chromosome	2140748	C,G
Chromosome	2140979	C,G
Chromosome	2141769	A,C
Chromosome	2142610	C,T
Chromosome	2143887	G,T
Chromosome	2143958	C,T
Chromosome	2143973	A,G
Chromosome	2144094	T,C
Chromosome	2144617	G,A
Chromosome	2144704	T,C
Chromosome	2145157	C,G
Chromosome	2145300	T,G
Chromosome	2145616	G,C
Chromosome	2146024	G,A
Chromosome	2146523	C,T
Chromosome	2146893	G,T
Chromosome	2147429	G,C
Chromosome	2147844	T,C
Chromosome	2148068	T,C
Chromosome	2148153	C,T
Chromosome	2148248	A,G
Chromosome	2148300	T,C
Chromosome	2149049	G,A
Chromosome	2149762	G,A
Chromosome	2150432	G,T
Chromosome	2150738	T,G
Chromosome	2151148	C,G
Chromosome	2151457	C,T
Chromosome	2152413	A,C
Chromosome	2152451	T,G
Chromosome	2152688	C,T
Chromosome	2153184	T,G
Chromosome	2153246	T,G
Chromosome	2153410	A,G
Chromosome	2154707	C,G
Chromosome	2155155	G,A
Chromosome	2156847	G,A
Chromosome	2158016	C,T
Chromosome	2158109	T,C
Chromosome	2158327	C,T
Chromosome	2158398	C,T
Chromosome	2158582	G,A
Chromosome	2159209	C,T
Chromosome	2159337	G,T
Chromosome	2159502	T,C
Chromosome	2159612	T,C
Chromosome	2159655	C,T
Chromosome	2160773	A,G
Chromosome	2161743	A,G
Chromosome	2161877	C,T
Chromosome	2162803	T,C
Chromosome	2162837	C,T
Chromosome	2163060	G,A
Chromosome	2163087	C,T
Chromosome	2164609	G,T
Chromosome	2164840	G,A
Chromosome	2164891	G,A
Chromosome	2165663	A,G
Chromosome	2165687	T,G
Chromosome	2165735	A,G
Chromosome	2165928	G,T
Chromosome	2166238	G,A
Chromosome	2166371	C,G
Chromosome	2167169	A,G
Chromosome	2167368	G,T
Chromosome	2167564	G,T
Chromosome	2167770	C,A
Chromosome	2167983	C,T
Chromosome	2168364	G,A
Chromosome	2168701	C,T
Chromosome	2168920	C,A
Chromosome	2168924	C,A
Chromosome	2168941	A,G
Chromosome	2169232	T,C
Chromosome	2169879	A,C
Chromosome	2170568	G,C
Chromosome	2170669	C,T
Chromosome	2170769	G,A
Chromosome	2170975	A,G
Chromosome	2171499	C,G
Chromosome	2172380	A,C
Chromosome	2172747	G,A
Chromosome	2172952	G,T
Chromosome	2173033	A,G
Chromosome	2173058	C,A
Chromosome	2173202	C,T
Chromosome	2173273	A,C
Chromosome	2173997	C,G
Chromosome	2174215	T,C
Chromosome	2174570	C,T
Chromosome	2174789	C,T
Chromosome	2175153	G,A
Chromosome	2175382	T,C
Chromosome	2175391	T,G
Chromosome	2176006	C,A
Chromosome	2176101	A,G
Chromosome	2176209	G,A
Chromosome	2176348	C,T
Chromosome	2176648	A,C
Chromosome	2176813	C,T
Chromosome	2176840	G,C
Chromosome	2177366	C,T
Chromosome	2177968	G,T
Chromosome	2177998	A,G
Chromosome	2178941	G,A
Chromosome	2179066	G,C
Chromosome	2179739	G,A
Chromosome	2180535	C,T
Chromosome	2180693	T,C
Chromosome	2180911	G,T
Chromosome	2181026	G,C
Chromosome	2181558	C,A
Chromosome	2181579	G,C
Chromosome	2182945	C,T
Chromosome	2183319	G,A
Chromosome	2183443	C,A
Chromosome	2183681	G,A
Chromosome	2184017	G,C
Chromosome	2184092	T,C
Chromosome	2184371	G,A
Chromosome	2184620	C,T
Chromosome	2184781	G,T
Chromosome	2185009	C,T
Chromosome	2185102	T,C
Chromosome	2185358	G,A
Chromosome	2185674	A,G
Chromosome	2185884	T,C
Chromosome	2185888	C,T
Chromosome	2186236	C,T
Chromosome	2186371	G,A
Chromosome	2186421	T,G
Chromosome	2187277	A,G
Chromosome	2187717	G,A
Chromosome	2189074	G,T
Chromosome	2189377	G,A
Chromosome	2189442	G,A
Chromosome	2189489	T,G
Chromosome	2190086	G,T
Chromosome	2190367	C,T
Chromosome	2191261	A,G
Chromosome	2191397	T,G
Chromosome	2191428	C,T
Chromosome	2191657	G,T
Chromosome	2192350	C,T
Chromosome	2192409	G,T
Chromosome	2192763	C,T
Chromosome	2192959	G,A
Chromosome	2193581	A,G
Chromosome	2194204	A,G
Chromosome	2194324	G,A
Chromosome	2194431	G,A
Chromosome	2195445	A,G
Chromosome	2195637	A,C
Chromosome	2197386	G,C
Chromosome	2197669	C,T
Chromosome	2197675	A,C
Chromosome	2197921	T,A
Chromosome	2198182	C,T
Chromosome	2198532	G,C
Chromosome	2198786	T,G
Chromosome	2199061	T,G
Chromosome	2199353	G,T
Chromosome	2199684	G,A
Chromosome	2200042	C,T
Chromosome	2201296	T,C
Chromosome	2201808	C,G
Chromosome	2202582	G,T
Chromosome	2202833	G,A
Chromosome	2203033	C,A
Chromosome	2203398	G,A
Chromosome	2203692	G,A
Chromosome	2203875	G,A
Chromosome	2203890	G,A
Chromosome	2204199	G,C
Chromosome	2204260	A,G
Chromosome	2204623	G,A
Chromosome	2204686	G,A
Chromosome	2204881	G,A
Chromosome	2205371	A,C
Chromosome	2205429	C,G
Chromosome	2205578	C,T
Chromosome	2206970	G,A
Chromosome	2207906	G,A
Chromosome	2208037	G,C
Chromosome	2208143	T,C
Chromosome	2208361	A,G
Chromosome	2208683	G,T
Chromosome	2209807	C,T
Chromosome	2210615	G,A
Chromosome	2210740	A,C
Chromosome	2210745	T,G
Chromosome	2211051	G,C
Chromosome	2211600	C,G
Chromosome	2211665	A,G
Chromosome	2212049	G,A
Chromosome	2212762	C,T
Chromosome	2212900	C,A
Chromosome	2213459	C,A
Chromosome	2214069	C,G
Chromosome	2215204	G,A
Chromosome	2215712	G,A
Chromosome	2216035	A,G
Chromosome	2216973	A,G
Chromosome	2216976	A,G
Chromosome	2217596	C,T
Chromosome	2218051	C,T
Chromosome	2219329	C,T
Chromosome	2219342	T,G
Chromosome	2219556	G,A
Chromosome	2220309	T,G
Chromosome	2221130	T,C
Chromosome	2221491	T,C
Chromosome	2223062	T,C
Chromosome	2223347	G,C
Chromosome	2223372	G,C
Chromosome	2223553	G,T
Chromosome	2223902	A,T
Chromosome	2223949	G,A
Chromosome	2224216	G,A
Chromosome	2225237	T,C
Chromosome	2225238	A,C
Chromosome	2225456	A,T
Chromosome	2225515	G,A
Chromosome	2225765	G,C
Chromosome	2226118	C,A
Chromosome	2226206	T,C
Chromosome	2226491	C,A
Chromosome	2227339	C,T
Chromosome	2227583	A,T
Chromosome	2227654	C,T
Chromosome	2227790	A,G
Chromosome	2228527	A,G
Chromosome	2228812	G,A
Chromosome	2229209	G,A
Chromosome	2229343	G,A
Chromosome	2232522	G,A
Chromosome	2233947	T,C
Chromosome	2234084	G,A
Chromosome	2234456	G,A
Chromosome	2234475	C,T
Chromosome	2234557	C,T
Chromosome	2235118	C,A
Chromosome	2235314	C,T
Chromosome	2235472	G,A
Chromosome	2235729	G,A
Chromosome	2235807	T,G
Chromosome	2236254	G,C
Chromosome	2236612	G,A
Chromosome	2237023	C,G
Chromosome	2237320	C,A
Chromosome	2238406	T,C
Chromosome	2238734	C,A
Chromosome	2239156	G,T
Chromosome	2239160	G,C
Chromosome	2240716	G,A
Chromosome	2240773	G,A
Chromosome	2241316	G,T
Chromosome	2241454	G,T
Chromosome	2242238	G,A
Chromosome	2242615	G,A
Chromosome	2243404	G,A
Chromosome	2243435	G,A
Chromosome	2244040	T,C
Chromosome	2244336	G,A
Chromosome	2244768	G,A
Chromosome	2244770	G,A
Chromosome	2244881	G,A
Chromosome	2245063	T,G
Chromosome	2245075	C,T
Chromosome	2245149	G,T
Chromosome	2246438	A,C
Chromosome	2246459	C,A
Chromosome	2247140	T,C
Chromosome	2247169	G,A
Chromosome	2247508	A,T
Chromosome	2247896	C,A
Chromosome	2247905	G,A
Chromosome	2247935	C,T
Chromosome	2248123	C,A
Chromosome	2248163	T,C
Chromosome	2248179	A,G
Chromosome	2248823	A,G
Chromosome	2249035	A,G
Chromosome	2249403	C,T
Chromosome	2249789	G,A
Chromosome	2250889	G,A
Chromosome	2251107	G,A
Chromosome	2251179	C,T
Chromosome	2251900	C,T
Chromosome	2252239	G,A
Chromosome	2252274	G,C
Chromosome	2252898	C,T
Chromosome	2252997	T,G
Chromosome	2253094	A,G
Chromosome	2253121	G,T
Chromosome	2253267	A,G
Chromosome	2253453	T,C
Chromosome	2253701	C,G
Chromosome	2253891	G,T
Chromosome	2254221	G,A
Chromosome	2255081	G,C
Chromosome	2255241	C,T
Chromosome	2255839	C,A
Chromosome	2255942	G,T
Chromosome	2256577	G,A
Chromosome	2257214	C,T
Chromosome	2257375	A,C
Chromosome	2257813	A,G
Chromosome	2258019	T,C
Chromosome	2258164	G,A
Chromosome	2258567	G,A
Chromosome	2258713	T,G
Chromosome	2258742	C,T
Chromosome	2259655	T,C
Chromosome	2260100	C,T
Chromosome	2260111	G,A
Chromosome	2260339	G,T
Chromosome	2260673	C,G
Chromosome	2260933	T,G
Chromosome	2261476	G,A
Chromosome	2261479	G,A
Chromosome	2261553	C,T
Chromosome	2261757	C,A
Chromosome	2263127	G,C
Chromosome	2263760	C,T
Chromosome	2263798	G,T
Chromosome	2264973	G,A
Chromosome	2265142	G,A
Chromosome	2265626	A,G
Chromosome	2265993	A,C
Chromosome	2266051	C,T
Chromosome	2267291	A,G
Chromosome	2267329	C,T
Chromosome	2268536	G,T
Chromosome	2269261	C,T
Chromosome	2269304	C,G
Chromosome	2269780	T,C
Chromosome	2269796	T,C
Chromosome	2270065	T,C
Chromosome	2270758	C,A
Chromosome	2271128	T,G
Chromosome	2271406	A,C
Chromosome	2271443	A,G
Chromosome	2271555	G,A
Chromosome	2271939	C,T
Chromosome	2272314	G,C
Chromosome	2273627	C,T
Chromosome	2274339	G,A
Chromosome	2274477	G,T
Chromosome	2274524	C,T
Chromosome	2274857	C,T
Chromosome	2274943	C,T
Chromosome	2275292	A,C
Chromosome	2275369	T,C
Chromosome	2275764	G,A
Chromosome	2275820	T,G
Chromosome	2276018	C,A
Chromosome	2276037	G,A
Chromosome	2276817	C,T
Chromosome	2276918	A,G
Chromosome	2277350	C,T
Chromosome	2277979	C,A
Chromosome	2278287	G,A
Chromosome	2278507	G,A
Chromosome	2278598	T,C
Chromosome	2279228	G,T
Chromosome	2279758	C,T
Chromosome	2280081	C,T
Chromosome	2280092	G,A
Chromosome	2280734	G,A
Chromosome	2281733	G,A
Chromosome	2281745	G,A
Chromosome	2282095	A,C
Chromosome	2282130	C,A
Chromosome	2283156	C,T
Chromosome	2283198	A,G
Chromosome	2283293	G,C
Chromosome	2283881	A,G
Chromosome	2284456	T,G
Chromosome	2284848	G,A
Chromosome	2285251	C,A
Chromosome	2285303	G,A
Chromosome	2285558	G,A
Chromosome	2285880	C,T
Chromosome	2286000	C,T
Chromosome	2286261	G,A
Chromosome	2287790	A,C
Chromosome	2288237	G,A
Chromosome	2288569	A,C
Chromosome	2289978	A,C
Chromosome	2290062	C,T
Chromosome	2291529	C,G
Chromosome	2291557	A,G
Chromosome	2291628	C,G
Chromosome	2291717	C,T
Chromosome	2292038	G,C
Chromosome	2292118	C,T
Chromosome	2292136	G,A
Chromosome	2292409	C,T
Chromosome	2292549	G,A
Chromosome	2293265	G,A
Chromosome	2293847	A,G
Chromosome	2294007	T,C
Chromosome	2294721	T,C
Chromosome	2296230	G,A
Chromosome	2296634	G,T
Chromosome	2297109	A,G
Chromosome	2297406	A,G
Chromosome	2297673	C,A
Chromosome	2297703	G,A
Chromosome	2297974	T,C
Chromosome	2298092	C,A
Chromosome	2298193	C,T
Chromosome	2298548	T,A
Chromosome	2300477	G,A
Chromosome	2300664	G,A
Chromosome	2301394	C,T
Chromosome	2302555	T,C
Chromosome	2303049	T,C
Chromosome	2303524	G,T
Chromosome	2304017	C,T
Chromosome	2304068	C,A
Chromosome	2304238	A,G
Chromosome	2304428	G,A
Chromosome	2305018	C,T
Chromosome	2305184	C,A
Chromosome	2305205	G,C
Chromosome	2306306	A,G
Chromosome	2306915	G,A
Chromosome	2307121	G,A
Chromosome	2307439	C,T
Chromosome	2308217	G,A
Chromosome	2308420	G,A
Chromosome	2309203	G,A
Chromosome	2309356	G,A
Chromosome	2309820	G,C
Chromosome	2310831	C,T
Chromosome	2311357	G,A
Chromosome	2312398	G,T
Chromosome	2312864	C,T
Chromosome	2313023	G,A
Chromosome	2315590	C,T
Chromosome	2315669	G,A
Chromosome	2316510	G,A
Chromosome	2317263	G,A
Chromosome	2317327	G,A
Chromosome	2317588	C,A
Chromosome	2317633	A,C
Chromosome	2318144	C,A
Chromosome	2318273	G,T
Chromosome	2318549	G,A
Chromosome	2318692	G,A
Chromosome	2319843	A,G
Chromosome	2320437	G,A
Chromosome	2321358	G,C
Chromosome	2321369	A,G
Chromosome	2321583	G,A
Chromosome	2321591	C,T
Chromosome	2322148	G,A
Chromosome	2323199	G,A
Chromosome	2323291	C,T
Chromosome	2323688	C,T
Chromosome	2323735	G,A
Chromosome	2323880	T,C
Chromosome	2324087	C,A
Chromosome	2324709	T,G
Chromosome	2325009	C,T
Chromosome	2325185	C,T
Chromosome	2325320	T,C
Chromosome	2325372	C,T
Chromosome	2326192	C,T
Chromosome	2327067	G,T
Chromosome	2327329	C,A
Chromosome	2327417	C,T
Chromosome	2327492	C,T
Chromosome	2327864	T,C
Chromosome	2328260	G,C
Chromosome	2328273	A,G
Chromosome	2328420	C,T
Chromosome	2328543	T,C
Chromosome	2328820	T,C
Chromosome	2329106	A,C
Chromosome	2329264	C,T
Chromosome	2329554	A,G
Chromosome	2330097	T,C
Chromosome	2330237	C,T
Chromosome	2330343	C,A
Chromosome	2330620	T,C
Chromosome	2331061	G,T
Chromosome	2332009	G,C
Chromosome	2332128	A,G
Chromosome	2332153	G,A
Chromosome	2333351	G,C
Chromosome	2333724	G,A
Chromosome	2333804	A,G
Chromosome	2333854	A,C
Chromosome	2334483	G,A
Chromosome	2334656	G,T
Chromosome	2335047	A,G
Chromosome	2335080	T,C
Chromosome	2336001	C,T
Chromosome	2336005	A,C
Chromosome	2336125	T,G
Chromosome	2336129	A,G
Chromosome	2336130	A,G
Chromosome	2336329	C,T
Chromosome	2336985	G,C
Chromosome	2337179	C,T
Chromosome	2337697	G,A
Chromosome	2337968	G,T
Chromosome	2338068	C,T
Chromosome	2340097	C,T
Chromosome	2341520	G,C
Chromosome	2342566	C,A
Chromosome	2343928	G,A
Chromosome	2344529	A,G
Chromosome	2344853	C,A
Chromosome	2345676	G,T
Chromosome	2346071	C,T
Chromosome	2346242	A,C
Chromosome	2346626	G,A
Chromosome	2346763	C,A
Chromosome	2346929	C,T
Chromosome	2347054	C,A
Chromosome	2347442	G,C
Chromosome	2347615	G,A
Chromosome	2347869	T,G
Chromosome	2348482	G,T
Chromosome	2348708	G,A
Chromosome	2348804	T,C
Chromosome	2349418	A,G
Chromosome	2349801	G,C
Chromosome	2350268	G,A
Chromosome	2350534	T,C
Chromosome	2352142	C,T
Chromosome	2352231	C,A
Chromosome	2354909	C,G
Chromosome	2355363	G,T
Chromosome	2356012	G,A
Chromosome	2356187	G,A
Chromosome	2357068	G,A
Chromosome	2357171	C,T
Chromosome	2358104	G,C
Chromosome	2358127	G,A
Chromosome	2358306	G,A
Chromosome	2358356	A,G
Chromosome	2358471	T,G
Chromosome	2358916	C,T
Chromosome	2360846	G,A
Chromosome	2361311	C,T
Chromosome	2361455	G,A
Chromosome	2361492	T,G
Chromosome	2361536	A,G
Chromosome	2362193	G,T
Chromosome	2362885	C,T
Chromosome	2363160	T,C
Chromosome	2363294	A,G
Chromosome	2364420	G,A
Chromosome	2364577	C,G
Chromosome	2364740	C,T
Chromosome	2364885	C,T
Chromosome	2366965	G,T
Chromosome	2367312	C,T
Chromosome	2367318	C,T
Chromosome	2367357	A,C
Chromosome	2367785	A,C
Chromosome	2368474	G,T
Chromosome	2368509	A,C
Chromosome	2368647	C,T
Chromosome	2369118	G,A
Chromosome	2369128	G,C
Chromosome	2369186	G,C
Chromosome	2369187	C,T
Chromosome	2369460	G,A
Chromosome	2369971	A,G
Chromosome	2370107	G,A
Chromosome	2371788	A,G
Chromosome	2372439	C,T
Chromosome	2372949	G,A
Chromosome	2373583	G,T
Chromosome	2374245	C,T
Chromosome	2374442	G,A
Chromosome	2375536	G,A
Chromosome	2376025	T,G
Chromosome	2376135	A,G
Chromosome	2376680	C,T
Chromosome	2376827	C,G
Chromosome	2377481	G,C
Chromosome	2377785	C,T
Chromosome	2378813	A,G
Chromosome	2378822	G,A
Chromosome	2378897	C,T
Chromosome	2379109	T,C
Chromosome	2379532	T,C
Chromosome	2379636	G,A
Chromosome	2379732	A,G
Chromosome	2380244	G,A
Chromosome	2380682	T,G
Chromosome	2380979	A,G
Chromosome	2381021	A,C
Chromosome	2381440	G,A
Chromosome	2381633	G,T
Chromosome	2381717	T,G
Chromosome	2381719	C,T
Chromosome	2381809	G,A
Chromosome	2382057	A,G
Chromosome	2382295	G,A
Chromosome	2382650	A,G
Chromosome	2382830	C,A
Chromosome	2383119	G,A
Chromosome	2383166	T,C
Chromosome	2383599	C,T
Chromosome	2384504	A,G
Chromosome	2385036	C,A
Chromosome	2385408	C,A
Chromosome	2385615	G,T
Chromosome	2385695	C,T
Chromosome	2385980	T,C
Chromosome	2386317	C,A
Chromosome	2386883	G,A
Chromosome	2387192	G,A
Chromosome	2387935	G,A
Chromosome	2388205	A,G
Chromosome	2388510	G,C
Chromosome	2388641	G,A
Chromosome	2389093	C,T
Chromosome	2389636	G,A
Chromosome	2389698	C,A
Chromosome	2392387	C,T
Chromosome	2392631	G,T
Chromosome	2392637	T,C
Chromosome	2393341	C,A
Chromosome	2393590	C,G
Chromosome	2394052	G,A
Chromosome	2394761	C,T
Chromosome	2394922	C,T
Chromosome	2395287	G,A
Chromosome	2396770	G,C
Chromosome	2396883	G,A
Chromosome	2397112	G,A
Chromosome	2397212	C,T
Chromosome	2397445	C,T
Chromosome	2397760	C,G
Chromosome	2398027	C,T
Chromosome	2398822	C,T
Chromosome	2399734	G,A
Chromosome	2399808	T,C
Chromosome	2399887	C,T
Chromosome	2401841	C,G
Chromosome	2402116	C,T
Chromosome	2402502	G,A
Chromosome	2402765	G,A
Chromosome	2403074	T,C
Chromosome	2403144	C,T
Chromosome	2403395	G,C
Chromosome	2403490	G,C
Chromosome	2403621	G,C
Chromosome	2404683	G,A
Chromosome	2405010	G,T
Chromosome	2405789	C,G
Chromosome	2405863	T,C
Chromosome	2406122	T,C
Chromosome	2406193	G,C
Chromosome	2406855	C,A
Chromosome	2408442	G,A
Chromosome	2408524	G,A
Chromosome	2408744	T,C
Chromosome	2410938	A,T
Chromosome	2410954	G,A
Chromosome	2411810	G,A
Chromosome	2412160	G,C
Chromosome	2412584	G,A
Chromosome	2413545	T,A
Chromosome	2414272	C,T
Chromosome	2414434	A,C
Chromosome	2414870	G,A
Chromosome	2414989	C,G
Chromosome	2415149	G,C
Chromosome	2415402	C,T
Chromosome	2415576	T,C
Chromosome	2415656	G,C
Chromosome	2415763	G,T
Chromosome	2416149	T,G
Chromosome	2416167	G,T
Chromosome	2417281	G,A
Chromosome	2417741	G,A
Chromosome	2418554	G,A
Chromosome	2418930	G,A
Chromosome	2419044	A,G
Chromosome	2420173	A,C
Chromosome	2420304	G,A
Chromosome	2420503	A,G
Chromosome	2420779	T,C
Chromosome	2421349	G,A
Chromosome	2421750	T,C
Chromosome	2421816	A,G
Chromosome	2422231	G,T
Chromosome	2422687	C,G
Chromosome	2422897	C,A
Chromosome	2423001	G,A
Chromosome	2424898	C,T
Chromosome	2425097	A,C
Chromosome	2425471	T,C
Chromosome	2425512	G,C
Chromosome	2426630	C,T
Chromosome	2426725	C,T
Chromosome	2427088	C,T
Chromosome	2427288	C,G
Chromosome	2427314	G,C
Chromosome	2427828	G,C
Chromosome	2427896	G,T
Chromosome	2428078	C,G
Chromosome	2428213	T,C
Chromosome	2428471	T,C
Chromosome	2428823	C,T
Chromosome	2429729	G,T
Chromosome	2431607	G,C
Chromosome	2432170	A,G
Chromosome	2432550	G,A
Chromosome	2432565	G,A
Chromosome	2432984	A,G
Chromosome	2433086	G,A
Chromosome	2433547	G,A
Chromosome	2433579	T,C
Chromosome	2433613	G,A
Chromosome	2435954	A,G
Chromosome	2436170	A,G
Chromosome	2436352	C,G
Chromosome	2438090	G,A
Chromosome	2438422	T,G
Chromosome	2438445	G,C
Chromosome	2438682	C,T
Chromosome	2440323	C,G
Chromosome	2440802	A,G
Chromosome	2440953	G,T
Chromosome	2441970	G,A
Chromosome	2442398	C,T
Chromosome	2442419	C,T
Chromosome	2442656	T,G
Chromosome	2442862	A,C
Chromosome	2443188	G,A
Chromosome	2443598	G,A
Chromosome	2445468	C,T
Chromosome	2445840	A,G
Chromosome	2446408	G,A
Chromosome	2446461	G,A
Chromosome	2446560	C,T
Chromosome	2446827	T,C
Chromosome	2447282	T,G
Chromosome	2448288	G,A
Chromosome	2448407	G,A
Chromosome	2448458	C,T
Chromosome	2448598	C,T
Chromosome	2448862	C,T
Chromosome	2449112	G,A
Chromosome	2449412	G,A
Chromosome	2449826	C,G
Chromosome	2450045	G,A
Chromosome	2450245	G,A
Chromosome	2450263	C,T
Chromosome	2450895	G,T
Chromosome	2451030	C,A
Chromosome	2451081	C,G
Chromosome	2451275	G,A
Chromosome	2451355	C,A
Chromosome	2452452	G,A
Chromosome	2452657	C,A
Chromosome	2453115	T,C
Chromosome	2453259	T,G
Chromosome	2453383	A,G
Chromosome	2453645	A,C
Chromosome	2453659	C,A
Chromosome	2453885	G,A
Chromosome	2454006	C,T
Chromosome	2454856	C,T
Chromosome	2454940	G,T
Chromosome	2455103	G,T
Chromosome	2455785	G,A
Chromosome	2456275	G,A
Chromosome	2457468	A,G
Chromosome	2459234	G,C
Chromosome	2459699	C,T
Chromosome	2459865	T,C
Chromosome	2460859	C,G
Chromosome	2461053	C,A
Chromosome	2461815	A,G
Chromosome	2461955	A,G
Chromosome	2463094	G,A
Chromosome	2463313	T,C
Chromosome	2463455	C,T
Chromosome	2464208	C,T
Chromosome	2464860	C,A
Chromosome	2465721	T,C
Chromosome	2465997	T,G
Chromosome	2466525	C,T
Chromosome	2466760	G,T
Chromosome	2468098	G,A
Chromosome	2468471	G,T
Chromosome	2469396	C,T
Chromosome	2469979	T,G
Chromosome	2470347	G,T
Chromosome	2470485	G,T
Chromosome	2470627	G,A
Chromosome	2470934	C,A
Chromosome	2471173	C,A
Chromosome	2471345	G,A
Chromosome	2472029	T,G
Chromosome	2473670	G,A
Chromosome	2473699	C,T
Chromosome	2474271	G,A
Chromosome	2474685	G,T
Chromosome	2475305	G,A
Chromosome	2475787	C,T
Chromosome	2475888	T,G
Chromosome	2476128	C,T
Chromosome	2477562	C,T
Chromosome	2478058	G,T
Chromosome	2478266	A,C
Chromosome	2478401	G,A
Chromosome	2478525	G,T
Chromosome	2478541	C,T
Chromosome	2478997	T,C
Chromosome	2479220	T,G
Chromosome	2479674	C,T
Chromosome	2480332	A,G
Chromosome	2480676	G,A
Chromosome	2482469	T,C
Chromosome	2482533	G,T
Chromosome	2482888	G,A
Chromosome	2483513	C,G
Chromosome	2483579	A,G
Chromosome	2484215	G,C
Chromosome	2484526	G,C
Chromosome	2484734	G,A
Chromosome	2484801	A,G
Chromosome	2485234	C,T
Chromosome	2485567	G,A
Chromosome	2485683	C,T
Chromosome	2485956	G,A
Chromosome	2486335	A,G
Chromosome	2486342	C,T
Chromosome	2486454	T,C
Chromosome	2486576	G,A
Chromosome	2488724	C,G
Chromosome	2489855	C,T
Chromosome	2491821	G,A
Chromosome	2493513	T,C
Chromosome	2494263	G,A
Chromosome	2494481	C,A
Chromosome	2494494	G,A
Chromosome	2495982	G,T
Chromosome	2496141	C,T
Chromosome	2496797	G,T
Chromosome	2496846	G,A
Chromosome	2496917	C,T
Chromosome	2498200	G,T
Chromosome	2498876	G,A
Chromosome	2498923	G,A
Chromosome	2499597	G,A
Chromosome	2500610	G,A
Chromosome	2500697	C,T
Chromosome	2500892	C,T
Chromosome	2501007	C,T
Chromosome	2501377	G,A
Chromosome	2502069	A,G
Chromosome	2503257	G,A
Chromosome	2503486	C,A
Chromosome	2503491	T,G
Chromosome	2503539	G,A
Chromosome	2503549	C,A
Chromosome	2503625	C,T
Chromosome	2504166	G,C
Chromosome	2507412	G,A
Chromosome	2507495	C,A
Chromosome	2507524	C,G
Chromosome	2508037	C,T
Chromosome	2508395	G,A
Chromosome	2508532	T,A
Chromosome	2508857	G,A
Chromosome	2509181	C,G
Chromosome	2510350	C,G
Chromosome	2510553	C,A
Chromosome	2512359	G,A
Chromosome	2512478	T,C
Chromosome	2512641	C,T
Chromosome	2512754	C,A
Chromosome	2513411	C,G
Chromosome	2513847	A,G
Chromosome	2515135	G,T
Chromosome	2515137	G,A
Chromosome	2515325	C,T
Chromosome	2516158	C,G
Chromosome	2516271	T,C
Chromosome	2516365	T,C
Chromosome	2516588	G,T
Chromosome	2516640	C,T
Chromosome	2517405	G,A
Chromosome	2518919	G,A
Chromosome	2519035	C,T
Chromosome	2519048	G,A
Chromosome	2519445	C,A
Chromosome	2520466	G,A
Chromosome	2521428	A,G
Chromosome	2522014	G,C
Chromosome	2522266	G,C
Chromosome	2522550	T,C
Chromosome	2523709	G,A
Chromosome	2523830	G,C
Chromosome	2524666	G,A
Chromosome	2525776	C,T
Chromosome	2526229	G,C
Chromosome	2526709	T,C
Chromosome	2527575	G,A
Chromosome	2527676	G,A
Chromosome	2528278	A,C
Chromosome	2528378	C,A
Chromosome	2528650	A,G
Chromosome	2528773	G,A
Chromosome	2528931	G,A
Chromosome	2529725	G,T
Chromosome	2529798	G,C
Chromosome	2530101	T,A
Chromosome	2530434	G,T
Chromosome	2530692	G,A
Chromosome	2530997	G,T
Chromosome	2531069	T,C
Chromosome	2531081	T,A
Chromosome	2531575	T,G
Chromosome	2532502	C,T
Chromosome	2532616	G,A
Chromosome	2532788	A,G
Chromosome	2533237	G,A
Chromosome	2533256	G,C
Chromosome	2534152	G,T
Chromosome	2534186	C,T
Chromosome	2534926	G,C
Chromosome	2535243	G,A
Chromosome	2535273	C,T
Chromosome	2535956	C,A
Chromosome	2535996	A,C
Chromosome	2536029	T,C
Chromosome	2536312	C,T
Chromosome	2536732	G,T
Chromosome	2536740	C,T
Chromosome	2537368	G,A
Chromosome	2537602	A,C
Chromosome	2537908	G,A
Chromosome	2538465	C,T
Chromosome	2538467	G,A
Chromosome	2538793	G,A
Chromosome	2539831	A,C
Chromosome	2540326	T,A
Chromosome	2540351	G,A
Chromosome	2540441	T,C
Chromosome	2541694	C,A
Chromosome	2541779	G,A
Chromosome	2542664	G,A
Chromosome	2543395	T,C
Chromosome	2543670	G,A
Chromosome	2543677	G,T
Chromosome	2543943	C,T
Chromosome	2544132	A,G
Chromosome	2544466	C,T
Chromosome	2544639	C,T
Chromosome	2544779	G,A
Chromosome	2544979	T,A
Chromosome	2545013	G,A
Chromosome	2545095	G,A
Chromosome	2545215	C,A
Chromosome	2545359	C,A
Chromosome	2545727	A,C
Chromosome	2546350	C,T
Chromosome	2546698	T,A
Chromosome	2546840	C,T
Chromosome	2546994	G,T
Chromosome	2547295	G,A
Chromosome	2547664	A,C
Chromosome	2548139	G,A
Chromosome	2548813	A,G
Chromosome	2549057	C,A
Chromosome	2549256	G,A
Chromosome	2549303	A,C
Chromosome	2549490	G,T
Chromosome	2549725	T,G
Chromosome	2551429	C,A
Chromosome	2551666	C,T
Chromosome	2552373	C,T
Chromosome	2552592	A,C
Chromosome	2552947	C,G
Chromosome	2553395	G,A
Chromosome	2553682	C,T
Chromosome	2556077	G,A
Chromosome	2556298	G,C
Chromosome	2556450	T,C
Chromosome	2556572	T,G
Chromosome	2557248	C,A
Chromosome	2558668	G,A
Chromosome	2559151	C,T
Chromosome	2559170	G,A
Chromosome	2560161	G,A
Chromosome	2560424	A,C
Chromosome	2560425	G,A
Chromosome	2560539	G,A
Chromosome	2561466	A,C
Chromosome	2562389	G,A
Chromosome	2562419	A,C
Chromosome	2562752	G,A
Chromosome	2562933	T,C
Chromosome	2563401	T,G
Chromosome	2564928	G,T
Chromosome	2565061	G,A
Chromosome	2565446	G,A
Chromosome	2565689	G,A
Chromosome	2565748	G,A
Chromosome	2566485	A,C
Chromosome	2566783	G,A
Chromosome	2567122	G,A
Chromosome	2567539	A,C
Chromosome	2569448	G,A
Chromosome	2569593	A,G
Chromosome	2571879	C,T
Chromosome	2572079	G,C
Chromosome	2572438	C,T
Chromosome	2573044	C,T
Chromosome	2573332	G,A
Chromosome	2573434	G,T
Chromosome	2573553	G,A
Chromosome	2574022	C,T
Chromosome	2574104	C,T
Chromosome	2574598	C,T
Chromosome	2574950	T,C
Chromosome	2576461	A,G
Chromosome	2576682	G,A
Chromosome	2577116	C,G
Chromosome	2578618	A,G
Chromosome	2578652	G,C
Chromosome	2580310	G,A
Chromosome	2580759	G,A
Chromosome	2580954	G,C
Chromosome	2581052	G,A
Chromosome	2581460	G,A
Chromosome	2581971	G,A
Chromosome	2582348	G,T
Chromosome	2582609	C,T
Chromosome	2583722	G,A
Chromosome	2583803	G,A
Chromosome	2585306	A,C
Chromosome	2585858	G,A
Chromosome	2585861	C,A
Chromosome	2585958	T,C
Chromosome	2586521	G,A
Chromosome	2586790	G,A
Chromosome	2587048	C,T
Chromosome	2588070	C,T
Chromosome	2588440	T,G
Chromosome	2590090	C,T
Chromosome	2590122	G,A
Chromosome	2590827	T,G
Chromosome	2591172	G,A
Chromosome	2591298	G,T
Chromosome	2591699	T,C
Chromosome	2592048	C,T
Chromosome	2592100	C,A
Chromosome	2592413	T,C
Chromosome	2593424	G,C
Chromosome	2594268	T,C
Chromosome	2594632	C,A
Chromosome	2595295	A,C
Chromosome	2595703	C,G
Chromosome	2595933	C,T
Chromosome	2595961	C,T
Chromosome	2596056	C,T
Chromosome	2596354	C,T
Chromosome	2596454	G,A
Chromosome	2596543	G,A
Chromosome	2597696	C,T
Chromosome	2597957	G,A
Chromosome	2598633	A,G
Chromosome	2598899	G,T
Chromosome	2599821	C,A
Chromosome	2600718	G,A
Chromosome	2601399	C,T
Chromosome	2602160	G,A
Chromosome	2602303	A,C
Chromosome	2602454	T,G
Chromosome	2602575	G,A
Chromosome	2603380	G,A
Chromosome	2603471	T,G
Chromosome	2603523	G,C
Chromosome	2603541	T,C
Chromosome	2603736	C,T
Chromosome	2603797	G,A
Chromosome	2603934	A,C
Chromosome	2605187	C,T
Chromosome	2605507	T,C
Chromosome	2605663	G,T
Chromosome	2605942	G,A
Chromosome	2606813	G,T
Chromosome	2607221	C,A
Chromosome	2607246	C,A
Chromosome	2607724	G,C
Chromosome	2608819	C,T
Chromosome	2609178	A,G
Chromosome	2609302	G,C
Chromosome	2609478	T,C
Chromosome	2609762	G,A
Chromosome	2609788	C,G
Chromosome	2610122	A,G
Chromosome	2610344	G,C
Chromosome	2610702	T,C
Chromosome	2610825	G,A
Chromosome	2611442	G,A
Chromosome	2611704	A,C
Chromosome	2612300	G,T
Chromosome	2613528	G,A
Chromosome	2613559	C,T
Chromosome	2614031	T,G
Chromosome	2614128	C,T
Chromosome	2614431	G,C
Chromosome	2614882	G,A
Chromosome	2615466	C,A
Chromosome	2616527	G,T
Chromosome	2616539	A,G
Chromosome	2616769	G,T
Chromosome	2616790	A,G
Chromosome	2617163	A,G
Chromosome	2617442	C,A
Chromosome	2617673	G,A
Chromosome	2617717	G,C
Chromosome	2618120	A,C
Chromosome	2618244	C,G
Chromosome	2618584	C,T
Chromosome	2619271	T,C
Chromosome	2619799	A,C
Chromosome	2620140	G,A
Chromosome	2620214	G,C
Chromosome	2621157	T,C
Chromosome	2622149	C,T
Chromosome	2622402	G,A
Chromosome	2622508	C,T
Chromosome	2622927	G,C
Chromosome	2623100	T,C
Chromosome	2623232	C,G
Chromosome	2623273	G,A
Chromosome	2623603	T,C
Chromosome	2624618	G,C
Chromosome	2624735	G,A
Chromosome	2625052	G,A
Chromosome	2625194	G,A
Chromosome	2626968	G,A
Chromosome	2628253	A,G
Chromosome	2631278	C,A
Chromosome	2631607	G,A
Chromosome	2637961	C,G
Chromosome	2638538	G,A
Chromosome	2639625	C,T
Chromosome	2639690	G,C
Chromosome	2639868	A,G
Chromosome	2640369	G,A
Chromosome	2640807	G,A
Chromosome	2640960	C,T
Chromosome	2641658	A,C
Chromosome	2641666	T,C
Chromosome	2641813	C,T
Chromosome	2641828	T,C
Chromosome	2642545	G,C
Chromosome	2643640	C,T
Chromosome	2643653	G,A
Chromosome	2643676	G,A
Chromosome	2643877	C,T
Chromosome	2644031	G,A
Chromosome	2645270	C,T
Chromosome	2645780	C,T
Chromosome	2646274	T,G
Chromosome	2646542	G,A
Chromosome	2646737	A,G
Chromosome	2646749	A,G
Chromosome	2647342	G,A
Chromosome	2648005	G,C
Chromosome	2648555	G,A
Chromosome	2648854	T,C
Chromosome	2648929	C,T
Chromosome	2649855	G,A
Chromosome	2650890	C,T
Chromosome	2651310	G,T
Chromosome	2652332	T,G
Chromosome	2652561	C,T
Chromosome	2652797	G,A
Chromosome	2652908	C,G
Chromosome	2653268	C,A
Chromosome	2653314	A,G
Chromosome	2653370	C,T
Chromosome	2655771	C,A
Chromosome	2655824	T,C
Chromosome	2656466	A,T
Chromosome	2656635	G,A
Chromosome	2656798	C,A
Chromosome	2657046	G,A
Chromosome	2658676	G,A
Chromosome	2659542	T,C
Chromosome	2659647	G,T
Chromosome	2661039	G,A
Chromosome	2661345	G,A
Chromosome	2662080	T,G
Chromosome	2662776	T,G
Chromosome	2662814	G,A
Chromosome	2663210	G,A
Chromosome	2663297	T,C
Chromosome	2663319	C,A
Chromosome	2663463	C,A
Chromosome	2665304	G,A
Chromosome	2666600	G,A
Chromosome	2666885	C,T
Chromosome	2667578	A,G
Chromosome	2668257	G,A
Chromosome	2668377	G,T
Chromosome	2669115	G,A
Chromosome	2669816	C,A
Chromosome	2671061	C,A
Chromosome	2671677	C,T
Chromosome	2672081	T,G
Chromosome	2672514	C,G
Chromosome	2672607	G,A
Chromosome	2672906	G,A
Chromosome	2673255	C,G
Chromosome	2673701	C,T
Chromosome	2673818	C,G
Chromosome	2675648	T,C
Chromosome	2677499	G,T
Chromosome	2677910	G,A
Chromosome	2678023	C,T
Chromosome	2679283	C,T
Chromosome	2679370	G,T
Chromosome	2679543	T,C
Chromosome	2679840	G,C
Chromosome	2679989	A,G
Chromosome	2680231	G,A
Chromosome	2680542	A,C
Chromosome	2680640	A,G
Chromosome	2680667	A,C
Chromosome	2680758	G,A
Chromosome	2680787	A,G
Chromosome	2681368	G,A
Chromosome	2681807	T,C
Chromosome	2681905	G,A
Chromosome	2681964	G,A
Chromosome	2682158	G,A
Chromosome	2682474	C,T
Chromosome	2682520	C,T
Chromosome	2682593	C,T
Chromosome	2683729	T,C
Chromosome	2684643	C,T
Chromosome	2685127	A,G
Chromosome	2687224	G,A
Chromosome	2687712	G,C
Chromosome	2688225	G,C
Chromosome	2688700	C,T
Chromosome	2688891	G,A
Chromosome	2689100	G,T
Chromosome	2689178	A,G
Chromosome	2689715	G,C
Chromosome	2690427	T,A
Chromosome	2691057	T,C
Chromosome	2691958	A,C
Chromosome	2692100	C,T
Chromosome	2692342	C,T
Chromosome	2692994	A,G
Chromosome	2694026	C,T
Chromosome	2694189	A,G
Chromosome	2694479	G,A
Chromosome	2694560	G,C
Chromosome	2695094	C,G
Chromosome	2697840	T,C
Chromosome	2698635	C,A
Chromosome	2699050	C,T
Chromosome	2699058	C,G
Chromosome	2699744	T,C
Chromosome	2700142	C,A
Chromosome	2700222	T,C
Chromosome	2701054	T,G
Chromosome	2701538	G,A
Chromosome	2701768	G,T
Chromosome	2701940	G,A
Chromosome	2701977	C,T
Chromosome	2702166	G,T
Chromosome	2702178	G,A
Chromosome	2702369	A,G
Chromosome	2702403	A,G
Chromosome	2702612	C,A
Chromosome	2702727	G,A
Chromosome	2702921	G,A
Chromosome	2703858	G,A
Chromosome	2703921	C,T
Chromosome	2704291	G,A
Chromosome	2704994	G,A
Chromosome	2705340	A,G
Chromosome	2705561	A,G
Chromosome	2705603	G,A
Chromosome	2705855	C,G
Chromosome	2705939	G,A
Chromosome	2705973	C,G
Chromosome	2706890	G,C
Chromosome	2707874	T,C
Chromosome	2708718	G,A
Chromosome	2709457	G,C
Chromosome	2710207	G,A
Chromosome	2710422	C,T
Chromosome	2711204	G,T
Chromosome	2711722	T,G
Chromosome	2712128	C,T
Chromosome	2712131	G,A
Chromosome	2712328	C,T
Chromosome	2712331	C,T
Chromosome	2712566	G,T
Chromosome	2713270	T,C
Chromosome	2713528	A,C
Chromosome	2714317	C,T
Chromosome	2714418	G,A
Chromosome	2715125	T,C
Chromosome	2716008	C,T
Chromosome	2717317	A,G
Chromosome	2719580	T,C
Chromosome	2719850	G,A
Chromosome	2719938	A,G
Chromosome	2721038	T,C
Chromosome	2721475	G,A
Chromosome	2721800	G,A
Chromosome	2721848	T,C
Chromosome	2722336	G,A
Chromosome	2722598	C,A
Chromosome	2722669	T,C
Chromosome	2723440	G,C
Chromosome	2723506	T,C
Chromosome	2723847	A,G
Chromosome	2724004	C,G
Chromosome	2724174	G,A
Chromosome	2724331	T,C
Chromosome	2724782	C,T
Chromosome	2725653	G,A
Chromosome	2725884	T,G
Chromosome	2726051	G,A
Chromosome	2726196	C,T
Chromosome	2726378	T,A
Chromosome	2727037	A,T
Chromosome	2727096	C,T
Chromosome	2727505	T,C
Chromosome	2728215	C,T
Chromosome	2728454	A,G
Chromosome	2728682	G,A
Chromosome	2729237	G,A
Chromosome	2729340	C,T
Chromosome	2729423	G,T
Chromosome	2729453	C,A
Chromosome	2729454	C,T
Chromosome	2729561	G,A
Chromosome	2729765	C,T
Chromosome	2730205	C,A
Chromosome	2730348	G,A
Chromosome	2730359	G,C
Chromosome	2730360	G,A
Chromosome	2730711	G,A
Chromosome	2731555	A,C
Chromosome	2731731	G,A
Chromosome	2731741	G,A
Chromosome	2732591	C,G
Chromosome	2733486	T,G
Chromosome	2734017	T,G
Chromosome	2734271	A,G
Chromosome	2734791	G,A
Chromosome	2735139	C,T
Chromosome	2736153	C,T
Chromosome	2736434	C,A
Chromosome	2736789	C,T
Chromosome	2737201	A,C
Chromosome	2738221	G,A
Chromosome	2738284	G,A
Chromosome	2738352	C,T
Chromosome	2739087	C,T
Chromosome	2739166	G,A
Chromosome	2739254	C,G
Chromosome	2739385	T,C
Chromosome	2740014	C,A
Chromosome	2740693	T,C
Chromosome	2741028	G,A
Chromosome	2741209	G,A
Chromosome	2742494	C,T
Chromosome	2742591	G,T
Chromosome	2742996	C,A
Chromosome	2743259	T,C
Chromosome	2744225	A,G
Chromosome	2744699	G,T
Chromosome	2745310	G,A
Chromosome	2745739	G,A
Chromosome	2745839	G,A
Chromosome	2746245	C,T
Chromosome	2746391	A,G
Chromosome	2747631	G,A
Chromosome	2747825	C,G
Chromosome	2748087	G,A
Chromosome	2748366	C,A
Chromosome	2749340	G,C
Chromosome	2750012	A,G
Chromosome	2750052	G,A
Chromosome	2750714	G,A
Chromosome	2750756	G,A
Chromosome	2751502	G,T
Chromosome	2751859	C,A
Chromosome	2751994	G,A
Chromosome	2752854	G,A
Chromosome	2753041	C,T
Chromosome	2754453	C,T
Chromosome	2754717	G,A
Chromosome	2754723	T,C
Chromosome	2754749	G,T
Chromosome	2755112	G,A
Chromosome	2755156	G,T
Chromosome	2755330	C,T
Chromosome	2755469	G,A
Chromosome	2755531	G,A
Chromosome	2755884	G,A
Chromosome	2756390	G,A
Chromosome	2756498	G,A
Chromosome	2757339	C,T
Chromosome	2757414	A,G
Chromosome	2758803	C,G
Chromosome	2759363	A,G
Chromosome	2759741	G,A
Chromosome	2760147	C,T
Chromosome	2761018	G,A
Chromosome	2762464	G,A
Chromosome	2763309	C,T
Chromosome	2763624	G,A
Chromosome	2764206	A,G
Chromosome	2764924	G,A
Chromosome	2765091	G,A
Chromosome	2766211	C,A
Chromosome	2766506	G,A
Chromosome	2767071	G,A
Chromosome	2767100	T,G
Chromosome	2767631	C,T
Chromosome	2767842	T,C
Chromosome	2769783	A,G
Chromosome	2769860	G,A
Chromosome	2770542	C,T
Chromosome	2770654	C,T
Chromosome	2770740	C,T
Chromosome	2770901	A,C
Chromosome	2771112	C,T
Chromosome	2771457	C,A
Chromosome	2771693	C,G
Chromosome	2772670	C,G
Chromosome	2772868	C,A
Chromosome	2772924	C,G
Chromosome	2772960	G,A
Chromosome	2773181	C,T
Chromosome	2773673	T,G
Chromosome	2773903	G,A
Chromosome	2773919	T,C
Chromosome	2773955	G,C
Chromosome	2774180	G,C
Chromosome	2774342	A,C
Chromosome	2774377	A,C
Chromosome	2774534	C,T
Chromosome	2775540	G,A
Chromosome	2775735	C,T
Chromosome	2776401	C,T
Chromosome	2777192	A,G
Chromosome	2778196	G,A
Chromosome	2779136	T,C
Chromosome	2779824	G,A
Chromosome	2780355	G,A
Chromosome	2780705	A,G
Chromosome	2781290	C,T
Chromosome	2781383	G,A
Chromosome	2781384	A,G
Chromosome	2781628	C,T
Chromosome	2782140	G,A
Chromosome	2782240	T,C
Chromosome	2782310	C,G
Chromosome	2782498	G,A
Chromosome	2783790	C,T
Chromosome	2784166	T,G
Chromosome	2784568	A,G
Chromosome	2787304	C,T
Chromosome	2787329	A,C
Chromosome	2787989	C,T
Chromosome	2788050	C,T
Chromosome	2788298	T,C
Chromosome	2788372	G,T
Chromosome	2788745	C,T
Chromosome	2789267	G,T
Chromosome	2789503	T,G
Chromosome	2789841	G,A
Chromosome	2789993	C,A
Chromosome	2790149	G,A
Chromosome	2790578	G,A
Chromosome	2791079	C,T
Chromosome	2791098	C,T
Chromosome	2791239	A,G
Chromosome	2791257	A,T
Chromosome	2791431	T,C
Chromosome	2792168	G,A
Chromosome	2793360	C,T
Chromosome	2793444	T,C
Chromosome	2793515	C,T
Chromosome	2793706	G,A
Chromosome	2793746	G,A
Chromosome	2793772	G,A
Chromosome	2794071	G,A
Chromosome	2794793	G,A
Chromosome	2795160	C,T
Chromosome	2795454	G,A
Chromosome	2795567	C,A
Chromosome	2796054	G,T
Chromosome	2796559	G,A
Chromosome	2796928	C,T
Chromosome	2797011	C,A
Chromosome	2797514	G,T
Chromosome	2798595	C,T
Chromosome	2799248	G,T
Chromosome	2799276	G,C
Chromosome	2799361	G,A
Chromosome	2799571	C,T
Chromosome	2801147	C,T
Chromosome	2801664	C,T
Chromosome	2802712	G,T
Chromosome	2802759	G,A
Chromosome	2803391	C,G
Chromosome	2803882	G,T
Chromosome	2804334	C,T
Chromosome	2804667	T,C
Chromosome	2804817	C,T
Chromosome	2805268	G,A
Chromosome	2805436	G,A
Chromosome	2806018	G,A
Chromosome	2806945	G,A
Chromosome	2807031	G,A
Chromosome	2807486	C,A
Chromosome	2807764	G,A
Chromosome	2807809	G,T
Chromosome	2807828	A,G
Chromosome	2807945	T,G
Chromosome	2807956	A,G
Chromosome	2808296	G,A
Chromosome	2808328	A,C
Chromosome	2809250	C,T
Chromosome	2809468	G,C
Chromosome	2809618	C,A
Chromosome	2809895	G,A
Chromosome	2810009	C,T
Chromosome	2810786	A,C
Chromosome	2810816	T,C
Chromosome	2812520	C,T
Chromosome	2812633	G,A
Chromosome	2812742	A,G
Chromosome	2813075	G,A
Chromosome	2813446	G,A
Chromosome	2813515	G,A
Chromosome	2813655	T,G
Chromosome	2813937	G,A
Chromosome	2814000	T,G
Chromosome	2814961	G,A
Chromosome	2815003	C,G
Chromosome	2815277	C,T
Chromosome	2815465	G,T
Chromosome	2815620	C,T
Chromosome	2816034	G,A
Chromosome	2816288	A,G
Chromosome	2816479	C,T
Chromosome	2817158	C,A
Chromosome	2817269	C,T
Chromosome	2817747	G,A
Chromosome	2818085	C,G
Chromosome	2818201	C,G
Chromosome	2818445	G,A
Chromosome	2818762	G,A
Chromosome	2819009	G,A
Chromosome	2819093	G,C
Chromosome	2819183	G,A
Chromosome	2819217	A,G
Chromosome	2819656	C,T
Chromosome	2820456	T,C
Chromosome	2820603	C,T
Chromosome	2820743	A,G
Chromosome	2821013	T,C
Chromosome	2821089	C,A
Chromosome	2821161	C,A
Chromosome	2821426	G,A
Chromosome	2821795	C,A
Chromosome	2821895	A,G
Chromosome	2822255	A,C
Chromosome	2822737	G,A
Chromosome	2824432	G,A
Chromosome	2824839	C,T
Chromosome	2824934	T,C
Chromosome	2825376	C,T
Chromosome	2825466	G,A
Chromosome	2825581	T,G
Chromosome	2827731	T,G
Chromosome	2828055	G,A
Chromosome	2828104	C,T
Chromosome	2829950	A,G
Chromosome	2829956	G,T
Chromosome	2830126	A,G
Chromosome	2830525	C,A
Chromosome	2830860	G,A
Chromosome	2831140	A,G
Chromosome	2831801	T,C
Chromosome	2832776	A,C
Chromosome	2832900	T,C
Chromosome	2833329	G,A
Chromosome	2833478	A,G
Chromosome	2834424	G,A
Chromosome	2834601	C,T
Chromosome	2835261	C,T
Chromosome	2835576	G,A
Chromosome	2836375	C,T
Chromosome	2836408	C,T
Chromosome	2838300	G,A
Chromosome	2838564	C,G
Chromosome	2838593	C,T
Chromosome	2838982	G,C
Chromosome	2839209	G,A
Chromosome	2840029	G,C
Chromosome	2840091	C,T
Chromosome	2840373	G,C
Chromosome	2840849	G,C
Chromosome	2841179	G,A
Chromosome	2841613	G,C
Chromosome	2842043	C,G
Chromosome	2842238	C,A
Chromosome	2842441	T,C
Chromosome	2843780	A,C
Chromosome	2844014	G,A
Chromosome	2844374	C,T
Chromosome	2844573	C,T
Chromosome	2844689	G,C
Chromosome	2845390	C,T
Chromosome	2847191	G,A
Chromosome	2847737	G,A
Chromosome	2847933	C,T
Chromosome	2847965	C,A
Chromosome	2847973	T,C
Chromosome	2848135	G,A
Chromosome	2848631	A,G
Chromosome	2848837	C,A
Chromosome	2848872	G,A
Chromosome	2849358	G,C
Chromosome	2849703	G,A
Chromosome	2850607	C,T
Chromosome	2850768	C,T
Chromosome	2851736	C,G
Chromosome	2852114	C,T
Chromosome	2852391	G,A
Chromosome	2852598	G,C
Chromosome	2852763	C,T
Chromosome	2853155	G,A
Chromosome	2853372	C,T
Chromosome	2853815	C,T
Chromosome	2853820	G,A
Chromosome	2853993	C,T
Chromosome	2854669	A,G
Chromosome	2854864	G,A
Chromosome	2854891	T,C
Chromosome	2855231	A,G
Chromosome	2855340	G,T
Chromosome	2855959	G,A
Chromosome	2856463	G,T
Chromosome	2856656	C,T
Chromosome	2856751	G,A
Chromosome	2857291	T,C
Chromosome	2857547	G,A
Chromosome	2857577	G,A
Chromosome	2857635	G,A
Chromosome	2857875	T,C
Chromosome	2857876	C,A
Chromosome	2858167	G,A
Chromosome	2858270	A,C
Chromosome	2859147	C,T
Chromosome	2859482	C,T
Chromosome	2859674	T,C
Chromosome	2860213	G,A
Chromosome	2860901	T,C
Chromosome	2861269	G,A
Chromosome	2861567	T,C
Chromosome	2862151	G,A
Chromosome	2862497	G,T
Chromosome	2864902	C,T
Chromosome	2865240	G,A
Chromosome	2865357	G,C
Chromosome	2865369	G,T
Chromosome	2867538	G,A
Chromosome	2867547	G,A
Chromosome	2867759	G,A
Chromosome	2868358	G,A
Chromosome	2868769	G,A
Chromosome	2868925	G,A
Chromosome	2868976	C,G
Chromosome	2869242	T,C
Chromosome	2869984	G,A
Chromosome	2870141	A,C
Chromosome	2871227	G,A
Chromosome	2871251	G,A
Chromosome	2871558	T,G
Chromosome	2871717	C,T
Chromosome	2871911	G,A
Chromosome	2872111	G,A
Chromosome	2872922	T,C
Chromosome	2873374	G,A
Chromosome	2874162	G,A
Chromosome	2875121	G,A
Chromosome	2875717	T,G
Chromosome	2875883	C,T
Chromosome	2876703	G,C
Chromosome	2877192	C,A
Chromosome	2877246	C,T
Chromosome	2877698	C,T
Chromosome	2877876	G,A
Chromosome	2880016	G,A
Chromosome	2880265	G,A
Chromosome	2880431	G,C
Chromosome	2880480	T,G
Chromosome	2880507	A,G
Chromosome	2880538	T,C
Chromosome	2880615	G,A
Chromosome	2880668	C,T
Chromosome	2880685	G,A
Chromosome	2880835	T,G
Chromosome	2881124	C,A
Chromosome	2881244	A,G
Chromosome	2881337	C,T
Chromosome	2881542	C,G
Chromosome	2881643	G,A
Chromosome	2881966	T,C
Chromosome	2882343	C,A
Chromosome	2882904	G,A
Chromosome	2884050	C,A
Chromosome	2884053	T,G
Chromosome	2884405	C,T
Chromosome	2884521	A,G
Chromosome	2886222	C,T
Chromosome	2886570	A,G
Chromosome	2886640	C,G
Chromosome	2886774	G,A
Chromosome	2887133	A,G
Chromosome	2887243	G,A
Chromosome	2887315	G,T
Chromosome	2887531	G,A
Chromosome	2887744	C,A
Chromosome	2888978	G,A
Chromosome	2889358	C,T
Chromosome	2889947	G,A
Chromosome	2890112	G,A
Chromosome	2890468	C,G
Chromosome	2890668	C,T
Chromosome	2890838	C,A
Chromosome	2891366	G,A
Chromosome	2891386	C,T
Chromosome	2891507	T,G
Chromosome	2892168	G,A
Chromosome	2892388	C,T
Chromosome	2892701	C,T
Chromosome	2892904	T,G
Chromosome	2893477	G,A
Chromosome	2893585	C,T
Chromosome	2893701	G,A
Chromosome	2893883	A,G
Chromosome	2893923	G,A
Chromosome	2894182	G,A
Chromosome	2894458	C,T
Chromosome	2894642	A,G
Chromosome	2894678	G,A
Chromosome	2894958	G,A
Chromosome	2895348	G,A
Chromosome	2895473	A,G
Chromosome	2895540	A,T
Chromosome	2896401	T,C
Chromosome	2896989	G,A
Chromosome	2897528	G,A
Chromosome	2897684	A,G
Chromosome	2897760	C,T
Chromosome	2898337	C,T
Chromosome	2899115	T,C
Chromosome	2899273	T,C
Chromosome	2899538	A,C
Chromosome	2899890	G,T
Chromosome	2900167	C,T
Chromosome	2901086	C,A
Chromosome	2902583	A,G
Chromosome	2902742	G,T
Chromosome	2902956	G,C
Chromosome	2903050	G,A
Chromosome	2903643	C,A
Chromosome	2903710	T,C
Chromosome	2904272	C,G
Chromosome	2904550	G,A
Chromosome	2904568	C,T
Chromosome	2904886	C,T
Chromosome	2905505	G,A
Chromosome	2906008	C,T
Chromosome	2906978	C,T
Chromosome	2907308	C,G
Chromosome	2907629	G,A
Chromosome	2907840	T,G
Chromosome	2908128	G,A
Chromosome	2908357	G,A
Chromosome	2909040	G,T
Chromosome	2909838	T,G
Chromosome	2909916	C,T
Chromosome	2910483	G,T
Chromosome	2910852	C,G
Chromosome	2911595	G,A
Chromosome	2911823	G,A
Chromosome	2911839	C,T
Chromosome	2911916	G,A
Chromosome	2912061	G,A
Chromosome	2912489	C,T
Chromosome	2912502	G,A
Chromosome	2912516	G,A
Chromosome	2912722	G,A
Chromosome	2912746	C,T
Chromosome	2913078	C,G
Chromosome	2913091	C,T
Chromosome	2913373	G,A
Chromosome	2913727	G,A
Chromosome	2914906	G,C
Chromosome	2915050	G,A
Chromosome	2915666	A,G
Chromosome	2915934	T,G
Chromosome	2916179	A,G
Chromosome	2916988	C,T
Chromosome	2917291	T,C
Chromosome	2918440	C,G
Chromosome	2918796	T,A
Chromosome	2919268	G,A
Chromosome	2919532	T,G
Chromosome	2919670	G,A
Chromosome	2919808	G,A
Chromosome	2919947	T,C
Chromosome	2919994	C,T
Chromosome	2921474	C,T
Chromosome	2922028	G,A
Chromosome	2922236	G,A
Chromosome	2922447	T,C
Chromosome	2922832	G,A
Chromosome	2922842	G,A
Chromosome	2922867	G,A
Chromosome	2923264	G,A
Chromosome	2924353	G,A
Chromosome	2924782	C,T
Chromosome	2925430	G,C
Chromosome	2925462	T,A
Chromosome	2925802	C,T
Chromosome	2925962	T,C
Chromosome	2926388	C,T
Chromosome	2926445	G,A
Chromosome	2926523	G,A
Chromosome	2926654	C,G
Chromosome	2926882	C,T
Chromosome	2927086	G,A
Chromosome	2927664	C,T
Chromosome	2927864	G,A
Chromosome	2927887	C,T
Chromosome	2928487	G,T
Chromosome	2928637	A,G
Chromosome	2929571	T,G
Chromosome	2929799	C,T
Chromosome	2930057	G,C
Chromosome	2931372	G,A
Chromosome	2932318	A,C
Chromosome	2932376	C,A
Chromosome	2932819	G,T
Chromosome	2932835	G,A
Chromosome	2932890	A,G
Chromosome	2932966	G,C
Chromosome	2933223	A,G
Chromosome	2934398	C,G
Chromosome	2935682	C,A
Chromosome	2936614	T,C
Chromosome	2936699	C,T
Chromosome	2936983	T,A
Chromosome	2937479	G,A
Chromosome	2938291	C,G
Chromosome	2939372	A,G
Chromosome	2939584	C,A
Chromosome	2939600	C,A
Chromosome	2940052	G,A
Chromosome	2940079	C,A
Chromosome	2940608	C,T
Chromosome	2941179	G,A
Chromosome	2943675	G,A
Chromosome	2945342	G,A
Chromosome	2945389	G,A
Chromosome	2945655	G,A
Chromosome	2945838	G,A
Chromosome	2946570	G,A
Chromosome	2946840	C,A
Chromosome	2947057	A,C
Chromosome	2947235	G,A
Chromosome	2947245	A,G
Chromosome	2947285	G,A
Chromosome	2948000	T,C
Chromosome	2948200	C,T
Chromosome	2948230	G,A
Chromosome	2948297	T,C
Chromosome	2948378	C,A
Chromosome	2948535	C,G
Chromosome	2948573	G,A
Chromosome	2948621	G,C
Chromosome	2948650	T,C
Chromosome	2948758	C,G
Chromosome	2948764	C,A
Chromosome	2948794	G,A
Chromosome	2949025	A,G
Chromosome	2949204	C,T
Chromosome	2949476	C,A
Chromosome	2949535	C,T
Chromosome	2950061	C,T
Chromosome	2950574	G,T
Chromosome	2950669	C,T
Chromosome	2951348	C,G
Chromosome	2952062	T,C
Chromosome	2952211	T,G
Chromosome	2952452	G,A
Chromosome	2952466	A,T
Chromosome	2952738	T,A
Chromosome	2952922	G,T
Chromosome	2953020	A,G
Chromosome	2953113	C,T
Chromosome	2953367	T,C
Chromosome	2953871	C,A
Chromosome	2954859	C,T
Chromosome	2955120	C,T
Chromosome	2955128	G,A
Chromosome	2955392	T,C
Chromosome	2956731	C,T
Chromosome	2957115	G,A
Chromosome	2957418	A,G
Chromosome	2957546	T,G
Chromosome	2957783	A,C
Chromosome	2958245	G,T
Chromosome	2958528	C,T
Chromosome	2958570	G,A
Chromosome	2958693	G,A
Chromosome	2958821	T,G
Chromosome	2959517	A,C
Chromosome	2959714	T,C
Chromosome	2960904	T,A
Chromosome	2962416	T,C
Chromosome	2962815	G,C
Chromosome	2963597	G,A
Chromosome	2963720	G,A
Chromosome	2963892	G,A
Chromosome	2964024	G,A
Chromosome	2964281	T,C
Chromosome	2964384	G,A
Chromosome	2964594	G,A
Chromosome	2964856	G,T
Chromosome	2964876	G,C
Chromosome	2964956	T,G
Chromosome	2965634	G,C
Chromosome	2967433	T,C
Chromosome	2967746	A,G
Chromosome	2967747	G,T
Chromosome	2967939	T,G
Chromosome	2968348	T,G
Chromosome	2968452	G,A
Chromosome	2968593	T,G
Chromosome	2968913	T,C
Chromosome	2969197	A,G
Chromosome	2969257	C,T
Chromosome	2969438	T,C
Chromosome	2977476	C,G
Chromosome	2980975	G,A
Chromosome	2980996	C,A
Chromosome	2981030	G,C
Chromosome	2981688	A,G
Chromosome	2981691	C,G
Chromosome	2982028	C,T
Chromosome	2982955	C,T
Chromosome	2984105	G,A
Chromosome	2984928	T,G
Chromosome	2985005	C,G
Chromosome	2985291	C,T
Chromosome	2985534	G,A
Chromosome	2985882	T,C
Chromosome	2986216	C,T
Chromosome	2987615	A,G
Chromosome	2988308	C,A
Chromosome	2988374	C,T
Chromosome	2988630	C,G
Chromosome	2988815	C,G
Chromosome	2988841	C,G
Chromosome	2989191	T,C
Chromosome	2989435	G,T
Chromosome	2989683	C,T
Chromosome	2990241	G,T
Chromosome	2990332	C,T
Chromosome	2990747	T,C
Chromosome	2990752	A,C
Chromosome	2990775	G,A
Chromosome	2991205	C,G
Chromosome	2991439	G,A
Chromosome	2992564	G,A
Chromosome	2993386	G,A
Chromosome	2993523	T,C
Chromosome	2994187	T,C
Chromosome	2994214	G,A
Chromosome	2994964	C,T
Chromosome	2995786	C,T
Chromosome	2996208	C,A
Chromosome	2996876	A,C
Chromosome	2996912	C,T
Chromosome	2997325	C,T
Chromosome	2997635	C,A
Chromosome	2997944	C,T
Chromosome	2998287	C,G
Chromosome	2999030	G,A
Chromosome	2999045	G,A
Chromosome	3000112	A,G
Chromosome	3000274	A,G
Chromosome	3000482	A,C
Chromosome	3001053	T,C
Chromosome	3001395	T,C
Chromosome	3001754	G,T
Chromosome	3001907	T,C
Chromosome	3003115	C,G
Chromosome	3003956	G,T
Chromosome	3004427	C,A
Chromosome	3004785	T,C
Chromosome	3004837	C,T
Chromosome	3005014	A,G
Chromosome	3005154	T,C
Chromosome	3005341	A,G
Chromosome	3005614	C,T
Chromosome	3005618	C,T
Chromosome	3005733	C,T
Chromosome	3005789	T,C
Chromosome	3006506	G,C
Chromosome	3006524	T,C
Chromosome	3006766	A,G
Chromosome	3006767	A,C
Chromosome	3007524	G,A
Chromosome	3007928	T,C
Chromosome	3008474	T,C
Chromosome	3008749	G,A
Chromosome	3008961	A,G
Chromosome	3009027	C,T
Chromosome	3010014	G,A
Chromosome	3010420	A,G
Chromosome	3010993	C,T
Chromosome	3011506	T,C
Chromosome	3011692	A,C
Chromosome	3011834	C,T
Chromosome	3011837	A,G
Chromosome	3011902	G,A
Chromosome	3011903	G,A
Chromosome	3012031	T,C
Chromosome	3012920	G,T
Chromosome	3013119	C,T
Chromosome	3013421	G,A
Chromosome	3013784	C,G
Chromosome	3014746	A,C
Chromosome	3015090	T,G
Chromosome	3015686	T,C
Chromosome	3015834	T,C
Chromosome	3015966	G,A
Chromosome	3016149	G,C
Chromosome	3016608	T,G
Chromosome	3016852	G,A
Chromosome	3016943	G,C
Chromosome	3017020	G,A
Chromosome	3017276	A,G
Chromosome	3017599	A,C
Chromosome	3017846	C,T
Chromosome	3019513	G,C
Chromosome	3020449	A,G
Chromosome	3020457	C,T
Chromosome	3021283	G,A
Chromosome	3022008	C,T
Chromosome	3022162	C,T
Chromosome	3022182	G,A
Chromosome	3022466	C,T
Chromosome	3022811	G,A
Chromosome	3022949	G,A
Chromosome	3023036	G,A
Chromosome	3023491	A,G
Chromosome	3024356	C,T
Chromosome	3024590	C,T
Chromosome	3024592	G,A
Chromosome	3024661	T,C
Chromosome	3025013	G,A
Chromosome	3025242	T,G
Chromosome	3025431	C,T
Chromosome	3025859	A,C
Chromosome	3026158	A,G
Chromosome	3026187	C,T
Chromosome	3026468	T,C
Chromosome	3026497	G,T
Chromosome	3026670	C,T
Chromosome	3027548	C,T
Chromosome	3027798	T,C
Chromosome	3027955	G,A
Chromosome	3028074	G,T
Chromosome	3028344	G,A
Chromosome	3028658	G,A
Chromosome	3029360	C,T
Chromosome	3029969	G,A
Chromosome	3030094	T,C
Chromosome	3030382	G,A
Chromosome	3030990	T,C
Chromosome	3031074	G,C
Chromosome	3031168	A,G
Chromosome	3031285	A,T
Chromosome	3031358	G,C
Chromosome	3032137	T,C
Chromosome	3032240	G,T
Chromosome	3032714	C,A
Chromosome	3032887	G,A
Chromosome	3033189	G,A
Chromosome	3033559	G,C
Chromosome	3033644	T,C
Chromosome	3033869	C,T
Chromosome	3033922	G,A
Chromosome	3033934	G,A
Chromosome	3034849	T,G
Chromosome	3035033	C,T
Chromosome	3035112	T,C
Chromosome	3035390	T,G
Chromosome	3035533	G,A
Chromosome	3035643	C,G
Chromosome	3035681	T,C
Chromosome	3035686	T,C
Chromosome	3036095	A,G
Chromosome	3036413	G,A
Chromosome	3037048	C,T
Chromosome	3037136	G,A
Chromosome	3037195	G,C
Chromosome	3037760	A,G
Chromosome	3037917	G,A
Chromosome	3038566	G,A
Chromosome	3039261	T,C
Chromosome	3039842	A,T
Chromosome	3040344	C,T
Chromosome	3040601	G,T
Chromosome	3041098	C,G
Chromosome	3041338	T,C
Chromosome	3041556	T,C
Chromosome	3041643	G,A
Chromosome	3041679	G,A
Chromosome	3042227	C,T
Chromosome	3042301	C,T
Chromosome	3043313	G,A
Chromosome	3043700	C,T
Chromosome	3044300	C,T
Chromosome	3044637	G,A
Chromosome	3044763	A,G
Chromosome	3044806	C,T
Chromosome	3044874	G,T
Chromosome	3044919	C,T
Chromosome	3045456	C,T
Chromosome	3045833	A,C
Chromosome	3046916	A,C
Chromosome	3047816	A,G
Chromosome	3048079	C,T
Chromosome	3048771	C,T
Chromosome	3048841	G,A
Chromosome	3049806	C,T
Chromosome	3050362	C,A
Chromosome	3050848	T,C
Chromosome	3051068	C,T
Chromosome	3051714	T,C
Chromosome	3051911	G,A
Chromosome	3052155	C,T
Chromosome	3052223	A,C
Chromosome	3052353	G,A
Chromosome	3053180	C,A
Chromosome	3053339	T,C
Chromosome	3053671	G,C
Chromosome	3053973	C,T
Chromosome	3056312	C,T
Chromosome	3056658	G,T
Chromosome	3056742	G,T
Chromosome	3056818	C,A
Chromosome	3057044	G,A
Chromosome	3057137	C,T
Chromosome	3057256	G,A
Chromosome	3057262	A,T
Chromosome	3057309	G,A
Chromosome	3057375	C,T
Chromosome	3058190	C,T
Chromosome	3058989	G,T
Chromosome	3059346	A,G
Chromosome	3061003	A,G
Chromosome	3061189	G,A
Chromosome	3061362	T,C
Chromosome	3061615	T,C
Chromosome	3061622	C,T
Chromosome	3062237	G,A
Chromosome	3062866	G,A
Chromosome	3062908	C,A
Chromosome	3063084	C,T
Chromosome	3063326	G,A
Chromosome	3063565	G,A
Chromosome	3063828	A,C
Chromosome	3064265	C,T
Chromosome	3065880	G,A
Chromosome	3066280	G,A
Chromosome	3067009	T,C
Chromosome	3067812	T,C
Chromosome	3067966	C,T
Chromosome	3068642	T,G
Chromosome	3068795	T,G
Chromosome	3069566	C,T
Chromosome	3070714	G,A
Chromosome	3071504	C,G
Chromosome	3071554	C,T
Chromosome	3071916	G,A
Chromosome	3072285	A,C
Chromosome	3072428	C,T
Chromosome	3072437	G,A
Chromosome	3072872	G,A
Chromosome	3074400	G,C
Chromosome	3074591	A,C
Chromosome	3074721	C,G
Chromosome	3075022	G,T
Chromosome	3075440	A,G
Chromosome	3075665	C,A
Chromosome	3076172	C,T
Chromosome	3076640	C,A
Chromosome	3076647	G,A
Chromosome	3077039	C,A
Chromosome	3077351	A,G
Chromosome	3077635	T,C
Chromosome	3077872	G,A
Chromosome	3077940	A,C
Chromosome	3079332	T,C
Chromosome	3079630	A,C
Chromosome	3081049	C,A
Chromosome	3082824	C,A
Chromosome	3082928	G,A
Chromosome	3083059	G,C
Chromosome	3083224	T,C
Chromosome	3083260	G,A
Chromosome	3083700	G,C
Chromosome	3084195	G,T
Chromosome	3084693	G,C
Chromosome	3086208	G,T
Chromosome	3086520	G,A
Chromosome	3086742	A,C
Chromosome	3087782	G,T
Chromosome	3088238	G,T
Chromosome	3088614	A,G
Chromosome	3089275	G,A
Chromosome	3089363	G,A
Chromosome	3089679	G,A
Chromosome	3090181	G,A
Chromosome	3092402	A,C
Chromosome	3093116	G,C
Chromosome	3093181	C,T
Chromosome	3093467	C,A
Chromosome	3093941	A,G
Chromosome	3094181	G,A
Chromosome	3094577	G,A
Chromosome	3095008	C,T
Chromosome	3095130	G,A
Chromosome	3095342	A,C
Chromosome	3095606	G,A
Chromosome	3095753	C,T
Chromosome	3096005	A,C
Chromosome	3097223	C,T
Chromosome	3097349	C,T
Chromosome	3097368	A,C
Chromosome	3098483	C,T
Chromosome	3098714	T,C
Chromosome	3098903	G,A
Chromosome	3099495	C,T
Chromosome	3100625	C,A
Chromosome	3100986	G,T
Chromosome	3101005	T,G
Chromosome	3101119	G,T
Chromosome	3101444	G,T
Chromosome	3101620	G,A
Chromosome	3101925	T,C
Chromosome	3102127	A,G
Chromosome	3102133	G,A
Chromosome	3102234	A,G
Chromosome	3102424	G,A
Chromosome	3102850	C,T
Chromosome	3104189	A,G
Chromosome	3104336	T,C
Chromosome	3104527	T,C
Chromosome	3105159	C,T
Chromosome	3105332	G,A
Chromosome	3105369	T,G
Chromosome	3106036	G,T
Chromosome	3106231	C,T
Chromosome	3106464	C,A
Chromosome	3106840	G,T
Chromosome	3107041	A,G
Chromosome	3107087	G,A
Chromosome	3108169	C,A
Chromosome	3108217	G,T
Chromosome	3108219	G,T
Chromosome	3108299	T,G
Chromosome	3109627	G,C
Chromosome	3109864	G,C
Chromosome	3113782	C,T
Chromosome	3113904	G,T
Chromosome	3114127	T,C
Chromosome	3114703	T,C
Chromosome	3114739	C,T
Chromosome	3115108	G,A
Chromosome	3115536	G,A
Chromosome	3115620	T,C
Chromosome	3115746	G,A
Chromosome	3116253	C,A
Chromosome	3117031	G,C
Chromosome	3117588	A,C
Chromosome	3117980	G,A
Chromosome	3118976	C,G
Chromosome	3122267	G,A
Chromosome	3123689	A,C
Chromosome	3124311	C,A
Chromosome	3125181	G,T
Chromosome	3126826	C,A
Chromosome	3128667	G,A
Chromosome	3129151	C,T
Chromosome	3129276	G,A
Chromosome	3129359	C,T
Chromosome	3129454	G,T
Chromosome	3129675	C,T
Chromosome	3130150	G,C
Chromosome	3130682	G,A
Chromosome	3130916	C,A
Chromosome	3131177	G,A
Chromosome	3131218	C,T
Chromosome	3132289	A,G
Chromosome	3132482	A,T
Chromosome	3132584	C,T
Chromosome	3132684	T,C
Chromosome	3134017	G,T
Chromosome	3134098	C,A
Chromosome	3134207	G,A
Chromosome	3135530	A,G
Chromosome	3135587	G,T
Chromosome	3135762	C,T
Chromosome	3137026	A,C
Chromosome	3137129	C,A
Chromosome	3137343	C,A
Chromosome	3137681	G,A
Chromosome	3137749	C,A
Chromosome	3137917	T,C
Chromosome	3138138	C,A
Chromosome	3138256	G,A
Chromosome	3138479	A,G
Chromosome	3138742	C,A
Chromosome	3139011	A,C
Chromosome	3139540	G,T
Chromosome	3139611	G,A
Chromosome	3139686	C,T
Chromosome	3139748	T,C
Chromosome	3139854	G,A
Chromosome	3140047	G,A
Chromosome	3141231	G,A
Chromosome	3141630	A,C
Chromosome	3141736	C,A
Chromosome	3141827	C,G
Chromosome	3142153	C,T
Chromosome	3142429	C,A
Chromosome	3142481	G,A
Chromosome	3142852	G,T
Chromosome	3143100	A,G
Chromosome	3143158	C,A
Chromosome	3143729	C,T
Chromosome	3144735	G,A
Chromosome	3147196	G,A
Chromosome	3147243	G,A
Chromosome	3147316	G,A
Chromosome	3147376	G,A
Chromosome	3147742	A,G
Chromosome	3148383	C,T
Chromosome	3148454	G,A
Chromosome	3148511	T,G
Chromosome	3148835	G,A
Chromosome	3148984	C,T
Chromosome	3149111	C,G
Chromosome	3150049	G,T
Chromosome	3150994	C,G
Chromosome	3151376	C,T
Chromosome	3151443	G,A
Chromosome	3151706	C,T
Chromosome	3151813	G,A
Chromosome	3151816	C,A
Chromosome	3152703	T,G
Chromosome	3153021	A,T
Chromosome	3154414	A,G
Chromosome	3154879	G,A
Chromosome	3155164	G,A
Chromosome	3155260	C,A
Chromosome	3155322	C,T
Chromosome	3155382	A,G
Chromosome	3155938	G,T
Chromosome	3157369	G,A
Chromosome	3157540	T,C
Chromosome	3157550	G,C
Chromosome	3157664	G,A
Chromosome	3157671	C,T
Chromosome	3157698	G,A
Chromosome	3158512	G,A
Chromosome	3158935	G,C
Chromosome	3159164	G,A
Chromosome	3159466	C,T
Chromosome	3159906	G,A
Chromosome	3159936	G,A
Chromosome	3160543	G,A
Chromosome	3160821	G,A
Chromosome	3161463	G,A
Chromosome	3162021	G,C
Chromosome	3162397	G,A
Chromosome	3162677	T,A
Chromosome	3163330	A,C
Chromosome	3163617	G,A
Chromosome	3164031	G,T
Chromosome	3164626	G,A
Chromosome	3164790	C,T
Chromosome	3164904	C,G
Chromosome	3165807	G,A
Chromosome	3166006	T,C
Chromosome	3166081	C,T
Chromosome	3166350	C,T
Chromosome	3166706	G,A
Chromosome	3167975	G,C
Chromosome	3168137	C,T
Chromosome	3168309	T,C
Chromosome	3168967	C,A
Chromosome	3169149	C,T
Chromosome	3169415	C,A
Chromosome	3169986	G,T
Chromosome	3169993	A,G
Chromosome	3170166	C,A
Chromosome	3170460	C,T
Chromosome	3170496	A,T
Chromosome	3170663	T,C
Chromosome	3171461	G,T
Chromosome	3172610	G,A
Chromosome	3172674	G,A
Chromosome	3172750	T,G
Chromosome	3173162	A,G
Chromosome	3173193	G,T
Chromosome	3173427	G,A
Chromosome	3173545	A,G
Chromosome	3174341	A,C
Chromosome	3174496	A,G
Chromosome	3174869	G,A
Chromosome	3175194	G,A
Chromosome	3175295	C,G
Chromosome	3176765	C,T
Chromosome	3177240	G,A
Chromosome	3177266	C,A
Chromosome	3177290	C,T
Chromosome	3177452	C,A
Chromosome	3178445	C,G
Chromosome	3178523	G,A
Chromosome	3178816	C,T
Chromosome	3179308	G,A
Chromosome	3179507	C,T
Chromosome	3179636	G,A
Chromosome	3180309	G,T
Chromosome	3180528	T,C
Chromosome	3180775	C,T
Chromosome	3180806	G,A
Chromosome	3180988	C,A
Chromosome	3182040	C,T
Chromosome	3183165	G,C
Chromosome	3183174	C,T
Chromosome	3183210	A,G
Chromosome	3183595	G,A
Chromosome	3183636	C,T
Chromosome	3184462	C,A
Chromosome	3185577	T,C
Chromosome	3186664	A,C
Chromosome	3187692	T,C
Chromosome	3187731	G,T
Chromosome	3187814	C,A
Chromosome	3187964	G,A
Chromosome	3187987	C,T
Chromosome	3188332	G,A
Chromosome	3188428	C,T
Chromosome	3188964	G,A
Chromosome	3189242	A,G
Chromosome	3189433	C,T
Chromosome	3189664	T,C
Chromosome	3190125	T,C
Chromosome	3190181	A,T
Chromosome	3190342	G,A
Chromosome	3190431	G,A
Chromosome	3190556	G,A
Chromosome	3190721	C,T
Chromosome	3191027	G,A
Chromosome	3192053	G,A
Chromosome	3192080	G,A
Chromosome	3192431	T,C
Chromosome	3195284	G,T
Chromosome	3195372	G,A
Chromosome	3195557	G,A
Chromosome	3195573	G,A
Chromosome	3195659	G,T
Chromosome	3195975	G,A
Chromosome	3196536	C,A
Chromosome	3196645	A,G
Chromosome	3197005	C,T
Chromosome	3197031	C,T
Chromosome	3197917	G,A
Chromosome	3198080	C,T
Chromosome	3198115	G,A
Chromosome	3198496	G,A
Chromosome	3198759	C,G
Chromosome	3199583	T,C
Chromosome	3199764	C,T
Chromosome	3199795	T,C
Chromosome	3200151	C,G
Chromosome	3200179	C,T
Chromosome	3201796	C,T
Chromosome	3202040	G,A
Chromosome	3202130	G,A
Chromosome	3202518	G,A
Chromosome	3202629	C,T
Chromosome	3203058	C,T
Chromosome	3203190	G,C
Chromosome	3203915	C,A
Chromosome	3204067	G,A
Chromosome	3204225	G,A
Chromosome	3204720	C,G
Chromosome	3205461	T,G
Chromosome	3205504	C,T
Chromosome	3205834	C,G
Chromosome	3206759	G,A
Chromosome	3207290	C,A
Chromosome	3207323	G,C
Chromosome	3207532	G,A
Chromosome	3207593	C,A
Chromosome	3207709	G,A
Chromosome	3208394	G,A
Chromosome	3208422	C,A
Chromosome	3208600	G,A
Chromosome	3209573	C,G
Chromosome	3211311	G,A
Chromosome	3211345	G,A
Chromosome	3211752	C,A
Chromosome	3212723	C,A
Chromosome	3213089	C,T
Chromosome	3213255	C,T
Chromosome	3213615	G,A
Chromosome	3214120	A,G
Chromosome	3214122	G,A
Chromosome	3214471	C,G
Chromosome	3214481	G,T
Chromosome	3214583	C,T
Chromosome	3215803	G,T
Chromosome	3216553	G,A
Chromosome	3216584	T,C
Chromosome	3216607	G,A
Chromosome	3217010	G,T
Chromosome	3217224	C,T
Chromosome	3217883	C,T
Chromosome	3217905	G,A
Chromosome	3218122	A,C
Chromosome	3218932	C,G
Chromosome	3219194	G,A
Chromosome	3219790	G,A
Chromosome	3220048	C,T
Chromosome	3220222	G,A
Chromosome	3220545	C,T
Chromosome	3221030	G,A
Chromosome	3221093	C,T
Chromosome	3221361	G,C
Chromosome	3221579	A,G
Chromosome	3222951	C,T
Chromosome	3223234	G,A
Chromosome	3223334	G,A
Chromosome	3223382	G,A
Chromosome	3223856	A,C
Chromosome	3223993	G,C
Chromosome	3224527	C,T
Chromosome	3225566	C,T
Chromosome	3225991	G,A
Chromosome	3227252	C,T
Chromosome	3227488	A,G
Chromosome	3227672	T,G
Chromosome	3227768	C,A
Chromosome	3227878	C,T
Chromosome	3227960	G,T
Chromosome	3228978	C,T
Chromosome	3229201	G,A
Chromosome	3229692	G,A
Chromosome	3229906	C,T
Chromosome	3229916	G,A
Chromosome	3229968	A,G
Chromosome	3229989	G,A
Chromosome	3230546	G,A
Chromosome	3231091	C,A
Chromosome	3231548	A,G
Chromosome	3232007	T,G
Chromosome	3232112	A,G
Chromosome	3232450	C,G
Chromosome	3233295	A,G
Chromosome	3233605	G,A
Chromosome	3233940	G,C
Chromosome	3234184	G,C
Chromosome	3234662	C,T
Chromosome	3235618	G,A
Chromosome	3236442	G,A
Chromosome	3238284	G,A
Chromosome	3238748	G,A
Chromosome	3239098	G,A
Chromosome	3240567	G,A
Chromosome	3240568	T,G
Chromosome	3241244	G,A
Chromosome	3241414	G,A
Chromosome	3241734	A,C
Chromosome	3242137	G,T
Chromosome	3242138	A,C
Chromosome	3242641	T,C
Chromosome	3243008	A,G
Chromosome	3243146	G,A
Chromosome	3243312	C,G
Chromosome	3243630	G,A
Chromosome	3243880	T,G
Chromosome	3244113	T,C
Chromosome	3244126	G,A
Chromosome	3244324	A,G
Chromosome	3244674	G,A
Chromosome	3246955	A,G
Chromosome	3247089	G,A
Chromosome	3247496	A,G
Chromosome	3247581	C,A
Chromosome	3247626	G,A
Chromosome	3247730	A,C
Chromosome	3248028	G,A
Chromosome	3248276	G,A
Chromosome	3248421	C,A
Chromosome	3248516	G,A
Chromosome	3249411	G,A
Chromosome	3253571	C,T
Chromosome	3254758	A,C
Chromosome	3256680	G,A
Chromosome	3256848	G,A
Chromosome	3257233	G,A
Chromosome	3257531	G,A
Chromosome	3258046	C,G
Chromosome	3258274	A,C
Chromosome	3259272	A,C
Chromosome	3259556	C,G
Chromosome	3261006	C,A
Chromosome	3261380	A,G
Chromosome	3262800	G,A
Chromosome	3263130	G,A
Chromosome	3264109	G,A
Chromosome	3264188	A,C
Chromosome	3265772	C,T
Chromosome	3265806	A,G
Chromosome	3266342	G,T
Chromosome	3267163	C,T
Chromosome	3267743	A,G
Chromosome	3268253	C,T
Chromosome	3268258	C,T
Chromosome	3268321	C,T
Chromosome	3270289	C,A
Chromosome	3270705	A,C
Chromosome	3271760	A,C
Chromosome	3272697	G,A
Chromosome	3273107	C,A
Chromosome	3273638	T,C
Chromosome	3273640	C,T
Chromosome	3273986	C,T
Chromosome	3274545	G,A
Chromosome	3274640	T,C
Chromosome	3274835	C,G
Chromosome	3274951	G,C
Chromosome	3276017	C,T
Chromosome	3276257	A,C
Chromosome	3276352	A,C
Chromosome	3276776	G,A
Chromosome	3277590	A,C
Chromosome	3277599	G,C
Chromosome	3278278	A,G
Chromosome	3279471	A,G
Chromosome	3280132	G,A
Chromosome	3281523	G,C
Chromosome	3281753	C,T
Chromosome	3282079	T,A
Chromosome	3282499	C,A
Chromosome	3282751	C,A
Chromosome	3283339	G,T
Chromosome	3285201	G,A
Chromosome	3285318	C,T
Chromosome	3285945	C,G
Chromosome	3286392	G,A
Chromosome	3286669	C,G
Chromosome	3286789	G,A
Chromosome	3286906	G,A
Chromosome	3287083	G,A
Chromosome	3287507	T,C
Chromosome	3287589	C,T
Chromosome	3287726	G,C
Chromosome	3288133	A,G
Chromosome	3289244	C,T
Chromosome	3289923	C,A
Chromosome	3290320	G,A
Chromosome	3291797	C,T
Chromosome	3292044	G,A
Chromosome	3292609	C,G
Chromosome	3292903	G,A
Chromosome	3293315	C,T
Chromosome	3293423	A,G
Chromosome	3293483	G,A
Chromosome	3295124	C,T
Chromosome	3295169	C,A
Chromosome	3295387	G,A
Chromosome	3295605	G,T
Chromosome	3296594	G,A
Chromosome	3296695	C,T
Chromosome	3297159	A,G
Chromosome	3297989	T,C
Chromosome	3298383	T,G
Chromosome	3299413	G,A
Chromosome	3299886	C,T
Chromosome	3300062	G,A
Chromosome	3300104	C,T
Chromosome	3300479	A,C
Chromosome	3300582	A,G
Chromosome	3300827	A,G
Chromosome	3301252	C,T
Chromosome	3301548	G,T
Chromosome	3301648	T,G
Chromosome	3301813	T,G
Chromosome	3301893	T,G
Chromosome	3302308	C,T
Chromosome	3302400	C,A
Chromosome	3302485	G,A
Chromosome	3303669	C,A
Chromosome	3304019	A,G
Chromosome	3304753	G,T
Chromosome	3304966	G,A
Chromosome	3304991	G,A
Chromosome	3305061	G,A
Chromosome	3306441	G,A
Chromosome	3306594	T,G
Chromosome	3306811	C,T
Chromosome	3307036	C,T
Chromosome	3307358	C,A
Chromosome	3307644	T,C
Chromosome	3307922	T,C
Chromosome	3308008	G,A
Chromosome	3308162	G,A
Chromosome	3308466	C,T
Chromosome	3308485	T,C
Chromosome	3308606	G,A
Chromosome	3309071	G,A
Chromosome	3309473	G,A
Chromosome	3309916	C,A
Chromosome	3310127	G,C
Chromosome	3310458	G,A
Chromosome	3310776	A,G
Chromosome	3310880	A,G
Chromosome	3310929	C,T
Chromosome	3312008	C,G
Chromosome	3312401	A,C
Chromosome	3312620	C,A
Chromosome	3312728	C,T
Chromosome	3312840	C,G
Chromosome	3312942	G,A
Chromosome	3314169	C,T
Chromosome	3314728	T,G
Chromosome	3314768	G,A
Chromosome	3314986	A,C
Chromosome	3315177	G,A
Chromosome	3315191	C,T
Chromosome	3315597	T,C
Chromosome	3316595	G,T
Chromosome	3316941	G,A
Chromosome	3317130	A,C
Chromosome	3318158	G,A
Chromosome	3319841	A,G
Chromosome	3319951	C,G
Chromosome	3320271	C,T
Chromosome	3320758	C,G
Chromosome	3320975	T,C
Chromosome	3321814	C,T
Chromosome	3322197	A,G
Chromosome	3323665	C,A
Chromosome	3324231	G,C
Chromosome	3324690	C,A
Chromosome	3325757	C,T
Chromosome	3326096	A,C
Chromosome	3326150	A,G
Chromosome	3326554	A,C
Chromosome	3327073	G,A
Chromosome	3328495	G,C
Chromosome	3329930	T,G
Chromosome	3330637	C,G
Chromosome	3330725	C,T
Chromosome	3330751	A,G
Chromosome	3330957	G,A
Chromosome	3332110	G,A
Chromosome	3332282	G,A
Chromosome	3332626	C,T
Chromosome	3333080	C,T
Chromosome	3333720	C,A
Chromosome	3335434	T,G
Chromosome	3335708	G,C
Chromosome	3337480	A,G
Chromosome	3337581	C,T
Chromosome	3337585	G,A
Chromosome	3337675	G,A
Chromosome	3338252	C,T
Chromosome	3338529	G,C
Chromosome	3338820	T,C
Chromosome	3338834	C,A
Chromosome	3339385	G,A
Chromosome	3339417	A,G
Chromosome	3339795	G,A
Chromosome	3340328	G,T
Chromosome	3340615	C,G
Chromosome	3342191	C,A
Chromosome	3342836	C,T
Chromosome	3343014	T,G
Chromosome	3344133	C,G
Chromosome	3345427	A,G
Chromosome	3346060	C,T
Chromosome	3346228	G,A
Chromosome	3346511	A,C
Chromosome	3346959	G,T
Chromosome	3346980	C,T
Chromosome	3347070	G,T
Chromosome	3347437	C,T
Chromosome	3347480	G,A
Chromosome	3347560	C,T
Chromosome	3347571	G,A
Chromosome	3347748	G,A
Chromosome	3348128	C,T
Chromosome	3348870	G,A
Chromosome	3349019	A,G
Chromosome	3349093	G,C
Chromosome	3349184	G,A
Chromosome	3350159	G,A
Chromosome	3351012	C,T
Chromosome	3351497	G,C
Chromosome	3351498	A,T
Chromosome	3351952	G,A
Chromosome	3352192	G,A
Chromosome	3352244	A,G
Chromosome	3352933	G,A
Chromosome	3354266	C,A
Chromosome	3354342	T,G
Chromosome	3354625	G,A
Chromosome	3355161	C,T
Chromosome	3355841	T,G
Chromosome	3356624	G,C
Chromosome	3357160	G,C
Chromosome	3357464	C,G
Chromosome	3357966	T,C
Chromosome	3358093	G,A
Chromosome	3358768	C,T
Chromosome	3359036	C,A
Chromosome	3359171	C,T
Chromosome	3359234	G,A
Chromosome	3359584	G,A
Chromosome	3360032	G,A
Chromosome	3360152	C,A
Chromosome	3360233	G,A
Chromosome	3360553	T,C
Chromosome	3361394	G,A
Chromosome	3361668	T,C
Chromosome	3362216	C,G
Chromosome	3362218	G,T
Chromosome	3362522	G,A
Chromosome	3363184	C,G
Chromosome	3363338	A,G
Chromosome	3363401	G,A
Chromosome	3364142	G,A
Chromosome	3364438	T,G
Chromosome	3364790	A,G
Chromosome	3365177	G,A
Chromosome	3365841	G,A
Chromosome	3367184	C,T
Chromosome	3367765	G,A
Chromosome	3367848	T,C
Chromosome	3368219	C,T
Chromosome	3368284	C,T
Chromosome	3368415	G,A
Chromosome	3369702	T,A
Chromosome	3369931	A,C
Chromosome	3370174	C,A
Chromosome	3370805	G,C
Chromosome	3371365	C,T
Chromosome	3371370	G,A
Chromosome	3371401	G,A
Chromosome	3371719	G,A
Chromosome	3373075	T,G
Chromosome	3375807	T,C
Chromosome	3376249	C,T
Chromosome	3377530	G,C
Chromosome	3379856	G,A
Chromosome	3380795	C,T
Chromosome	3380804	T,G
Chromosome	3382910	G,A
Chromosome	3383742	A,G
Chromosome	3383749	C,T
Chromosome	3383920	G,T
Chromosome	3383966	G,C
Chromosome	3384560	G,C
Chromosome	3385067	G,C
Chromosome	3385218	C,T
Chromosome	3385290	A,G
Chromosome	3387252	G,A
Chromosome	3387629	A,C
Chromosome	3388166	C,G
Chromosome	3388309	T,C
Chromosome	3388682	T,C
Chromosome	3389054	G,C
Chromosome	3389922	T,G
Chromosome	3390726	C,G
Chromosome	3390795	C,T
Chromosome	3391074	G,C
Chromosome	3391138	G,A
Chromosome	3392781	G,C
Chromosome	3393151	A,G
Chromosome	3393361	C,G
Chromosome	3393640	C,T
Chromosome	3393646	C,G
Chromosome	3393970	C,T
Chromosome	3394177	C,T
Chromosome	3395434	C,T
Chromosome	3396059	C,T
Chromosome	3396294	G,C
Chromosome	3396569	G,A
Chromosome	3397285	C,G
Chromosome	3398666	G,A
Chromosome	3398940	T,C
Chromosome	3399672	T,C
Chromosome	3399945	T,G
Chromosome	3400068	A,G
Chromosome	3400230	C,T
Chromosome	3400894	G,A
Chromosome	3401501	G,A
Chromosome	3401565	G,A
Chromosome	3401850	G,A
Chromosome	3401939	G,A
Chromosome	3402067	C,T
Chromosome	3402510	C,T
Chromosome	3402955	C,A
Chromosome	3403416	G,C
Chromosome	3404883	G,A
Chromosome	3405478	G,A
Chromosome	3405675	C,G
Chromosome	3405776	A,G
Chromosome	3406308	C,T
Chromosome	3406798	G,A
Chromosome	3407028	C,T
Chromosome	3407504	G,C
Chromosome	3407729	G,T
Chromosome	3407874	C,A
Chromosome	3408050	G,T
Chromosome	3408150	T,C
Chromosome	3408208	G,T
Chromosome	3408349	T,C
Chromosome	3408464	G,A
Chromosome	3408521	G,A
Chromosome	3409642	T,C
Chromosome	3411152	G,A
Chromosome	3412611	T,C
Chromosome	3412710	C,T
Chromosome	3413117	G,A
Chromosome	3414209	G,A
Chromosome	3414553	G,A
Chromosome	3414791	G,C
Chromosome	3415305	T,C
Chromosome	3415624	C,T
Chromosome	3416062	A,G
Chromosome	3416432	G,A
Chromosome	3416630	G,A
Chromosome	3416734	G,A
Chromosome	3416905	G,A
Chromosome	3416967	A,C
Chromosome	3417370	T,C
Chromosome	3417385	G,A
Chromosome	3417404	G,T
Chromosome	3417862	T,G
Chromosome	3418241	C,G
Chromosome	3418328	T,G
Chromosome	3418330	G,A
Chromosome	3418386	C,T
Chromosome	3419560	C,T
Chromosome	3419621	A,G
Chromosome	3420388	C,T
Chromosome	3420658	C,A
Chromosome	3420825	A,G
Chromosome	3421499	G,A
Chromosome	3421601	G,A
Chromosome	3421758	C,A
Chromosome	3421951	A,G
Chromosome	3422687	G,A
Chromosome	3422881	G,A
Chromosome	3422934	G,A
Chromosome	3423184	C,T
Chromosome	3423426	G,A
Chromosome	3423939	T,A
Chromosome	3423966	T,C
Chromosome	3423973	G,A
Chromosome	3424064	C,T
Chromosome	3424462	C,T
Chromosome	3424868	C,A
Chromosome	3424878	C,T
Chromosome	3425489	T,C
Chromosome	3425523	T,C
Chromosome	3427251	G,T
Chromosome	3427389	C,G
Chromosome	3427440	G,A
Chromosome	3427632	C,T
Chromosome	3427728	C,T
Chromosome	3428094	C,T
Chromosome	3428183	G,A
Chromosome	3428230	G,T
Chromosome	3429470	A,C
Chromosome	3429876	G,C
Chromosome	3430978	C,T
Chromosome	3431342	C,T
Chromosome	3431407	G,T
Chromosome	3431434	A,G
Chromosome	3431590	C,A
Chromosome	3432187	T,G
Chromosome	3432753	T,C
Chromosome	3432830	G,A
Chromosome	3433140	G,A
Chromosome	3433326	C,T
Chromosome	3434227	G,A
Chromosome	3434914	T,A
Chromosome	3435307	A,C
Chromosome	3436296	A,G
Chromosome	3436300	C,T
Chromosome	3436496	G,A
Chromosome	3436750	G,T
Chromosome	3437007	G,C
Chromosome	3437813	C,T
Chromosome	3438671	G,T
Chromosome	3438695	C,G
Chromosome	3438787	C,A
Chromosome	3440038	G,A
Chromosome	3440895	G,A
Chromosome	3441399	G,C
Chromosome	3441797	A,G
Chromosome	3442240	C,A
Chromosome	3442314	G,A
Chromosome	3442704	G,C
Chromosome	3442896	G,A
Chromosome	3442970	C,T
Chromosome	3443121	G,T
Chromosome	3443994	A,G
Chromosome	3444109	G,A
Chromosome	3445279	A,C
Chromosome	3445777	C,G
Chromosome	3446362	T,C
Chromosome	3446685	A,G
Chromosome	3447102	G,T
Chromosome	3447463	G,A
Chromosome	3447480	A,C
Chromosome	3447800	G,T
Chromosome	3448540	G,A
Chromosome	3448567	C,G
Chromosome	3448608	G,A
Chromosome	3448745	T,G
Chromosome	3448835	G,T
Chromosome	3449787	C,T
Chromosome	3449865	G,A
Chromosome	3450065	G,C
Chromosome	3450231	G,A
Chromosome	3450589	C,A
Chromosome	3450822	A,G
Chromosome	3451670	G,C
Chromosome	3452482	C,G
Chromosome	3453202	C,T
Chromosome	3453382	C,T
Chromosome	3453858	T,G
Chromosome	3454792	C,T
Chromosome	3454982	G,A
Chromosome	3455582	G,A
Chromosome	3455759	C,T
Chromosome	3455887	G,T
Chromosome	3456275	A,C
Chromosome	3456397	A,G
Chromosome	3457858	C,A
Chromosome	3458422	C,A
Chromosome	3458659	G,A
Chromosome	3459081	G,C
Chromosome	3459524	G,C
Chromosome	3460286	C,G
Chromosome	3460765	G,C
Chromosome	3461122	G,A
Chromosome	3461239	T,C
Chromosome	3461760	T,C
Chromosome	3462106	G,A
Chromosome	3463055	C,A
Chromosome	3463331	G,C
Chromosome	3463451	G,C
Chromosome	3463561	C,T
Chromosome	3464053	G,A
Chromosome	3465059	G,A
Chromosome	3465072	G,C
Chromosome	3465363	G,T
Chromosome	3466129	G,A
Chromosome	3466706	A,G
Chromosome	3466724	G,A
Chromosome	3466777	G,A
Chromosome	3466862	A,T
Chromosome	3466919	C,G
Chromosome	3467096	C,T
Chromosome	3467315	G,C
Chromosome	3467465	C,G
Chromosome	3467800	A,C
Chromosome	3468108	G,A
Chromosome	3468392	G,A
Chromosome	3468524	G,C
Chromosome	3469342	C,A
Chromosome	3469397	G,A
Chromosome	3469694	G,T
Chromosome	3470168	T,C
Chromosome	3470324	T,C
Chromosome	3470377	C,T
Chromosome	3470461	G,A
Chromosome	3470500	G,T
Chromosome	3471151	G,A
Chromosome	3471459	C,T
Chromosome	3471476	T,C
Chromosome	3472223	A,G
Chromosome	3472473	G,T
Chromosome	3472530	C,T
Chromosome	3472540	T,G
Chromosome	3472901	A,C
Chromosome	3473482	C,T
Chromosome	3473662	G,A
Chromosome	3474427	G,A
Chromosome	3474597	C,A
Chromosome	3475113	G,A
Chromosome	3475323	T,C
Chromosome	3476197	C,T
Chromosome	3476350	G,A
Chromosome	3476583	T,C
Chromosome	3476933	A,C
Chromosome	3477201	C,T
Chromosome	3477528	G,A
Chromosome	3477603	C,T
Chromosome	3477719	G,A
Chromosome	3477794	A,G
Chromosome	3478092	C,G
Chromosome	3478150	G,A
Chromosome	3478468	G,A
Chromosome	3478767	G,A
Chromosome	3478791	A,G
Chromosome	3478936	G,T
Chromosome	3479424	T,G
Chromosome	3479573	G,A
Chromosome	3479661	A,G
Chromosome	3480383	A,G
Chromosome	3480386	G,A
Chromosome	3480435	A,G
Chromosome	3480942	G,C
Chromosome	3483155	A,C
Chromosome	3483703	G,A
Chromosome	3485201	G,A
Chromosome	3485492	A,G
Chromosome	3485515	G,A
Chromosome	3485911	C,T
Chromosome	3486401	G,A
Chromosome	3486977	A,G
Chromosome	3487707	C,A
Chromosome	3487764	T,G
Chromosome	3488064	G,A
Chromosome	3488116	C,T
Chromosome	3488132	G,A
Chromosome	3488278	G,C
Chromosome	3488812	C,T
Chromosome	3489452	C,T
Chromosome	3489531	T,C
Chromosome	3489839	T,G
Chromosome	3490749	C,T
Chromosome	3490847	T,C
Chromosome	3491105	G,A
Chromosome	3491453	T,G
Chromosome	3491774	A,C
Chromosome	3492156	A,C
Chromosome	3492719	G,T
Chromosome	3493778	T,C
Chromosome	3493823	A,G
Chromosome	3493873	G,A
Chromosome	3494398	G,A
Chromosome	3494857	G,A
Chromosome	3494900	T,C
Chromosome	3495658	G,C
Chromosome	3496002	T,G
Chromosome	3497045	G,A
Chromosome	3497240	C,G
Chromosome	3497369	G,A
Chromosome	3497586	C,G
Chromosome	3498309	G,A
Chromosome	3498489	G,C
Chromosome	3498595	G,A
Chromosome	3499034	G,C
Chromosome	3499247	C,T
Chromosome	3500009	C,T
Chromosome	3500037	T,G
Chromosome	3500224	G,A
Chromosome	3501782	A,C
Chromosome	3501986	A,G
Chromosome	3502018	G,C
Chromosome	3503052	C,T
Chromosome	3503284	A,G
Chromosome	3504184	T,A
Chromosome	3504213	A,G
Chromosome	3504418	C,T
Chromosome	3504452	G,C
Chromosome	3504611	C,G
Chromosome	3504613	G,A
Chromosome	3504930	C,T
Chromosome	3505007	C,T
Chromosome	3506049	G,A
Chromosome	3506470	G,A
Chromosome	3506626	C,G
Chromosome	3506966	C,T
Chromosome	3507046	T,C
Chromosome	3507594	G,A
Chromosome	3507667	A,T
Chromosome	3507769	A,C
Chromosome	3508871	A,G
Chromosome	3509448	G,T
Chromosome	3509558	G,C
Chromosome	3509626	C,A
Chromosome	3509722	G,A
Chromosome	3510120	T,G
Chromosome	3510165	A,C
Chromosome	3510529	A,G
Chromosome	3511580	T,G
Chromosome	3512082	A,C
Chromosome	3512287	A,G
Chromosome	3513313	C,T
Chromosome	3513538	A,T
Chromosome	3513595	G,A
Chromosome	3514074	C,A
Chromosome	3514170	A,C
Chromosome	3514512	G,C
Chromosome	3515025	C,T
Chromosome	3515467	C,T
Chromosome	3516068	C,T
Chromosome	3516161	C,T
Chromosome	3516866	A,G
Chromosome	3517378	G,A
Chromosome	3517413	C,T
Chromosome	3518168	G,C
Chromosome	3518371	T,C
Chromosome	3518532	T,C
Chromosome	3518719	C,A
Chromosome	3519713	C,T
Chromosome	3520404	G,A
Chromosome	3520485	G,T
Chromosome	3520710	T,C
Chromosome	3524803	G,A
Chromosome	3524903	G,A
Chromosome	3525049	G,A
Chromosome	3525374	A,G
Chromosome	3525531	T,C
Chromosome	3525557	G,A
Chromosome	3525977	C,T
Chromosome	3526452	C,A
Chromosome	3526539	G,A
Chromosome	3526551	C,A
Chromosome	3526873	G,T
Chromosome	3526884	G,A
Chromosome	3529598	C,G
Chromosome	3529809	G,A
Chromosome	3530023	C,T
Chromosome	3530024	A,C
Chromosome	3530145	C,A
Chromosome	3530440	A,C
Chromosome	3530955	C,G
Chromosome	3531230	G,A
Chromosome	3531238	G,A
Chromosome	3531578	G,A
Chromosome	3531656	C,T
Chromosome	3531706	A,G
Chromosome	3532658	T,C
Chromosome	3534263	G,C
Chromosome	3534662	T,C
Chromosome	3534748	A,C
Chromosome	3534919	T,C
Chromosome	3534980	C,G
Chromosome	3535318	T,C
Chromosome	3535572	C,A
Chromosome	3536008	G,T
Chromosome	3537016	G,A
Chromosome	3537030	A,C
Chromosome	3538128	G,A
Chromosome	3538563	T,C
Chromosome	3541237	T,A
Chromosome	3541842	G,A
Chromosome	3542143	T,C
Chromosome	3542392	G,A
Chromosome	3542458	A,G
Chromosome	3542596	G,A
Chromosome	3543422	G,T
Chromosome	3543795	C,T
Chromosome	3544248	C,T
Chromosome	3546304	G,A
Chromosome	3546754	G,C
Chromosome	3546987	C,T
Chromosome	3547337	G,T
Chromosome	3547681	G,A
Chromosome	3548984	T,C
Chromosome	3549181	G,A
Chromosome	3549269	G,A
Chromosome	3549346	G,A
Chromosome	3549835	C,T
Chromosome	3549844	T,C
Chromosome	3550346	A,G
Chromosome	3551154	A,G
Chromosome	3554217	C,T
Chromosome	3554298	A,G
Chromosome	3554354	A,G
Chromosome	3554701	G,A
Chromosome	3555565	G,T
Chromosome	3556419	G,T
Chromosome	3556607	G,T
Chromosome	3556832	C,T
Chromosome	3557112	C,T
Chromosome	3557634	G,A
Chromosome	3558733	C,G
Chromosome	3559689	G,T
Chromosome	3559820	G,A
Chromosome	3560102	G,T
Chromosome	3560344	G,A
Chromosome	3561155	G,A
Chromosome	3561229	C,A
Chromosome	3562270	G,C
Chromosome	3562338	G,T
Chromosome	3562936	G,A
Chromosome	3563243	A,G
Chromosome	3563469	T,C
Chromosome	3564594	C,T
Chromosome	3564633	C,G
Chromosome	3564737	G,C
Chromosome	3564903	C,A
Chromosome	3566731	A,C
Chromosome	3567218	A,G
Chromosome	3567600	G,A
Chromosome	3569029	T,C
Chromosome	3569220	G,A
Chromosome	3569319	C,T
Chromosome	3570207	G,A
Chromosome	3570220	T,C
Chromosome	3570614	T,C
Chromosome	3571122	C,A
Chromosome	3571262	G,A
Chromosome	3571643	T,C
Chromosome	3572319	C,T
Chromosome	3572697	C,A
Chromosome	3572804	T,C
Chromosome	3572853	G,T
Chromosome	3573090	C,A
Chromosome	3573286	G,A
Chromosome	3574258	G,A
Chromosome	3574504	G,A
Chromosome	3574690	G,A
Chromosome	3575106	A,G
Chromosome	3575552	G,A
Chromosome	3575709	G,A
Chromosome	3575946	T,G
Chromosome	3577779	G,A
Chromosome	3578190	G,A
Chromosome	3579122	C,T
Chromosome	3579166	C,G
Chromosome	3579466	T,C
Chromosome	3580634	C,T
Chromosome	3580670	G,T
Chromosome	3580777	T,C
Chromosome	3581047	G,T
Chromosome	3581187	G,A
Chromosome	3581474	C,T
Chromosome	3581476	C,T
Chromosome	3581794	C,A
Chromosome	3581967	G,C
Chromosome	3582248	C,A
Chromosome	3584190	C,T
Chromosome	3584203	G,C
Chromosome	3585759	A,G
Chromosome	3586551	C,A
Chromosome	3586774	C,T
Chromosome	3587072	T,C
Chromosome	3587357	G,C
Chromosome	3587446	G,A
Chromosome	3587554	A,G
Chromosome	3587944	C,A
Chromosome	3588367	G,T
Chromosome	3588550	C,T
Chromosome	3588904	C,A
Chromosome	3590067	A,G
Chromosome	3590500	T,C
Chromosome	3590771	G,C
Chromosome	3591413	G,A
Chromosome	3591463	G,C
Chromosome	3591488	G,A
Chromosome	3591661	C,T
Chromosome	3592529	C,A
Chromosome	3593078	G,A
Chromosome	3594124	C,T
Chromosome	3594599	C,T
Chromosome	3595027	G,A
Chromosome	3595896	G,A
Chromosome	3596354	T,C
Chromosome	3596407	C,T
Chromosome	3596775	C,T
Chromosome	3597249	C,G
Chromosome	3597331	G,A
Chromosome	3597396	C,T
Chromosome	3597682	C,T
Chromosome	3597737	C,T
Chromosome	3597879	T,C
Chromosome	3597968	T,C
Chromosome	3598221	G,A
Chromosome	3598424	C,G
Chromosome	3598708	C,A
Chromosome	3599099	C,A
Chromosome	3600578	A,G
Chromosome	3600717	T,G
Chromosome	3602279	G,A
Chromosome	3602652	A,C
Chromosome	3602855	C,A
Chromosome	3603355	G,A
Chromosome	3603631	G,T
Chromosome	3603865	C,T
Chromosome	3604135	C,T
Chromosome	3606394	T,C
Chromosome	3606627	G,A
Chromosome	3606857	G,A
Chromosome	3607053	T,C
Chromosome	3607167	G,T
Chromosome	3608514	G,A
Chromosome	3608592	A,G
Chromosome	3608714	G,T
Chromosome	3609004	T,G
Chromosome	3609511	T,C
Chromosome	3609827	C,T
Chromosome	3610416	C,T
Chromosome	3610650	C,T
Chromosome	3610705	G,A
Chromosome	3611111	G,A
Chromosome	3611192	C,T
Chromosome	3612009	C,T
Chromosome	3612540	G,A
Chromosome	3612694	A,G
Chromosome	3613354	C,A
Chromosome	3613591	C,T
Chromosome	3613600	C,T
Chromosome	3614569	T,C
Chromosome	3614879	C,A
Chromosome	3615709	G,T
Chromosome	3615780	C,T
Chromosome	3616632	C,G
Chromosome	3616681	A,G
Chromosome	3617058	T,C
Chromosome	3617083	T,G
Chromosome	3617228	C,G
Chromosome	3619321	T,C
Chromosome	3619430	G,A
Chromosome	3619458	C,T
Chromosome	3619854	A,G
Chromosome	3621946	A,G
Chromosome	3622049	C,A
Chromosome	3622618	C,G
Chromosome	3623372	C,G
Chromosome	3624660	G,C
Chromosome	3625413	C,A
Chromosome	3625813	G,A
Chromosome	3625836	T,C
Chromosome	3626305	G,A
Chromosome	3628074	T,G
Chromosome	3628520	G,A
Chromosome	3628867	G,C
Chromosome	3629083	C,T
Chromosome	3629203	G,A
Chromosome	3629612	G,A
Chromosome	3629776	A,G
Chromosome	3629928	T,C
Chromosome	3629980	G,A
Chromosome	3630122	G,T
Chromosome	3630235	G,A
Chromosome	3630371	G,A
Chromosome	3631160	G,A
Chromosome	3631272	C,G
Chromosome	3631360	A,G
Chromosome	3631457	T,G
Chromosome	3632483	T,C
Chromosome	3633727	A,C
Chromosome	3633758	C,T
Chromosome	3634071	C,T
Chromosome	3634741	A,C
Chromosome	3634808	T,G
Chromosome	3635117	A,G
Chromosome	3635935	C,G
Chromosome	3636471	C,T
Chromosome	3636991	G,A
Chromosome	3638093	G,A
Chromosome	3639404	G,A
Chromosome	3639999	T,C
Chromosome	3640557	T,C
Chromosome	3641447	C,T
Chromosome	3641584	T,C
Chromosome	3642005	C,G
Chromosome	3642098	G,A
Chromosome	3642173	G,A
Chromosome	3642478	A,C
Chromosome	3642874	T,G
Chromosome	3642877	A,G
Chromosome	3643143	T,G
Chromosome	3643392	C,T
Chromosome	3643467	G,A
Chromosome	3643582	T,C
Chromosome	3643985	A,C
Chromosome	3644565	G,T
Chromosome	3645324	G,A
Chromosome	3645524	C,T
Chromosome	3645990	C,T
Chromosome	3646964	C,G
Chromosome	3647591	A,G
Chromosome	3648267	G,T
Chromosome	3649458	C,A
Chromosome	3649735	G,A
Chromosome	3649996	G,T
Chromosome	3650505	A,T
Chromosome	3651032	C,T
Chromosome	3651328	T,G
Chromosome	3651849	T,G
Chromosome	3652797	G,A
Chromosome	3653225	C,T
Chromosome	3653386	C,T
Chromosome	3654222	G,A
Chromosome	3654586	C,G
Chromosome	3654876	G,T
Chromosome	3655482	G,A
Chromosome	3656206	C,A
Chromosome	3656289	C,G
Chromosome	3656583	G,A
Chromosome	3656971	C,T
Chromosome	3657402	C,A
Chromosome	3657710	C,G
Chromosome	3657759	C,T
Chromosome	3658226	G,A
Chromosome	3659019	G,A
Chromosome	3660396	A,G
Chromosome	3660842	G,A
Chromosome	3661026	C,T
Chromosome	3661802	C,T
Chromosome	3662543	T,C
Chromosome	3662749	G,A
Chromosome	3663404	T,C
Chromosome	3663753	A,G
Chromosome	3664135	G,A
Chromosome	3664603	A,T
Chromosome	3664615	G,T
Chromosome	3665212	C,A
Chromosome	3665314	G,A
Chromosome	3665467	C,T
Chromosome	3665898	G,T
Chromosome	3665931	G,T
Chromosome	3666497	C,T
Chromosome	3666905	C,T
Chromosome	3667343	A,T
Chromosome	3667352	C,T
Chromosome	3667883	C,A
Chromosome	3668244	G,T
Chromosome	3669232	G,A
Chromosome	3670118	G,T
Chromosome	3670621	T,C
Chromosome	3670629	C,A
Chromosome	3671022	C,A
Chromosome	3671532	G,C
Chromosome	3671623	C,T
Chromosome	3671843	A,C
Chromosome	3672105	G,C
Chromosome	3672783	G,A
Chromosome	3673210	G,T
Chromosome	3673521	C,T
Chromosome	3674157	T,A
Chromosome	3674194	G,C
Chromosome	3675767	C,T
Chromosome	3676093	C,T
Chromosome	3676893	A,G
Chromosome	3677013	G,A
Chromosome	3677203	G,A
Chromosome	3677373	G,A
Chromosome	3678091	G,A
Chromosome	3678107	A,C
Chromosome	3679532	C,T
Chromosome	3680314	C,T
Chromosome	3680527	C,A
Chromosome	3681257	C,G
Chromosome	3681310	G,A
Chromosome	3681548	A,C
Chromosome	3683037	C,T
Chromosome	3683054	G,T
Chromosome	3683237	G,T
Chromosome	3683282	C,T
Chromosome	3683715	T,G
Chromosome	3684100	A,C
Chromosome	3684169	C,A
Chromosome	3684845	T,G
Chromosome	3685008	A,C
Chromosome	3685331	T,C
Chromosome	3685510	T,C
Chromosome	3686038	G,T
Chromosome	3687358	C,A
Chromosome	3687560	G,A
Chromosome	3688944	C,T
Chromosome	3689479	T,G
Chromosome	3690016	A,G
Chromosome	3690137	C,T
Chromosome	3691767	G,T
Chromosome	3692024	G,C
Chromosome	3692075	G,A
Chromosome	3692193	C,T
Chromosome	3692821	C,A
Chromosome	3693428	G,T
Chromosome	3693456	C,A
Chromosome	3693548	C,T
Chromosome	3693875	G,A
Chromosome	3693929	G,A
Chromosome	3694331	A,G
Chromosome	3694373	C,T
Chromosome	3694700	C,T
Chromosome	3696316	G,T
Chromosome	3696423	G,A
Chromosome	3697152	T,C
Chromosome	3697306	G,A
Chromosome	3697978	A,G
Chromosome	3698626	A,G
Chromosome	3699068	C,T
Chromosome	3699253	C,G
Chromosome	3700365	A,C
Chromosome	3701552	C,T
Chromosome	3702606	C,T
Chromosome	3702750	G,T
Chromosome	3703500	G,A
Chromosome	3704261	C,A
Chromosome	3704482	C,T
Chromosome	3704874	G,A
Chromosome	3705776	C,T
Chromosome	3706459	A,C
Chromosome	3706876	C,G
Chromosome	3707884	G,A
Chromosome	3708190	G,A
Chromosome	3708849	G,A
Chromosome	3713169	A,G
Chromosome	3714536	G,T
Chromosome	3715012	G,T
Chromosome	3715649	A,G
Chromosome	3715681	C,T
Chromosome	3715775	C,T
Chromosome	3715840	G,A
Chromosome	3717205	C,T
Chromosome	3717797	C,T
Chromosome	3718415	G,C
Chromosome	3718433	C,A
Chromosome	3718750	C,T
Chromosome	3719479	G,A
Chromosome	3719655	T,A
Chromosome	3720172	G,A
Chromosome	3720207	C,T
Chromosome	3720541	C,T
Chromosome	3720792	T,G
Chromosome	3721214	C,T
Chromosome	3722037	C,T
Chromosome	3722344	G,A
Chromosome	3722679	T,C
Chromosome	3722702	G,C
Chromosome	3723401	G,A
Chromosome	3723832	C,T
Chromosome	3724896	G,C
Chromosome	3725218	C,T
Chromosome	3725630	A,C
Chromosome	3726374	C,G
Chromosome	3727055	A,G
Chromosome	3727746	G,A
Chromosome	3729342	C,T
Chromosome	3730082	G,A
Chromosome	3731843	A,G
Chromosome	3734991	T,C
Chromosome	3737161	C,T
Chromosome	3739630	C,T
Chromosome	3740037	A,T
Chromosome	3740208	T,C
Chromosome	3740313	C,A
Chromosome	3740430	C,T
Chromosome	3740576	G,C
Chromosome	3740774	G,C
Chromosome	3741616	A,C
Chromosome	3742529	G,A
Chromosome	3742626	G,A
Chromosome	3743021	C,G
Chromosome	3743205	G,C
Chromosome	3743928	G,A
Chromosome	3743981	G,A
Chromosome	3746119	C,A
Chromosome	3746926	T,C
Chromosome	3748259	G,A
Chromosome	3748466	G,C
Chromosome	3748777	A,G
Chromosome	3748781	G,A
Chromosome	3749531	G,C
Chromosome	3751484	T,C
Chromosome	3752190	C,T
Chromosome	3752262	C,A
Chromosome	3755486	G,T
Chromosome	3756463	G,A
Chromosome	3756553	G,A
Chromosome	3757047	G,A
Chromosome	3757255	G,T
Chromosome	3757395	C,G
Chromosome	3757714	G,A
Chromosome	3758165	G,C
Chromosome	3759076	G,A
Chromosome	3762084	G,A
Chromosome	3763410	G,C
Chromosome	3764166	G,A
Chromosome	3764697	C,T
Chromosome	3764892	C,T
Chromosome	3766083	G,T
Chromosome	3766308	G,A
Chromosome	3766599	G,T
Chromosome	3768072	C,T
Chromosome	3768847	G,A
Chromosome	3768965	A,C
Chromosome	3769180	G,A
Chromosome	3769445	T,C
Chromosome	3769784	C,T
Chromosome	3770067	G,A
Chromosome	3770325	C,T
Chromosome	3770449	G,A
Chromosome	3770588	T,G
Chromosome	3770766	A,G
Chromosome	3770768	G,T
Chromosome	3771123	C,T
Chromosome	3771197	T,G
Chromosome	3771420	T,C
Chromosome	3771585	G,A
Chromosome	3771595	G,A
Chromosome	3772336	C,T
Chromosome	3772711	G,A
Chromosome	3773573	T,C
Chromosome	3774077	T,A
Chromosome	3774487	G,A
Chromosome	3774506	G,A
Chromosome	3774810	G,A
Chromosome	3775243	C,T
Chromosome	3775409	T,C
Chromosome	3775441	A,C
Chromosome	3776706	C,T
Chromosome	3777389	G,A
Chromosome	3777775	C,T
Chromosome	3778011	G,A
Chromosome	3778148	G,A
Chromosome	3778311	G,A
Chromosome	3778396	C,T
Chromosome	3778777	G,A
Chromosome	3778958	G,T
Chromosome	3779267	A,G
Chromosome	3779975	G,A
Chromosome	3780715	T,C
Chromosome	3780885	A,G
Chromosome	3781574	G,C
Chromosome	3783058	G,A
Chromosome	3783161	T,C
Chromosome	3784492	G,A
Chromosome	3784856	G,A
Chromosome	3784975	G,A
Chromosome	3785011	C,T
Chromosome	3785599	A,C
Chromosome	3785673	G,A
Chromosome	3785855	C,A
Chromosome	3785898	G,A
Chromosome	3786285	C,T
Chromosome	3786517	G,A
Chromosome	3787156	G,A
Chromosome	3787421	G,C
Chromosome	3787467	A,C
Chromosome	3788150	G,A
Chromosome	3788280	C,T
Chromosome	3788386	G,A
Chromosome	3788563	C,A
Chromosome	3788653	A,C
Chromosome	3788840	G,T
Chromosome	3789077	C,T
Chromosome	3789145	G,T
Chromosome	3790384	G,A
Chromosome	3790652	C,T
Chromosome	3790693	G,T
Chromosome	3791106	G,A
Chromosome	3791320	G,C
Chromosome	3791660	C,A
Chromosome	3792187	C,A
Chromosome	3792262	C,A
Chromosome	3792663	C,A
Chromosome	3792765	C,A
Chromosome	3792796	G,A
Chromosome	3793057	C,G
Chromosome	3793068	G,T
Chromosome	3793313	C,T
Chromosome	3793428	G,T
Chromosome	3793634	A,G
Chromosome	3793929	C,G
Chromosome	3793972	T,C
Chromosome	3794161	G,A
Chromosome	3797293	G,A
Chromosome	3797618	G,C
Chromosome	3798231	C,A
Chromosome	3798433	A,G
Chromosome	3798461	G,A
Chromosome	3798665	C,T
Chromosome	3799167	G,T
Chromosome	3799400	G,A
Chromosome	3799692	G,C
Chromosome	3800819	G,C
Chromosome	3800971	C,T
Chromosome	3801542	G,T
Chromosome	3802101	T,C
Chromosome	3803586	G,C
Chromosome	3804277	G,A
Chromosome	3804380	T,C
Chromosome	3805211	C,T
Chromosome	3805277	C,A
Chromosome	3806529	C,T
Chromosome	3806553	G,A
Chromosome	3806895	C,T
Chromosome	3806952	G,A
Chromosome	3807382	G,A
Chromosome	3807604	G,A
Chromosome	3808977	G,A
Chromosome	3809225	G,T
Chromosome	3809393	C,T
Chromosome	3810038	C,G
Chromosome	3810361	G,A
Chromosome	3812032	C,G
Chromosome	3812237	G,A
Chromosome	3812821	A,C
Chromosome	3812980	G,A
Chromosome	3813473	G,A
Chromosome	3814058	G,A
Chromosome	3814478	C,A
Chromosome	3814737	C,A
Chromosome	3816540	A,G
Chromosome	3816561	G,A
Chromosome	3817132	C,T
Chromosome	3817296	C,A
Chromosome	3817449	G,A
Chromosome	3817814	C,T
Chromosome	3817934	G,A
Chromosome	3818073	C,A
Chromosome	3819468	G,A
Chromosome	3819949	C,A
Chromosome	3820115	G,C
Chromosome	3820301	A,G
Chromosome	3820722	G,A
Chromosome	3820966	A,G
Chromosome	3821271	G,A
Chromosome	3821559	C,G
Chromosome	3821926	G,C
Chromosome	3823159	A,T
Chromosome	3823194	T,C
Chromosome	3823314	G,A
Chromosome	3823494	C,A
Chromosome	3823763	A,T
Chromosome	3823834	C,A
Chromosome	3823876	G,A
Chromosome	3824167	G,C
Chromosome	3824486	G,A
Chromosome	3825176	G,A
Chromosome	3825405	G,A
Chromosome	3825974	A,G
Chromosome	3826718	C,G
Chromosome	3827636	G,A
Chromosome	3828179	A,G
Chromosome	3828326	G,C
Chromosome	3830348	G,C
Chromosome	3830349	C,T
Chromosome	3830436	C,T
Chromosome	3830566	G,A
Chromosome	3830695	A,G
Chromosome	3830815	G,A
Chromosome	3831749	T,C
Chromosome	3832994	C,A
Chromosome	3833279	G,A
Chromosome	3833720	C,A
Chromosome	3834001	T,G
Chromosome	3834511	G,C
Chromosome	3834623	G,A
Chromosome	3834665	C,A
Chromosome	3834931	A,G
Chromosome	3835102	G,T
Chromosome	3835223	C,T
Chromosome	3835549	G,A
Chromosome	3836209	A,G
Chromosome	3836739	G,A
Chromosome	3837064	G,A
Chromosome	3837397	G,A
Chromosome	3838155	C,A
Chromosome	3838742	A,C
Chromosome	3839398	A,G
Chromosome	3840636	G,T
Chromosome	3840800	G,T
Chromosome	3840932	G,A
Chromosome	3841253	G,A
Chromosome	3841652	T,A
Chromosome	3841654	T,G
Chromosome	3845915	G,A
Chromosome	3846580	T,A
Chromosome	3846582	T,G
Chromosome	3847898	C,T
Chromosome	3848027	A,C
Chromosome	3848194	G,C
Chromosome	3848738	C,T
Chromosome	3849394	G,A
Chromosome	3849867	C,T
Chromosome	3850732	G,C
Chromosome	3851084	A,G
Chromosome	3851231	T,C
Chromosome	3851686	G,T
Chromosome	3851888	T,C
Chromosome	3852011	G,A
Chromosome	3853985	A,T
Chromosome	3854174	G,A
Chromosome	3854279	G,A
Chromosome	3854387	T,C
Chromosome	3854899	T,C
Chromosome	3855212	T,C
Chromosome	3855303	G,A
Chromosome	3855825	C,T
Chromosome	3856943	A,G
Chromosome	3857063	C,T
Chromosome	3857109	T,C
Chromosome	3857275	T,G
Chromosome	3857277	C,G
Chromosome	3858268	C,G
Chromosome	3858856	C,T
Chromosome	3858894	G,A
Chromosome	3859013	G,A
Chromosome	3860015	A,C
Chromosome	3860187	G,T
Chromosome	3860696	G,A
Chromosome	3860889	C,T
Chromosome	3861095	G,A
Chromosome	3861190	C,A
Chromosome	3861738	T,C
Chromosome	3861821	G,A
Chromosome	3862009	G,C
Chromosome	3862148	G,A
Chromosome	3862181	C,T
Chromosome	3862936	T,G
Chromosome	3863348	T,C
Chromosome	3863530	G,T
Chromosome	3863545	G,A
Chromosome	3863702	G,T
Chromosome	3864041	G,A
Chromosome	3864547	G,C
Chromosome	3864565	T,G
Chromosome	3864816	C,T
Chromosome	3865243	G,T
Chromosome	3865539	G,C
Chromosome	3865541	C,T
Chromosome	3865587	G,A
Chromosome	3866350	C,T
Chromosome	3866953	A,G
Chromosome	3867269	C,G
Chromosome	3867404	C,A
Chromosome	3867853	G,A
Chromosome	3867973	T,C
Chromosome	3868024	A,T
Chromosome	3868110	A,G
Chromosome	3868379	C,T
Chromosome	3868831	C,T
Chromosome	3869355	T,C
Chromosome	3870238	T,G
Chromosome	3870720	T,C
Chromosome	3870870	C,T
Chromosome	3871093	G,A
Chromosome	3871242	G,A
Chromosome	3872171	G,A
Chromosome	3873242	G,A
Chromosome	3873392	T,G
Chromosome	3873801	G,A
Chromosome	3874051	C,T
Chromosome	3874076	G,C
Chromosome	3874133	C,A
Chromosome	3874191	T,C
Chromosome	3874724	T,C
Chromosome	3874745	G,C
Chromosome	3875222	T,G
Chromosome	3875230	A,G
Chromosome	3875633	A,G
Chromosome	3876008	T,G
Chromosome	3876024	C,G
Chromosome	3876953	G,A
Chromosome	3877066	A,C
Chromosome	3877256	C,T
Chromosome	3878040	A,G
Chromosome	3878687	T,G
Chromosome	3878863	C,A
Chromosome	3879331	G,A
Chromosome	3879384	G,A
Chromosome	3879560	T,C
Chromosome	3879882	G,A
Chromosome	3879961	G,A
Chromosome	3880092	T,C
Chromosome	3880462	G,A
Chromosome	3881490	C,A
Chromosome	3881683	T,C
Chromosome	3881699	C,T
Chromosome	3882025	G,A
Chromosome	3882338	C,G
Chromosome	3882707	G,T
Chromosome	3883178	A,C
Chromosome	3883226	G,A
Chromosome	3883278	A,G
Chromosome	3883444	T,G
Chromosome	3883467	A,G
Chromosome	3885466	G,A
Chromosome	3886397	G,T
Chromosome	3886511	A,G
Chromosome	3886547	C,G
Chromosome	3886617	C,G
Chromosome	3886686	A,T
Chromosome	3886878	T,C
Chromosome	3887519	A,G
Chromosome	3887727	G,A
Chromosome	3887921	A,G
Chromosome	3888838	G,T
Chromosome	3889750	A,G
Chromosome	3892274	C,A
Chromosome	3893139	G,A
Chromosome	3893211	C,T
Chromosome	3894032	T,A
Chromosome	3894150	C,A
Chromosome	3894176	T,C
Chromosome	3894732	A,G
Chromosome	3895260	A,G
Chromosome	3896048	G,T
Chromosome	3896158	A,G
Chromosome	3896671	A,G
Chromosome	3897374	G,A
Chromosome	3897404	C,A
Chromosome	3898408	A,G
Chromosome	3898637	G,A
Chromosome	3898794	T,G
Chromosome	3899040	C,T
Chromosome	3899654	C,A
Chromosome	3899790	C,T
Chromosome	3900023	A,G
Chromosome	3900139	G,A
Chromosome	3900146	T,G
Chromosome	3900730	G,A
Chromosome	3900964	A,G
Chromosome	3901387	G,A
Chromosome	3902782	C,G
Chromosome	3902789	G,A
Chromosome	3903740	G,A
Chromosome	3904061	G,A
Chromosome	3904329	T,C
Chromosome	3904490	G,A
Chromosome	3905861	T,G
Chromosome	3905923	C,T
Chromosome	3906129	C,T
Chromosome	3906303	C,G
Chromosome	3906311	G,A
Chromosome	3906458	G,A
Chromosome	3906644	G,C
Chromosome	3907324	G,T
Chromosome	3907350	C,T
Chromosome	3907592	G,C
Chromosome	3908062	C,T
Chromosome	3908458	G,A
Chromosome	3909235	G,C
Chromosome	3909314	G,C
Chromosome	3909321	T,C
Chromosome	3909589	G,A
Chromosome	3909681	C,T
Chromosome	3910528	T,C
Chromosome	3910774	G,A
Chromosome	3910829	C,T
Chromosome	3910879	A,G
Chromosome	3911122	C,T
Chromosome	3911389	A,G
Chromosome	3911938	G,A
Chromosome	3912041	G,A
Chromosome	3912156	G,A
Chromosome	3913370	G,A
Chromosome	3913737	G,A
Chromosome	3913861	T,C
Chromosome	3915629	C,T
Chromosome	3916378	G,A
Chromosome	3916821	T,G
Chromosome	3917305	C,A
Chromosome	3918067	T,C
Chromosome	3918328	G,A
Chromosome	3918649	T,C
Chromosome	3919261	C,T
Chromosome	3919628	G,A
Chromosome	3919736	G,T
Chromosome	3920042	G,A
Chromosome	3920109	G,T
Chromosome	3920336	C,T
Chromosome	3920632	T,C
Chromosome	3921094	C,T
Chromosome	3921504	C,G
Chromosome	3922826	C,T
Chromosome	3922935	C,T
Chromosome	3923267	A,C
Chromosome	3923736	T,C
Chromosome	3924275	T,C
Chromosome	3924991	C,T
Chromosome	3925644	T,C
Chromosome	3925733	T,G
Chromosome	3926238	C,A
Chromosome	3927012	G,A
Chromosome	3927638	G,C
Chromosome	3928537	A,C
Chromosome	3928712	A,C
Chromosome	3929356	A,G
Chromosome	3929668	C,A
Chromosome	3929680	G,T
Chromosome	3929843	C,T
Chromosome	3931072	C,T
Chromosome	3933123	G,A
Chromosome	3933226	G,T
Chromosome	3934648	G,A
Chromosome	3937701	C,T
Chromosome	3938101	G,A
Chromosome	3938305	C,A
Chromosome	3939163	G,A
Chromosome	3939400	T,C
Chromosome	3940331	G,A
Chromosome	3940493	A,G
Chromosome	3943629	A,G
Chromosome	3952069	G,T
Chromosome	3952888	C,A
Chromosome	3953544	C,T
Chromosome	3954009	T,C
Chromosome	3954962	C,G
Chromosome	3955404	G,A
Chromosome	3955855	T,C
Chromosome	3956535	C,T
Chromosome	3957028	G,C
Chromosome	3957452	G,A
Chromosome	3958729	G,A
Chromosome	3958783	C,A
Chromosome	3958885	A,G
Chromosome	3960135	T,C
Chromosome	3960940	G,A
Chromosome	3960979	A,C
Chromosome	3961552	C,T
Chromosome	3961758	A,G
Chromosome	3963192	G,C
Chromosome	3964031	G,A
Chromosome	3964234	A,T
Chromosome	3964862	G,A
Chromosome	3965523	C,T
Chromosome	3965703	G,A
Chromosome	3965918	A,G
Chromosome	3966993	G,A
Chromosome	3968252	C,T
Chromosome	3968535	A,G
Chromosome	3969084	G,A
Chromosome	3970185	G,A
Chromosome	3970582	G,A
Chromosome	3970594	C,G
Chromosome	3970764	C,T
Chromosome	3971125	C,T
Chromosome	3971428	G,T
Chromosome	3972058	C,A
Chromosome	3972232	T,C
Chromosome	3972803	C,T
Chromosome	3973057	G,C
Chromosome	3973152	C,G
Chromosome	3973954	C,T
Chromosome	3974142	G,A
Chromosome	3974868	G,A
Chromosome	3976128	G,A
Chromosome	3976417	A,C
Chromosome	3976595	G,T
Chromosome	3978220	G,A
Chromosome	3978230	T,C
Chromosome	3978444	A,G
Chromosome	3979151	T,A
Chromosome	3979199	C,T
Chromosome	3979990	C,G
Chromosome	3980030	C,G
Chromosome	3980437	A,C
Chromosome	3980652	G,A
Chromosome	3981171	T,G
Chromosome	3982149	T,C
Chromosome	3982279	T,C
Chromosome	3983049	T,G
Chromosome	3984321	G,A
Chromosome	3984704	T,C
Chromosome	3984926	G,A
Chromosome	3985342	G,A
Chromosome	3985375	G,A
Chromosome	3985424	C,T
Chromosome	3985439	A,C
Chromosome	3985572	A,G
Chromosome	3986987	G,T
Chromosome	3987779	T,C
Chromosome	3988745	C,G
Chromosome	3989754	T,C
Chromosome	3989758	C,T
Chromosome	3991333	C,A
Chromosome	3991558	G,A
Chromosome	3991892	T,C
Chromosome	3992600	A,G
Chromosome	3992863	C,T
Chromosome	3993047	C,T
Chromosome	3993058	G,A
Chromosome	3993537	C,T
Chromosome	3993943	T,C
Chromosome	3994101	A,G
Chromosome	3995060	C,A
Chromosome	3995342	G,A
Chromosome	3995359	G,A
Chromosome	3995752	C,A
Chromosome	3995765	C,T
Chromosome	3996647	G,C
Chromosome	3998405	G,A
Chromosome	3999707	G,A
Chromosome	3999805	T,C
Chromosome	4000124	G,A
Chromosome	4000247	C,A
Chromosome	4000838	C,T
Chromosome	4001041	G,A
Chromosome	4001221	C,G
Chromosome	4001503	G,A
Chromosome	4002290	G,A
Chromosome	4002869	C,T
Chromosome	4003130	G,A
Chromosome	4003619	C,T
Chromosome	4003645	C,T
Chromosome	4004036	C,T
Chromosome	4004296	C,T
Chromosome	4004368	C,T
Chromosome	4004618	C,T
Chromosome	4004849	G,A
Chromosome	4004893	G,A
Chromosome	4004907	A,T
Chromosome	4005114	G,C
Chromosome	4005335	C,T
Chromosome	4005590	C,G
Chromosome	4005862	T,C
Chromosome	4006527	G,A
Chromosome	4006943	G,A
Chromosome	4007004	G,A
Chromosome	4007194	A,C
Chromosome	4007524	T,C
Chromosome	4007564	C,T
Chromosome	4008135	G,A
Chromosome	4008252	C,T
Chromosome	4008747	A,G
Chromosome	4008863	T,C
Chromosome	4010058	G,A
Chromosome	4010974	A,C
Chromosome	4010994	C,T
Chromosome	4011617	C,A
Chromosome	4011992	G,A
Chromosome	4012366	A,C
Chromosome	4012434	A,G
Chromosome	4012894	C,G
Chromosome	4013010	G,A
Chromosome	4013244	C,G
Chromosome	4013388	G,A
Chromosome	4013927	G,A
Chromosome	4013950	T,C
Chromosome	4014376	C,A
Chromosome	4014431	C,T
Chromosome	4015355	C,T
Chromosome	4016840	G,A
Chromosome	4017095	C,T
Chromosome	4017151	G,A
Chromosome	4017806	A,C
Chromosome	4018552	A,G
Chromosome	4018680	T,C
Chromosome	4018725	G,A
Chromosome	4019001	C,T
Chromosome	4019069	T,C
Chromosome	4019099	C,G
Chromosome	4019103	G,T
Chromosome	4019210	G,A
Chromosome	4020074	C,T
Chromosome	4020169	C,A
Chromosome	4020452	C,A
Chromosome	4020620	T,C
Chromosome	4020756	C,G
Chromosome	4020812	C,T
Chromosome	4021093	G,T
Chromosome	4021166	C,T
Chromosome	4021200	C,T
Chromosome	4021272	C,T
Chromosome	4022147	C,T
Chromosome	4022163	C,T
Chromosome	4022652	G,A
Chromosome	4022890	A,T
Chromosome	4023403	A,C
Chromosome	4023949	G,C
Chromosome	4024316	G,C
Chromosome	4024368	C,T
Chromosome	4024967	C,G
Chromosome	4025905	G,A
Chromosome	4026236	A,T
Chromosome	4026414	G,A
Chromosome	4026635	G,A
Chromosome	4026800	G,C
Chromosome	4027339	C,A
Chromosome	4027800	G,T
Chromosome	4028292	C,T
Chromosome	4028616	C,A
Chromosome	4028925	G,T
Chromosome	4029027	C,T
Chromosome	4030078	C,T
Chromosome	4030259	A,G
Chromosome	4030666	G,C
Chromosome	4030983	C,A
Chromosome	4032352	G,A
Chromosome	4032894	T,C
Chromosome	4032898	A,G
Chromosome	4032903	A,C
Chromosome	4032917	T,G
Chromosome	4032919	T,C
Chromosome	4032930	C,T
Chromosome	4032947	C,G
Chromosome	4032951	C,G
Chromosome	4032955	C,T
Chromosome	4032969	T,C
Chromosome	4032973	G,A
Chromosome	4032977	T,G
Chromosome	4033049	G,A
Chromosome	4033082	T,C
Chromosome	4033260	C,T
Chromosome	4033480	T,C
Chromosome	4033711	A,G
Chromosome	4033954	G,A
Chromosome	4034533	A,G
Chromosome	4034557	A,C
Chromosome	4034711	C,A
Chromosome	4034981	G,A
Chromosome	4036398	C,T
Chromosome	4037408	A,G
Chromosome	4037829	G,C
Chromosome	4037986	C,T
Chromosome	4038080	C,T
Chromosome	4039645	G,C
Chromosome	4039853	C,T
Chromosome	4040517	A,G
Chromosome	4040824	G,A
Chromosome	4041266	G,T
Chromosome	4041581	C,T
Chromosome	4041899	T,G
Chromosome	4042424	C,G
Chromosome	4043365	G,T
Chromosome	4044952	C,T
Chromosome	4045645	C,T
Chromosome	4045670	G,A
Chromosome	4047443	A,C
Chromosome	4047700	G,A
Chromosome	4047843	C,T
Chromosome	4047879	C,T
Chromosome	4047967	A,C
Chromosome	4048148	C,A
Chromosome	4048465	G,A
Chromosome	4049254	G,A
Chromosome	4049379	G,T
Chromosome	4049550	A,G
Chromosome	4049837	G,A
Chromosome	4050877	G,C
Chromosome	4050944	G,T
Chromosome	4051663	C,T
Chromosome	4051716	C,T
Chromosome	4051892	G,A
Chromosome	4052158	G,A
Chromosome	4052349	T,G
Chromosome	4052488	G,A
Chromosome	4052920	C,G
Chromosome	4053461	A,T
Chromosome	4053843	A,G
Chromosome	4054364	C,T
Chromosome	4054869	C,T
Chromosome	4055050	T,C
Chromosome	4055217	G,A
Chromosome	4055313	T,C
Chromosome	4055801	G,A
Chromosome	4055993	G,A
Chromosome	4056365	G,A
Chromosome	4056453	G,A
Chromosome	4058792	T,G
Chromosome	4060466	G,A
Chromosome	4061476	C,G
Chromosome	4063257	C,A
Chromosome	4063280	T,C
Chromosome	4063574	T,C
Chromosome	4063682	G,T
Chromosome	4064270	G,T
Chromosome	4064291	T,G
Chromosome	4064552	T,G
Chromosome	4066032	T,C
Chromosome	4067010	G,A
Chromosome	4067386	C,T
Chromosome	4067764	C,T
Chromosome	4068468	C,A
Chromosome	4069598	T,C
Chromosome	4069621	G,A
Chromosome	4069637	C,A
Chromosome	4069797	C,T
Chromosome	4070103	G,A
Chromosome	4070302	C,A
Chromosome	4071303	G,A
Chromosome	4071606	G,T
Chromosome	4071660	G,A
Chromosome	4072313	T,G
Chromosome	4072805	C,A
Chromosome	4073875	T,G
Chromosome	4073918	G,A
Chromosome	4074482	C,T
Chromosome	4074512	G,A
Chromosome	4074596	G,A
Chromosome	4075626	C,T
Chromosome	4076538	T,C
Chromosome	4076546	G,A
Chromosome	4076615	A,C
Chromosome	4076869	A,G
Chromosome	4076955	G,A
Chromosome	4077177	G,A
Chromosome	4077239	T,C
Chromosome	4077725	C,T
Chromosome	4078348	G,A
Chromosome	4079803	A,G
Chromosome	4080434	C,T
Chromosome	4080525	C,T
Chromosome	4080979	A,G
Chromosome	4081987	G,C
Chromosome	4081996	G,C
Chromosome	4082119	C,T
Chromosome	4083360	T,G
Chromosome	4083395	C,T
Chromosome	4083511	C,T
Chromosome	4084010	G,A
Chromosome	4084085	G,A
Chromosome	4084405	G,A
Chromosome	4084599	G,T
Chromosome	4085200	G,C
Chromosome	4085376	G,A
Chromosome	4085887	C,T
Chromosome	4086604	G,A
Chromosome	4086697	G,T
Chromosome	4086748	C,G
Chromosome	4088164	C,T
Chromosome	4089058	T,C
Chromosome	4089875	C,A
Chromosome	4090238	C,T
Chromosome	4090418	C,T
Chromosome	4090667	G,A
Chromosome	4090810	G,A
Chromosome	4090890	G,T
Chromosome	4090980	T,C
Chromosome	4091256	G,A
Chromosome	4091342	C,T
Chromosome	4091484	G,A
Chromosome	4091562	T,G
Chromosome	4091590	C,A
Chromosome	4092674	C,T
Chromosome	4092749	G,A
Chromosome	4093719	G,A
Chromosome	4093770	G,A
Chromosome	4093779	G,A
Chromosome	4095295	T,C
Chromosome	4095320	G,A
Chromosome	4095404	G,A
Chromosome	4095728	C,G
Chromosome	4096171	A,G
Chromosome	4096190	G,A
Chromosome	4096498	C,A
Chromosome	4096636	C,T
Chromosome	4096875	G,A
Chromosome	4096967	T,G
Chromosome	4098824	G,A
Chromosome	4099304	G,T
Chromosome	4099806	C,A
Chromosome	4100209	T,C
Chromosome	4100775	A,C
Chromosome	4100914	C,T
Chromosome	4101841	G,A
Chromosome	4103168	T,A
Chromosome	4103315	T,G
Chromosome	4103911	C,A
Chromosome	4103949	G,A
Chromosome	4104251	G,A
Chromosome	4104626	A,C
Chromosome	4104976	A,G
Chromosome	4105338	G,A
Chromosome	4106075	C,T
Chromosome	4106154	C,T
Chromosome	4106563	G,A
Chromosome	4106679	T,C
Chromosome	4106754	G,T
Chromosome	4107074	T,C
Chromosome	4107973	G,A
Chromosome	4107977	G,A
Chromosome	4108043	C,T
Chromosome	4108708	A,G
Chromosome	4108886	G,A
Chromosome	4109312	G,A
Chromosome	4109342	G,A
Chromosome	4110626	C,T
Chromosome	4111038	T,A
Chromosome	4111073	T,G
Chromosome	4112211	C,T
Chromosome	4112429	T,C
Chromosome	4112441	A,G
Chromosome	4112595	G,A
Chromosome	4113001	A,G
Chromosome	4113005	C,T
Chromosome	4113022	T,G
Chromosome	4113054	C,T
Chromosome	4113833	C,T
Chromosome	4114749	C,A
Chromosome	4114819	G,C
Chromosome	4115001	G,C
Chromosome	4115029	G,A
Chromosome	4115804	C,A
Chromosome	4115890	G,C
Chromosome	4116615	G,A
Chromosome	4116758	C,T
Chromosome	4116773	T,C
Chromosome	4117009	G,A
Chromosome	4117307	G,A
Chromosome	4117564	G,A
Chromosome	4117692	C,G
Chromosome	4118179	G,A
Chromosome	4119114	C,G
Chromosome	4119636	G,A
Chromosome	4121388	G,A
Chromosome	4122687	G,A
Chromosome	4122786	G,A
Chromosome	4123325	C,T
Chromosome	4123454	C,G
Chromosome	4123724	G,A
Chromosome	4124667	T,C
Chromosome	4124983	C,T
Chromosome	4125311	C,T
Chromosome	4126087	T,G
Chromosome	4126530	G,A
Chromosome	4127389	G,A
Chromosome	4127714	A,C
Chromosome	4127837	T,G
Chromosome	4128254	G,A
Chromosome	4128879	A,G
Chromosome	4128947	A,G
Chromosome	4129181	T,C
Chromosome	4129506	C,A
Chromosome	4129914	C,G
Chromosome	4129917	C,A
Chromosome	4130200	A,G
Chromosome	4130638	C,A
Chromosome	4131023	G,A
Chromosome	4132949	C,T
Chromosome	4133356	G,C
Chromosome	4133907	G,A
Chromosome	4134149	C,G
Chromosome	4134401	G,A
Chromosome	4135112	G,A
Chromosome	4136561	A,G
Chromosome	4136746	G,A
Chromosome	4137103	G,A
Chromosome	4137136	G,A
Chromosome	4137190	T,C
Chromosome	4137618	T,C
Chromosome	4137657	G,A
Chromosome	4138019	G,A
Chromosome	4139115	T,C
Chromosome	4139131	C,T
Chromosome	4139246	G,A
Chromosome	4139670	C,T
Chromosome	4140008	G,A
Chromosome	4140125	G,A
Chromosome	4140319	G,A
Chromosome	4140498	A,C
Chromosome	4141036	G,T
Chromosome	4141104	C,G
Chromosome	4141126	C,T
Chromosome	4141505	G,C
Chromosome	4141516	G,T
Chromosome	4141864	C,A
Chromosome	4141953	G,A
Chromosome	4142010	C,T
Chromosome	4142178	C,A
Chromosome	4143502	T,G
Chromosome	4144371	T,C
Chromosome	4144971	T,G
Chromosome	4145696	A,G
Chromosome	4145770	C,A
Chromosome	4146082	C,T
Chromosome	4146129	G,T
Chromosome	4146314	G,T
Chromosome	4146926	C,T
Chromosome	4147462	T,C
Chromosome	4147496	C,T
Chromosome	4148162	C,A
Chromosome	4148174	C,T
Chromosome	4148377	C,T
Chromosome	4148381	C,T
Chromosome	4148402	C,A
Chromosome	4148529	T,G
Chromosome	4148801	C,A
Chromosome	4148809	C,T
Chromosome	4149073	G,T
Chromosome	4149144	G,T
Chromosome	4149488	A,C
Chromosome	4150036	G,T
Chromosome	4150819	G,A
Chromosome	4151717	C,T
Chromosome	4153422	C,A
Chromosome	4153687	C,T
Chromosome	4154011	G,T
Chromosome	4154051	G,A
Chromosome	4154271	C,T
Chromosome	4154816	G,A
Chromosome	4154820	C,T
Chromosome	4155051	G,A
Chromosome	4155179	G,A
Chromosome	4155266	C,G
Chromosome	4155283	C,G
Chromosome	4155799	C,A
Chromosome	4155903	G,T
Chromosome	4156421	G,A
Chromosome	4156659	G,A
Chromosome	4156766	T,C
Chromosome	4157259	G,A
Chromosome	4157578	G,A
Chromosome	4157590	G,C
Chromosome	4158493	C,T
Chromosome	4159405	G,T
Chromosome	4160371	C,A
Chromosome	4161092	G,A
Chromosome	4161737	C,G
Chromosome	4161854	C,A
Chromosome	4162265	C,A
Chromosome	4162297	C,T
Chromosome	4162310	A,C
Chromosome	4162382	G,A
Chromosome	4162510	C,T
Chromosome	4163558	G,C
Chromosome	4163703	G,A
Chromosome	4163880	G,A
Chromosome	4163944	A,G
Chromosome	4164080	G,A
Chromosome	4164866	G,A
Chromosome	4165205	C,T
Chromosome	4165481	G,C
Chromosome	4166096	G,A
Chromosome	4167189	G,A
Chromosome	4167369	A,C
Chromosome	4167642	G,T
Chromosome	4167656	A,G
Chromosome	4167830	C,T
Chromosome	4168170	G,A
Chromosome	4168771	C,T
Chromosome	4169161	C,G
Chromosome	4169439	A,C
Chromosome	4170404	G,A
Chromosome	4170570	T,C
Chromosome	4170662	C,G
Chromosome	4170934	C,A
Chromosome	4170990	G,A
Chromosome	4171113	T,C
Chromosome	4171302	C,T
Chromosome	4171454	G,A
Chromosome	4172322	G,A
Chromosome	4172997	G,C
Chromosome	4173568	T,C
Chromosome	4174253	C,T
Chromosome	4174350	C,T
Chromosome	4174876	C,A
Chromosome	4175637	G,C
Chromosome	4175644	C,A
Chromosome	4176559	G,A
Chromosome	4176694	G,A
Chromosome	4176813	C,A
Chromosome	4176914	G,T
Chromosome	4177882	C,A
Chromosome	4178700	C,G
Chromosome	4178780	C,A
Chromosome	4179201	G,A
Chromosome	4179655	A,C
Chromosome	4180348	C,A
Chromosome	4180839	G,C
Chromosome	4180840	G,A
Chromosome	4180854	G,C
Chromosome	4180897	G,A
Chromosome	4180969	A,T
Chromosome	4181569	G,A
Chromosome	4181763	G,A
Chromosome	4181975	G,A
Chromosome	4182387	G,C
Chromosome	4183288	G,A
Chromosome	4183402	C,A
Chromosome	4183413	G,C
Chromosome	4183664	C,G
Chromosome	4185055	G,A
Chromosome	4186050	G,T
Chromosome	4186678	G,A
Chromosome	4186864	C,T
Chromosome	4187063	G,A
Chromosome	4187523	A,G
Chromosome	4188020	A,G
Chromosome	4188706	G,T
Chromosome	4188742	C,A
Chromosome	4188978	A,C
Chromosome	4189090	G,A
Chromosome	4189191	G,T
Chromosome	4190465	A,C
Chromosome	4190589	C,T
Chromosome	4190596	A,C
Chromosome	4190893	C,T
Chromosome	4191147	G,A
Chromosome	4191174	G,A
Chromosome	4191287	T,G
Chromosome	4191573	G,T
Chromosome	4192341	G,A
Chromosome	4192588	G,A
Chromosome	4192797	T,C
Chromosome	4192846	C,G
Chromosome	4192885	C,A
Chromosome	4193069	G,A
Chromosome	4193641	A,G
Chromosome	4194664	A,G
Chromosome	4194961	A,G
Chromosome	4195022	C,T
Chromosome	4195390	A,T
Chromosome	4195799	C,A
Chromosome	4196406	G,A
Chromosome	4197017	C,A
Chromosome	4198576	G,A
Chromosome	4199075	G,A
Chromosome	4199292	G,A
Chromosome	4199677	G,C
Chromosome	4199739	G,T
Chromosome	4200343	C,A
Chromosome	4200580	C,T
Chromosome	4200686	C,T
Chromosome	4200868	A,C
Chromosome	4200993	T,G
Chromosome	4201105	G,A
Chromosome	4201352	G,A
Chromosome	4201535	C,T
Chromosome	4201724	C,T
Chromosome	4203242	G,A
Chromosome	4203297	C,A
Chromosome	4204423	T,C
Chromosome	4204441	A,G
Chromosome	4204696	G,A
Chromosome	4204828	G,A
Chromosome	4204847	G,A
Chromosome	4205160	C,A
Chromosome	4205237	C,T
Chromosome	4205325	A,G
Chromosome	4205523	C,G
Chromosome	4205750	C,T
Chromosome	4206203	G,C
Chromosome	4207337	C,T
Chromosome	4207338	G,A
Chromosome	4207406	T,G
Chromosome	4207844	A,G
Chromosome	4208009	T,G
Chromosome	4208142	G,A
Chromosome	4208331	C,A
Chromosome	4208487	G,A
Chromosome	4208513	T,C
Chromosome	4208958	G,T
Chromosome	4209649	C,T
Chromosome	4209810	C,T
Chromosome	4209894	G,T
Chromosome	4210117	C,T
Chromosome	4210274	A,G
Chromosome	4210592	G,A
Chromosome	4210720	G,A
Chromosome	4212165	A,G
Chromosome	4212196	A,T
Chromosome	4212374	A,G
Chromosome	4212656	T,C
Chromosome	4212840	T,C
Chromosome	4212976	G,A
Chromosome	4213146	C,G
Chromosome	4213412	G,C
Chromosome	4213472	T,C
Chromosome	4213478	G,A
Chromosome	4213979	A,C
Chromosome	4214195	C,T
Chromosome	4214206	G,C
Chromosome	4214231	G,A
Chromosome	4214507	C,A
Chromosome	4214751	C,A
Chromosome	4214841	G,A
Chromosome	4215426	G,A
Chromosome	4215433	C,T
Chromosome	4215484	G,C
Chromosome	4215793	A,C
Chromosome	4216210	G,A
Chromosome	4216783	A,C
Chromosome	4218499	G,A
Chromosome	4218595	G,A
Chromosome	4218791	G,T
Chromosome	4218798	C,T
Chromosome	4218940	G,T
Chromosome	4219219	G,A
Chromosome	4219700	G,A
Chromosome	4220174	G,A
Chromosome	4220427	C,T
Chromosome	4221111	A,G
Chromosome	4221357	C,T
Chromosome	4222131	C,T
Chromosome	4222343	G,A
Chromosome	4224185	A,G
Chromosome	4224756	G,A
Chromosome	4225225	C,G
Chromosome	4225647	G,A
Chromosome	4226275	C,T
Chromosome	4227348	C,T
Chromosome	4228101	C,T
Chromosome	4229087	C,T
Chromosome	4229224	G,T
Chromosome	4229470	T,C
Chromosome	4230033	T,C
Chromosome	4230965	G,T
Chromosome	4231150	G,A
Chromosome	4231674	G,A
Chromosome	4232049	G,C
Chromosome	4232273	G,A
Chromosome	4232555	T,C
Chromosome	4232863	G,C
Chromosome	4233022	C,T
Chromosome	4233061	C,A
Chromosome	4233217	A,G
Chromosome	4233767	G,C
Chromosome	4234805	G,A
Chromosome	4235022	C,A
Chromosome	4235277	C,G
Chromosome	4235425	T,G
Chromosome	4235509	C,T
Chromosome	4236844	G,A
Chromosome	4236891	C,A
Chromosome	4236903	G,A
Chromosome	4237383	C,A
Chromosome	4237467	C,G
Chromosome	4238120	G,A
Chromosome	4238343	C,A
Chromosome	4238588	G,A
Chromosome	4238675	C,T
Chromosome	4238778	G,A
Chromosome	4238963	C,T
Chromosome	4239220	T,C
Chromosome	4239274	C,G
Chromosome	4239298	C,T
Chromosome	4239843	A,C
Chromosome	4240153	G,A
Chromosome	4240750	C,T
Chromosome	4240897	C,G
Chromosome	4241042	A,G
Chromosome	4241489	G,A
Chromosome	4241843	C,A
Chromosome	4241975	C,G
Chromosome	4242075	G,A
Chromosome	4242185	G,A
Chromosome	4243580	G,A
Chromosome	4243833	G,A
Chromosome	4243848	G,A
Chromosome	4244154	A,G
Chromosome	4244379	C,T
Chromosome	4244420	G,C
Chromosome	4245055	C,A
Chromosome	4245147	C,T
Chromosome	4245969	C,T
Chromosome	4246930	G,C
Chromosome	4247173	G,A
Chromosome	4247252	T,G
Chromosome	4247791	C,T
Chromosome	4248022	G,C
Chromosome	4248073	C,T
Chromosome	4248127	G,A
Chromosome	4249012	G,A
Chromosome	4249732	C,G
Chromosome	4250072	C,T
Chromosome	4250245	C,T
Chromosome	4250812	C,G
Chromosome	4250836	C,T
Chromosome	4250966	G,A
Chromosome	4251087	G,A
Chromosome	4251173	G,A
Chromosome	4251297	G,C
Chromosome	4251542	C,T
Chromosome	4251796	G,A
Chromosome	4251810	G,A
Chromosome	4251932	C,A
Chromosome	4252146	G,A
Chromosome	4252479	C,T
Chromosome	4254431	G,A
Chromosome	4254739	T,C
Chromosome	4255081	G,A
Chromosome	4256758	G,C
Chromosome	4257849	G,A
Chromosome	4258023	G,A
Chromosome	4258550	T,G
Chromosome	4259198	C,T
Chromosome	4260060	C,T
Chromosome	4260268	G,C
Chromosome	4260742	G,A
Chromosome	4260939	C,T
Chromosome	4261097	T,C
Chromosome	4261415	T,C
Chromosome	4261461	T,C
Chromosome	4262222	C,G
Chromosome	4262256	T,C
Chromosome	4262344	A,C
Chromosome	4262494	C,T
Chromosome	4262608	G,A
Chromosome	4262638	G,A
Chromosome	4263527	G,A
Chromosome	4264825	C,G
Chromosome	4265593	G,T
Chromosome	4265726	G,C
Chromosome	4266036	C,G
Chromosome	4266174	C,G
Chromosome	4266226	T,C
Chromosome	4266344	G,A
Chromosome	4266440	A,G
Chromosome	4266668	C,T
Chromosome	4266937	C,T
Chromosome	4267647	T,C
Chromosome	4267649	A,G
Chromosome	4268186	G,A
Chromosome	4268573	C,T
Chromosome	4269540	G,A
Chromosome	4270363	C,T
Chromosome	4270835	T,C
Chromosome	4271348	G,A
Chromosome	4271498	A,G
Chromosome	4272216	C,T
Chromosome	4272795	G,A
Chromosome	4273172	A,G
Chromosome	4273842	A,C
Chromosome	4274872	G,A
Chromosome	4275241	C,A
Chromosome	4275985	G,C
Chromosome	4276306	C,T
Chromosome	4276818	G,A
Chromosome	4277032	G,C
Chromosome	4277450	G,A
Chromosome	4277638	C,T
Chromosome	4277669	T,C
Chromosome	4277703	C,T
Chromosome	4279000	G,A
Chromosome	4279126	G,T
Chromosome	4280072	C,A
Chromosome	4280441	C,A
Chromosome	4280708	G,A
Chromosome	4281191	G,A
Chromosome	4281236	G,A
Chromosome	4281272	G,A
Chromosome	4281756	G,A
Chromosome	4281911	T,A
Chromosome	4281925	T,C
Chromosome	4281944	G,A
Chromosome	4282178	G,C
Chromosome	4282940	G,A
Chromosome	4283016	G,C
Chromosome	4283644	T,C
Chromosome	4284201	A,G
Chromosome	4284249	G,C
Chromosome	4284514	C,A
Chromosome	4284570	A,C
Chromosome	4285162	C,T
Chromosome	4285296	A,G
Chromosome	4285318	C,T
Chromosome	4286156	T,C
Chromosome	4286288	G,A
Chromosome	4286621	G,C
Chromosome	4286885	C,T
Chromosome	4287178	C,T
Chromosome	4287195	A,G
Chromosome	4287466	C,T
Chromosome	4288075	C,T
Chromosome	4288212	C,T
Chromosome	4288488	G,A
Chromosome	4289216	C,T
Chromosome	4290135	C,T
Chromosome	4290331	T,A
Chromosome	4291142	C,A
Chromosome	4291449	A,C
Chromosome	4291618	A,G
Chromosome	4291773	C,G
Chromosome	4291938	T,G
Chromosome	4292006	T,G
Chromosome	4292305	C,T
Chromosome	4292317	G,A
Chromosome	4292719	G,A
Chromosome	4292941	G,A
Chromosome	4293133	C,G
Chromosome	4293934	T,C
Chromosome	4294257	T,C
Chromosome	4294328	G,A
Chromosome	4294842	C,G
Chromosome	4295031	C,T
Chromosome	4295427	C,G
Chromosome	4295766	G,A
Chromosome	4296296	G,C
Chromosome	4296381	G,T
Chromosome	4297109	C,T
Chromosome	4297210	A,G
Chromosome	4297793	T,C
Chromosome	4298106	C,A
Chromosome	4298896	G,A
Chromosome	4299175	G,C
Chromosome	4299514	C,T
Chromosome	4299524	C,T
Chromosome	4299871	C,T
Chromosome	4300500	G,T
Chromosome	4300501	T,C
Chromosome	4301075	G,C
Chromosome	4301870	T,C
Chromosome	4301972	C,T
Chromosome	4302036	T,C
Chromosome	4302518	C,T
Chromosome	4303407	A,C
Chromosome	4303515	C,T
Chromosome	4303675	A,G
Chromosome	4303791	C,A
Chromosome	4304045	C,T
Chromosome	4304136	G,A
Chromosome	4304150	T,C
Chromosome	4304920	G,T
Chromosome	4305071	G,T
Chromosome	4305243	G,A
Chromosome	4305522	G,A
Chromosome	4306059	C,T
Chromosome	4306327	C,T
Chromosome	4306758	T,A
Chromosome	4306767	G,A
Chromosome	4306822	A,G
Chromosome	4306896	C,T
Chromosome	4306984	G,A
Chromosome	4307021	C,T
Chromosome	4307344	C,G
Chromosome	4307640	C,T
Chromosome	4307886	G,A
Chromosome	4308395	G,A
Chromosome	4308411	T,G
Chromosome	4308991	G,A
Chromosome	4309281	A,T
Chromosome	4309617	G,T
Chromosome	4310449	G,A
Chromosome	4310522	C,G
Chromosome	4310807	G,A
Chromosome	4310937	A,G
Chromosome	4311076	T,G
Chromosome	4311329	G,A
Chromosome	4311384	C,T
Chromosome	4311664	C,T
Chromosome	4311950	T,C
Chromosome	4312057	C,T
Chromosome	4312105	G,A
Chromosome	4312983	G,A
Chromosome	4313062	G,A
Chromosome	4313128	C,T
Chromosome	4313202	C,T
Chromosome	4313577	G,A
Chromosome	4314020	C,A
Chromosome	4314216	G,A
Chromosome	4314614	C,T
Chromosome	4314843	G,A
Chromosome	4314848	C,T
Chromosome	4314927	C,T
Chromosome	4315064	A,G
Chromosome	4315384	T,C
Chromosome	4315495	G,A
Chromosome	4315691	C,T
Chromosome	4315767	G,A
Chromosome	4315859	C,T
Chromosome	4316091	A,C
Chromosome	4316114	G,A
Chromosome	4316218	G,A
Chromosome	4316931	G,T
Chromosome	4319352	T,C
Chromosome	4319828	G,A
Chromosome	4319985	G,C
Chromosome	4320426	C,T
Chromosome	4321126	G,A
Chromosome	4321515	C,A
Chromosome	4321897	G,T
Chromosome	4321976	G,A
Chromosome	4322905	G,A
Chromosome	4323302	T,C
Chromosome	4323367	G,A
Chromosome	4323936	G,A
Chromosome	4324042	C,T
Chromosome	4324627	G,A
Chromosome	4324633	A,G
Chromosome	4325923	G,A
Chromosome	4326264	G,A
Chromosome	4326465	T,C
Chromosome	4326739	G,C
Chromosome	4327042	G,A
Chromosome	4327044	C,T
Chromosome	4327103	C,T
Chromosome	4327360	C,G
Chromosome	4328004	G,A
Chromosome	4328329	G,C
Chromosome	4328371	G,A
Chromosome	4328492	G,A
Chromosome	4328644	A,G
Chromosome	4329782	G,A
Chromosome	4329983	A,C
Chromosome	4330110	C,A
Chromosome	4330262	T,G
Chromosome	4330376	G,T
Chromosome	4330870	C,A
Chromosome	4331184	G,A
Chromosome	4331585	G,A
Chromosome	4332755	C,T
Chromosome	4333011	G,A
Chromosome	4333325	A,G
Chromosome	4333831	A,G
Chromosome	4334678	C,T
Chromosome	4335235	G,T
Chromosome	4335306	T,G
Chromosome	4336495	T,G
Chromosome	4336740	C,G
Chromosome	4336774	C,T
Chromosome	4337005	A,C
Chromosome	4337622	G,A
Chromosome	4337926	G,A
Chromosome	4337951	C,T
Chromosome	4338269	C,T
Chromosome	4339116	A,G
Chromosome	4339610	G,A
Chromosome	4339927	C,T
Chromosome	4340006	A,C
Chromosome	4340232	A,C
Chromosome	4340312	A,G
Chromosome	4340330	T,G
Chromosome	4341354	A,G
Chromosome	4341508	C,T
Chromosome	4341639	A,G
Chromosome	4342484	T,C
Chromosome	4343048	G,C
Chromosome	4343706	C,T
Chromosome	4344058	T,C
Chromosome	4344210	T,G
Chromosome	4345000	G,A
Chromosome	4345420	G,T
Chromosome	4345660	C,T
Chromosome	4345666	G,A
Chromosome	4345707	C,T
Chromosome	4345788	G,A
Chromosome	4346164	A,G
Chromosome	4346208	C,T
Chromosome	4346294	G,C
Chromosome	4347219	G,A
Chromosome	4348079	C,T
Chromosome	4348649	A,C
Chromosome	4349129	C,T
Chromosome	4349688	C,T
Chromosome	4349717	T,C
Chromosome	4350446	G,C
Chromosome	4350639	A,G
Chromosome	4350657	G,A
Chromosome	4351460	C,A
Chromosome	4351759	G,C
Chromosome	4351903	C,T
Chromosome	4352439	G,T
Chromosome	4352475	G,A
Chromosome	4352767	T,C
Chromosome	4353557	C,T
Chromosome	4353970	G,T
Chromosome	4353991	G,A
Chromosome	4354013	G,A
Chromosome	4354256	C,T
Chromosome	4354669	T,C
Chromosome	4354860	A,G
Chromosome	4355124	G,A
Chromosome	4355141	A,C
Chromosome	4355145	T,A
Chromosome	4355184	G,A
Chromosome	4355438	T,C
Chromosome	4355622	G,T
Chromosome	4355834	C,A
Chromosome	4356110	G,C
Chromosome	4356371	G,C
Chromosome	4356477	G,A
Chromosome	4356690	G,A
Chromosome	4356760	T,C
Chromosome	4356840	A,G
Chromosome	4356857	T,G
Chromosome	4357123	C,A
Chromosome	4357503	A,G
Chromosome	4357588	C,T
Chromosome	4357657	G,A
Chromosome	4357773	G,A
Chromosome	4357946	C,T
Chromosome	4357949	T,C
Chromosome	4358866	G,A
Chromosome	4359817	C,T
Chromosome	4360172	G,T
Chromosome	4360524	G,C
Chromosome	4360638	G,C
Chromosome	4360964	A,G
Chromosome	4360988	G,A
Chromosome	4361089	G,A
Chromosome	4361141	G,A
Chromosome	4361222	A,G
Chromosome	4361250	A,G
Chromosome	4361538	A,G
Chromosome	4362120	A,G
Chromosome	4362209	G,A
Chromosome	4362295	A,G
Chromosome	4362568	T,G
Chromosome	4363069	T,C
Chromosome	4363544	A,C
Chromosome	4363838	A,G
Chromosome	4364324	T,C
Chromosome	4364649	T,C
Chromosome	4364826	G,C
Chromosome	4365461	G,A
Chromosome	4365743	T,G
Chromosome	4365783	G,A
Chromosome	4365852	C,G
Chromosome	4366173	G,A
Chromosome	4366945	A,G
Chromosome	4367150	T,G
Chromosome	4367585	T,C
Chromosome	4367747	T,C
Chromosome	4367911	A,G
Chromosome	4368059	T,C
Chromosome	4368175	A,G
Chromosome	4368292	G,C
Chromosome	4368326	G,A
Chromosome	4369381	C,T
Chromosome	4369848	G,A
Chromosome	4370038	G,T
Chromosome	4370399	A,G
Chromosome	4370519	G,A
Chromosome	4370531	G,A
Chromosome	4370595	C,T
Chromosome	4371384	A,G
Chromosome	4371623	T,G
Chromosome	4371708	A,G
Chromosome	4371926	G,A
Chromosome	4372201	G,A
Chromosome	4373475	C,G
Chromosome	4373913	G,T
Chromosome	4373925	T,C
Chromosome	4374139	G,A
Chromosome	4374712	C,G
Chromosome	4374913	T,C
Chromosome	4375066	C,T
Chromosome	4375245	C,T
Chromosome	4375480	C,T
Chromosome	4375547	A,G
Chromosome	4375757	C,T
Chromosome	4376098	G,A
Chromosome	4376445	G,A
Chromosome	4376549	C,G
Chromosome	4376670	G,T
Chromosome	4376781	C,T
Chromosome	4377344	T,C
Chromosome	4377913	T,C
Chromosome	4378320	C,T
Chromosome	4380236	T,G
Chromosome	4380472	G,A
Chromosome	4380481	A,C
Chromosome	4380816	G,A
Chromosome	4381517	C,G
Chromosome	4381644	G,A
Chromosome	4382104	A,G
Chromosome	4382303	C,T
Chromosome	4382534	T,C
Chromosome	4383246	C,G
Chromosome	4383513	A,C
Chromosome	4383945	C,T
Chromosome	4384189	G,C
Chromosome	4384280	G,A
Chromosome	4384325	G,C
Chromosome	4384417	C,T
Chromosome	4384598	T,C
Chromosome	4384820	G,A
Chromosome	4384943	G,A
Chromosome	4385099	G,A
Chromosome	4385360	G,A
Chromosome	4385439	G,A
Chromosome	4385530	G,C
Chromosome	4385709	C,G
Chromosome	4386625	C,T
Chromosome	4386709	C,T
Chromosome	4386746	T,C
Chromosome	4387392	G,A
Chromosome	4387423	G,A
Chromosome	4387525	G,T
Chromosome	4388153	G,A
Chromosome	4388179	C,T
Chromosome	4388296	G,A
Chromosome	4388359	G,A
Chromosome	4388730	T,C
Chromosome	4389017	G,A
Chromosome	4389202	C,T
Chromosome	4389812	G,A
Chromosome	4390240	G,A
Chromosome	4390287	C,T
Chromosome	4390380	A,G
Chromosome	4390391	C,G
Chromosome	4390753	C,G
Chromosome	4390894	C,A
Chromosome	4390952	T,C
Chromosome	4391076	C,G
Chromosome	4391382	G,A
Chromosome	4391579	C,G
Chromosome	4391663	G,A
Chromosome	4391753	C,T
Chromosome	4392074	G,T
Chromosome	4392120	G,A
Chromosome	4392294	G,A
Chromosome	4392342	C,T
Chromosome	4393381	G,T
Chromosome	4394539	G,C
Chromosome	4394744	G,C
Chromosome	4395083	G,C
Chromosome	4395422	G,A
Chromosome	4395851	G,A
Chromosome	4396495	C,A
Chromosome	4397619	G,C
Chromosome	4397878	C,G
Chromosome	4398102	G,A
Chromosome	4398122	A,C
Chromosome	4398204	C,T
Chromosome	4398223	C,T
Chromosome	4398270	G,C
Chromosome	4398557	G,A
Chromosome	4398732	G,A
Chromosome	4398765	G,A
Chromosome	4399047	G,C
Chromosome	4399137	G,A
Chromosome	4399422	G,A
Chromosome	4399888	A,G
Chromosome	4400109	T,C
Chromosome	4400239	G,A
Chromosome	4400626	C,A
Chromosome	4401400	A,G
Chromosome	4401755	G,A
Chromosome	4402048	C,T
Chromosome	4402376	G,A
Chromosome	4402705	T,C
Chromosome	4402895	C,G
Chromosome	4402976	C,T
Chromosome	4403200	T,C
Chromosome	4403900	A,G
Chromosome	4404247	G,A
Chromosome	4404313	G,A
Chromosome	4404440	G,A
Chromosome	4404561	G,A
Chromosome	4404829	G,T
Chromosome	4405105	T,C
Chromosome	4405186	G,A
Chromosome	4405417	G,A
Chromosome	4405700	G,C
Chromosome	4406116	C,A
Chromosome	4406397	G,A
Chromosome	4406599	G,A
Chromosome	4406749	G,A
Chromosome	4407292	C,T
Chromosome	4407588	T,C
Chromosome	4408040	T,C
Chromosome	4408457	T,C
Chromosome	4408547	G,A
Chromosome	4408985	T,C
Chromosome	4409519	G,A
Chromosome	4409593	G,A
Chromosome	4409725	C,T
Chromosome	4409754	T,C
Chromosome	4409775	G,A
Chromosome	4410091	G,A
Chromosome	4410229	G,T
Chromosome	4410386	G,T
Chromosome	4410891	C,T
Chromosome	4410974	C,T
Chromosome	4411475	G,A
